2026-07-29 00:11:17,017 - INFO - Starting download for National Spain
2026-07-29 00:20:50,087 - INFO - Starting download for Andalucía
2026-07-29 00:22:27,202 - INFO - Starting download for National Spain
2026-07-29 13:11:45,012 - INFO - Starting download for National Spain
2026-07-29 13:13:01,927 - ERROR - Failed to fetch https://apidatos.ree.es/en/datos/demanda/evolucion?start_date=2015-01-01T00:00&end_date=2015-12-31T23:59&time_trunc=day: <urlopen error [Errno 11001] getaddrinfo failed>
2026-07-29 13:15:51,525 - ERROR - Error fetching regions dynamically: <urlopen error [Errno 11001] getaddrinfo failed>
2026-07-29 13:15:51,532 - WARNING - Falling back to known CCAA mapping due to parsing error.
2026-07-29 13:15:51,532 - INFO - Starting download for National Spain
2026-07-29 13:17:39,017 - INFO - Starting download for Andalucía
2026-07-29 13:17:39,134 - INFO - Starting download for Andalucía
2026-07-29 13:19:51,221 - ERROR - Failed to fetch https://apidatos.ree.es/en/datos/demanda/evolucion?start_date=2018-01-01T00:00&end_date=2018-12-31T23:59&geo_limit=ccaa&geo_ids=4&time_trunc=day: <urlopen error _ssl.c:1011: The handshake operation timed out>
2026-07-29 13:20:30,096 - ERROR - Failed to fetch https://apidatos.ree.es/en/datos/demanda/evolucion?start_date=2019-01-01T00:00&end_date=2019-12-31T23:59&geo_limit=ccaa&geo_ids=4&time_trunc=hour: <urlopen error [Errno 11001] getaddrinfo failed>
2026-07-29 13:20:30,096 - ERROR - Failed to fetch https://apidatos.ree.es/en/datos/demanda/evolucion?start_date=2019-01-01T00:00&end_date=2019-12-31T23:59&geo_limit=ccaa&geo_ids=4&time_trunc=hour: <urlopen error [Errno 11001] getaddrinfo failed>
2026-07-29 13:20:45,107 - ERROR - Failed to fetch https://apidatos.ree.es/en/datos/demanda/evolucion?start_date=2019-01-01T00:00&end_date=2019-12-31T23:59&geo_limit=ccaa&geo_ids=4&time_trunc=day: <urlopen error [Errno 11001] getaddrinfo failed>
2026-07-29 13:20:45,107 - ERROR - Failed to fetch https://apidatos.ree.es/en/datos/demanda/evolucion?start_date=2019-01-01T00:00&end_date=2019-12-31T23:59&geo_limit=ccaa&geo_ids=4&time_trunc=day: <urlopen error [Errno 11001] getaddrinfo failed>
2026-07-29 13:21:01,123 - ERROR - Failed to fetch https://apidatos.ree.es/en/datos/demanda/evolucion?start_date=2020-01-01T00:00&end_date=2020-12-31T23:59&geo_limit=ccaa&geo_ids=4&time_trunc=hour: <urlopen error [Errno 11001] getaddrinfo failed>
2026-07-29 13:21:01,123 - ERROR - Failed to fetch https://apidatos.ree.es/en/datos/demanda/evolucion?start_date=2020-01-01T00:00&end_date=2020-12-31T23:59&geo_limit=ccaa&geo_ids=4&time_trunc=hour: <urlopen error [Errno 11001] getaddrinfo failed>
2026-07-29 13:21:16,129 - ERROR - Failed to fetch https://apidatos.ree.es/en/datos/demanda/evolucion?start_date=2020-01-01T00:00&end_date=2020-12-31T23:59&geo_limit=ccaa&geo_ids=4&time_trunc=day: <urlopen error [Errno 11001] getaddrinfo failed>
2026-07-29 13:21:32,136 - ERROR - Failed to fetch https://apidatos.ree.es/en/datos/demanda/evolucion?start_date=2021-01-01T00:00&end_date=2021-12-31T23:59&geo_limit=ccaa&geo_ids=4&time_trunc=hour: <urlopen error [Errno 11001] getaddrinfo failed>
2026-07-29 13:21:32,136 - ERROR - Failed to fetch https://apidatos.ree.es/en/datos/demanda/evolucion?start_date=2021-01-01T00:00&end_date=2021-12-31T23:59&geo_limit=ccaa&geo_ids=4&time_trunc=hour: <urlopen error [Errno 11001] getaddrinfo failed>
2026-07-29 13:21:47,142 - ERROR - Failed to fetch https://apidatos.ree.es/en/datos/demanda/evolucion?start_date=2021-01-01T00:00&end_date=2021-12-31T23:59&geo_limit=ccaa&geo_ids=4&time_trunc=day: <urlopen error [Errno 11001] getaddrinfo failed>
2026-07-29 13:22:03,149 - ERROR - Failed to fetch https://apidatos.ree.es/en/datos/demanda/evolucion?start_date=2022-01-01T00:00&end_date=2022-12-31T23:59&geo_limit=ccaa&geo_ids=4&time_trunc=hour: <urlopen error [Errno 11001] getaddrinfo failed>
2026-07-29 13:22:03,149 - ERROR - Failed to fetch https://apidatos.ree.es/en/datos/demanda/evolucion?start_date=2022-01-01T00:00&end_date=2022-12-31T23:59&geo_limit=ccaa&geo_ids=4&time_trunc=hour: <urlopen error [Errno 11001] getaddrinfo failed>
2026-07-29 18:02:24,994 - INFO - Starting download for National Spain
2026-07-29 18:06:12,123 - INFO - Starting download for Andalucía
2026-07-29 18:07:32,274 - INFO - Starting download for Aragón
2026-07-29 18:08:48,159 - INFO - Starting download for Cantabria
2026-07-29 18:10:04,865 - INFO - Starting download for Castilla la Mancha
2026-07-29 18:11:23,685 - INFO - Starting download for Castilla y León
2026-07-29 18:12:41,636 - INFO - Starting download for Cataluña
2026-07-29 18:13:58,002 - INFO - Starting download for País Vasco
2026-07-29 18:15:17,190 - INFO - Starting download for Principado de Asturias
2026-07-29 18:16:33,066 - INFO - Starting download for Comunidad de Ceuta
2026-07-29 18:18:00,563 - INFO - Starting download for Comunidad de Melilla
2026-07-29 18:19:47,677 - INFO - Starting download for Comunidad de Madrid
2026-07-29 18:21:23,995 - INFO - Starting download for Comunidad de Navarra
2026-07-29 18:22:58,007 - INFO - Starting download for Comunidad Valenciana
2026-07-29 18:24:14,907 - INFO - Starting download for Extremadura
2026-07-29 18:25:31,707 - INFO - Starting download for Galicia
2026-07-29 18:26:48,682 - INFO - Starting download for Islas Baleares
2026-07-29 18:28:24,123 - INFO - Starting download for Islas Canarias
2026-07-29 18:29:57,975 - INFO - Starting download for La Rioja
2026-07-29 18:31:33,086 - INFO - Starting download for Región de Murcia
2026-08-24 18:35:08,297 - INFO - --- Processing National Spain ---
2026-08-24 18:35:12,622 - INFO - [National Spain] Downloaded 31 records for 2015-01
2026-08-24 18:35:17,717 - INFO - [National Spain] Downloaded 28 records for 2015-02
2026-08-24 18:35:22,112 - INFO - [National Spain] Downloaded 31 records for 2015-03
2026-08-24 18:35:27,638 - INFO - [National Spain] Downloaded 30 records for 2015-04
2026-08-24 18:35:32,719 - INFO - [National Spain] Downloaded 31 records for 2015-05
2026-08-24 18:35:38,098 - INFO - [National Spain] Downloaded 30 records for 2015-06
2026-08-24 18:35:44,799 - INFO - [National Spain] Downloaded 31 records for 2015-07
2026-08-24 18:35:48,939 - INFO - [National Spain] Downloaded 31 records for 2015-08
2026-08-24 18:35:53,945 - INFO - [National Spain] Downloaded 30 records for 2015-09
2026-08-24 18:35:59,077 - INFO - [National Spain] Downloaded 31 records for 2015-10
2026-08-24 18:36:03,938 - INFO - [National Spain] Downloaded 30 records for 2015-11
2026-08-24 18:36:10,044 - INFO - [National Spain] Downloaded 31 records for 2015-12
2026-08-24 18:36:14,541 - INFO - [National Spain] Downloaded 31 records for 2016-01
2026-08-24 18:36:20,473 - INFO - [National Spain] Downloaded 29 records for 2016-02
2026-08-24 18:36:24,365 - INFO - [National Spain] Downloaded 31 records for 2016-03
2026-08-24 18:36:28,979 - INFO - [National Spain] Downloaded 30 records for 2016-04
2026-08-24 18:36:33,277 - INFO - [National Spain] Downloaded 31 records for 2016-05
2026-08-24 18:36:37,923 - INFO - [National Spain] Downloaded 30 records for 2016-06
2026-08-24 18:36:42,187 - INFO - [National Spain] Downloaded 31 records for 2016-07
2026-08-26 00:41:39,576 - INFO - --- Processing National Spain ---
2026-08-26 00:41:43,434 - INFO - [National Spain] Downloaded 31 records for 2015-01
2026-08-26 00:41:47,045 - INFO - [National Spain] Downloaded 28 records for 2015-02
2026-08-26 00:41:50,870 - INFO - [National Spain] Downloaded 31 records for 2015-03
2026-08-26 00:41:54,725 - INFO - [National Spain] Downloaded 30 records for 2015-04
2026-08-26 00:41:58,512 - INFO - [National Spain] Downloaded 31 records for 2015-05
2026-08-26 00:42:02,305 - INFO - [National Spain] Downloaded 30 records for 2015-06
2026-08-26 00:42:06,049 - INFO - [National Spain] Downloaded 31 records for 2015-07
2026-08-26 00:42:09,882 - INFO - [National Spain] Downloaded 31 records for 2015-08
2026-08-26 00:42:13,727 - INFO - [National Spain] Downloaded 30 records for 2015-09
2026-08-26 00:42:18,263 - INFO - [National Spain] Downloaded 31 records for 2015-10
2026-08-26 00:42:22,063 - INFO - [National Spain] Downloaded 30 records for 2015-11
2026-08-26 00:42:26,265 - INFO - [National Spain] Downloaded 31 records for 2015-12
2026-08-26 00:42:30,153 - INFO - [National Spain] Downloaded 31 records for 2016-01
2026-08-26 00:42:34,048 - INFO - [National Spain] Downloaded 29 records for 2016-02
2026-08-26 00:42:37,938 - INFO - [National Spain] Downloaded 31 records for 2016-03
2026-08-26 00:42:41,625 - INFO - [National Spain] Downloaded 30 records for 2016-04
2026-08-26 00:42:45,621 - INFO - [National Spain] Downloaded 31 records for 2016-05
2026-08-26 00:42:49,198 - INFO - [National Spain] Downloaded 30 records for 2016-06
2026-08-26 00:42:52,990 - INFO - [National Spain] Downloaded 31 records for 2016-07
2026-08-26 00:42:56,780 - INFO - [National Spain] Downloaded 31 records for 2016-08
2026-08-26 00:43:00,568 - INFO - [National Spain] Downloaded 30 records for 2016-09
2026-08-26 00:43:04,463 - INFO - [National Spain] Downloaded 31 records for 2016-10
2026-08-26 00:43:08,351 - INFO - [National Spain] Downloaded 30 records for 2016-11
2026-08-26 00:43:12,144 - INFO - [National Spain] Downloaded 31 records for 2016-12
2026-08-26 00:43:16,194 - INFO - [National Spain] Downloaded 31 records for 2017-01
2026-08-26 00:43:20,028 - INFO - [National Spain] Downloaded 28 records for 2017-02
2026-08-26 00:43:23,910 - INFO - [National Spain] Downloaded 31 records for 2017-03
2026-08-26 00:43:27,914 - INFO - [National Spain] Downloaded 30 records for 2017-04
2026-08-26 00:43:31,703 - INFO - [National Spain] Downloaded 31 records for 2017-05
2026-08-26 00:43:35,389 - INFO - [National Spain] Downloaded 30 records for 2017-06
2026-08-26 00:43:39,281 - INFO - [National Spain] Downloaded 31 records for 2017-07
2026-08-26 00:43:43,378 - INFO - [National Spain] Downloaded 31 records for 2017-08
2026-08-26 00:43:47,576 - INFO - [National Spain] Downloaded 30 records for 2017-09
2026-08-26 00:43:51,468 - INFO - [National Spain] Downloaded 31 records for 2017-10
2026-08-26 00:43:55,465 - INFO - [National Spain] Downloaded 30 records for 2017-11
2026-08-26 00:43:59,457 - INFO - [National Spain] Downloaded 31 records for 2017-12
2026-08-26 00:44:03,245 - INFO - [National Spain] Downloaded 31 records for 2018-01
2026-08-26 00:44:06,931 - INFO - [National Spain] Downloaded 28 records for 2018-02
2026-08-26 00:44:10,725 - INFO - [National Spain] Downloaded 31 records for 2018-03
2026-08-26 00:44:14,410 - INFO - [National Spain] Downloaded 30 records for 2018-04
2026-08-26 00:44:18,610 - INFO - [National Spain] Downloaded 31 records for 2018-05
2026-08-26 00:44:22,603 - INFO - [National Spain] Downloaded 30 records for 2018-06
2026-08-26 00:44:26,802 - INFO - [National Spain] Downloaded 31 records for 2018-07
2026-08-26 00:44:30,615 - INFO - [National Spain] Downloaded 31 records for 2018-08
2026-08-26 00:44:34,484 - INFO - [National Spain] Downloaded 30 records for 2018-09
2026-08-26 00:44:38,477 - INFO - [National Spain] Downloaded 31 records for 2018-10
2026-08-26 00:44:42,268 - INFO - [National Spain] Downloaded 30 records for 2018-11
2026-08-26 00:44:56,302 - INFO - [National Spain] Downloaded 31 records for 2018-12
2026-08-26 00:45:00,368 - INFO - [National Spain] Downloaded 31 records for 2019-01
2026-08-26 00:45:04,182 - INFO - [National Spain] Downloaded 28 records for 2019-02
2026-08-26 00:45:07,952 - INFO - [National Spain] Downloaded 31 records for 2019-03
2026-08-26 00:45:11,761 - INFO - [National Spain] Downloaded 30 records for 2019-04
2026-08-26 00:45:15,755 - INFO - [National Spain] Downloaded 31 records for 2019-05
2026-08-26 00:45:20,157 - INFO - [National Spain] Downloaded 30 records for 2019-06
2026-08-26 00:45:24,050 - INFO - [National Spain] Downloaded 31 records for 2019-07
2026-08-26 00:45:27,840 - INFO - [National Spain] Downloaded 31 records for 2019-08
2026-08-26 00:45:31,508 - INFO - [National Spain] Downloaded 30 records for 2019-09
2026-08-26 00:45:35,622 - INFO - [National Spain] Downloaded 31 records for 2019-10
2026-08-26 00:45:39,445 - INFO - [National Spain] Downloaded 30 records for 2019-11
2026-08-26 00:45:43,402 - INFO - [National Spain] Downloaded 31 records for 2019-12
2026-08-26 00:45:47,207 - INFO - [National Spain] Downloaded 31 records for 2020-01
2026-08-26 00:45:50,787 - INFO - [National Spain] Downloaded 29 records for 2020-02
2026-08-26 00:45:55,191 - INFO - [National Spain] Downloaded 31 records for 2020-03
2026-08-26 00:45:58,831 - INFO - [National Spain] Downloaded 30 records for 2020-04
2026-08-26 00:46:08,450 - INFO - [National Spain] Downloaded 31 records for 2020-05
2026-08-26 00:46:12,082 - INFO - [National Spain] Downloaded 30 records for 2020-06
2026-08-26 00:46:15,990 - INFO - [National Spain] Downloaded 31 records for 2020-07
2026-08-26 00:46:21,549 - INFO - [National Spain] Downloaded 31 records for 2020-08
2026-08-26 00:46:32,767 - INFO - [National Spain] Downloaded 30 records for 2020-09
2026-08-26 00:46:41,781 - INFO - [National Spain] Downloaded 31 records for 2020-10
2026-08-26 00:46:45,729 - INFO - [National Spain] Downloaded 30 records for 2020-11
2026-08-26 00:46:51,694 - INFO - [National Spain] Downloaded 31 records for 2020-12
2026-08-26 00:46:58,334 - INFO - [National Spain] Downloaded 31 records for 2021-01
2026-08-26 00:47:02,266 - INFO - [National Spain] Downloaded 28 records for 2021-02
2026-08-26 00:47:08,648 - INFO - [National Spain] Downloaded 31 records for 2021-03
2026-08-26 00:47:15,801 - INFO - [National Spain] Downloaded 30 records for 2021-04
2026-08-26 00:47:19,572 - INFO - [National Spain] Downloaded 31 records for 2021-05
2026-08-26 00:47:23,458 - INFO - [National Spain] Downloaded 30 records for 2021-06
2026-08-26 00:47:27,253 - INFO - [National Spain] Downloaded 31 records for 2021-07
2026-08-26 00:47:31,254 - INFO - [National Spain] Downloaded 31 records for 2021-08
2026-08-26 00:47:35,029 - INFO - [National Spain] Downloaded 30 records for 2021-09
2026-08-26 00:47:38,826 - INFO - [National Spain] Downloaded 31 records for 2021-10
2026-08-26 00:47:42,788 - INFO - [National Spain] Downloaded 30 records for 2021-11
2026-08-26 00:47:46,516 - INFO - [National Spain] Downloaded 31 records for 2021-12
2026-08-26 00:47:50,118 - INFO - [National Spain] Downloaded 31 records for 2022-01
2026-08-26 00:47:53,727 - INFO - [National Spain] Downloaded 28 records for 2022-02
2026-08-26 00:47:57,568 - INFO - [National Spain] Downloaded 31 records for 2022-03
2026-08-26 00:48:01,443 - INFO - [National Spain] Downloaded 30 records for 2022-04
2026-08-26 00:48:05,251 - INFO - [National Spain] Downloaded 31 records for 2022-05
2026-08-26 00:48:09,009 - INFO - [National Spain] Downloaded 30 records for 2022-06
2026-08-26 00:48:13,081 - INFO - [National Spain] Downloaded 31 records for 2022-07
2026-08-26 00:48:20,096 - INFO - [National Spain] Downloaded 31 records for 2022-08
2026-08-26 00:48:23,820 - INFO - [National Spain] Downloaded 30 records for 2022-09
2026-08-26 00:48:31,877 - INFO - [National Spain] Downloaded 31 records for 2022-10
2026-08-26 00:48:35,561 - INFO - [National Spain] Downloaded 30 records for 2022-11
2026-08-26 00:48:39,120 - INFO - [National Spain] Downloaded 31 records for 2022-12
2026-08-26 00:48:42,534 - INFO - [National Spain] Downloaded 31 records for 2023-01
2026-08-26 00:48:46,316 - INFO - [National Spain] Downloaded 28 records for 2023-02
2026-08-26 00:48:50,104 - INFO - [National Spain] Downloaded 31 records for 2023-03
2026-08-26 00:48:53,690 - INFO - [National Spain] Downloaded 30 records for 2023-04
2026-08-26 00:48:57,376 - INFO - [National Spain] Downloaded 31 records for 2023-05
2026-08-26 00:49:01,271 - INFO - [National Spain] Downloaded 30 records for 2023-06
2026-08-26 00:49:04,859 - INFO - [National Spain] Downloaded 31 records for 2023-07
2026-08-26 00:49:08,747 - INFO - [National Spain] Downloaded 31 records for 2023-08
2026-08-26 00:49:12,434 - INFO - [National Spain] Downloaded 30 records for 2023-09
2026-08-26 00:49:15,921 - INFO - [National Spain] Downloaded 31 records for 2023-10
2026-08-26 00:49:19,599 - INFO - [National Spain] Downloaded 30 records for 2023-11
2026-08-26 00:49:23,188 - INFO - [National Spain] Downloaded 31 records for 2023-12
2026-08-26 00:49:27,076 - INFO - [National Spain] Downloaded 31 records for 2024-01
2026-08-26 00:49:30,766 - INFO - [National Spain] Downloaded 29 records for 2024-02
2026-08-26 00:49:34,753 - INFO - [National Spain] Downloaded 31 records for 2024-03
2026-08-26 00:49:38,464 - INFO - [National Spain] Downloaded 30 records for 2024-04
2026-08-26 00:49:42,953 - INFO - [National Spain] Downloaded 31 records for 2024-05
2026-08-26 00:49:47,148 - INFO - [National Spain] Downloaded 30 records for 2024-06
2026-08-26 00:49:51,759 - INFO - [National Spain] Downloaded 31 records for 2024-07
2026-08-26 00:49:55,856 - INFO - [National Spain] Downloaded 31 records for 2024-08
2026-08-26 00:50:00,533 - INFO - [National Spain] Downloaded 30 records for 2024-09
2026-08-26 00:50:04,868 - INFO - [National Spain] Downloaded 31 records for 2024-10
2026-08-26 00:50:09,170 - INFO - [National Spain] Downloaded 30 records for 2024-11
2026-08-26 00:50:13,065 - INFO - [National Spain] Downloaded 31 records for 2024-12
2026-08-26 00:50:17,361 - INFO - [National Spain] Downloaded 31 records for 2025-01
2026-08-26 00:50:21,461 - INFO - [National Spain] Downloaded 28 records for 2025-02
2026-08-26 00:50:34,263 - INFO - [National Spain] Downloaded 31 records for 2025-03
2026-08-26 00:50:38,352 - INFO - [National Spain] Downloaded 30 records for 2025-04
2026-08-26 00:50:42,561 - INFO - [National Spain] Downloaded 31 records for 2025-05
2026-08-26 00:50:46,957 - INFO - [National Spain] Downloaded 30 records for 2025-06
2026-08-26 00:50:50,876 - INFO - [National Spain] Downloaded 31 records for 2025-07
2026-08-26 00:50:55,153 - INFO - [National Spain] Downloaded 31 records for 2025-08
2026-08-26 00:50:59,045 - INFO - [National Spain] Downloaded 30 records for 2025-09
2026-08-26 00:51:03,249 - INFO - [National Spain] Downloaded 31 records for 2025-10
2026-08-26 00:51:07,340 - INFO - [National Spain] Downloaded 30 records for 2025-11
2026-08-26 00:51:11,335 - INFO - [National Spain] Downloaded 31 records for 2025-12
2026-08-26 00:51:15,323 - INFO - [National Spain] Downloaded 31 records for 2026-01
2026-08-26 00:51:19,221 - INFO - [National Spain] Downloaded 28 records for 2026-02
2026-08-26 00:51:23,429 - INFO - [National Spain] Downloaded 31 records for 2026-03
2026-08-26 00:51:27,391 - INFO - [National Spain] Downloaded 30 records for 2026-04
2026-08-26 00:51:31,306 - INFO - [National Spain] Downloaded 31 records for 2026-05
2026-08-26 00:51:34,707 - INFO - [National Spain] Downloaded 30 records for 2026-06
2026-08-26 00:51:38,764 - INFO - [National Spain] Downloaded 31 records for 2026-07
2026-08-26 00:51:42,364 - INFO - [National Spain] Downloaded 25 records for 2026-08
2026-08-26 00:51:42,865 - INFO - --- Processing Andalucía ---
2026-08-26 00:51:45,365 - INFO - [Andalucía] Downloaded 1 records for 2015-01
2026-08-26 00:51:48,157 - INFO - [Andalucía] Downloaded 1 records for 2015-02
2026-08-26 00:51:51,417 - INFO - [Andalucía] Downloaded 1 records for 2015-03
2026-08-26 00:51:54,817 - INFO - [Andalucía] Downloaded 1 records for 2015-04
2026-08-26 00:51:58,042 - INFO - [Andalucía] Downloaded 1 records for 2015-05
2026-08-26 00:52:01,003 - INFO - [Andalucía] Downloaded 1 records for 2015-06
2026-08-26 00:52:03,669 - INFO - [Andalucía] Downloaded 1 records for 2015-07
2026-08-26 00:52:06,835 - INFO - [Andalucía] Downloaded 1 records for 2015-08
2026-08-26 00:52:10,153 - INFO - [Andalucía] Downloaded 1 records for 2015-09
2026-08-26 00:52:13,086 - INFO - [Andalucía] Downloaded 1 records for 2015-10
2026-08-26 00:52:16,059 - INFO - [Andalucía] Downloaded 1 records for 2015-11
2026-08-26 00:52:19,129 - INFO - [Andalucía] Downloaded 1 records for 2015-12
2026-08-26 00:52:22,000 - INFO - [Andalucía] Downloaded 1 records for 2016-01
2026-08-26 00:52:25,377 - INFO - [Andalucía] Downloaded 1 records for 2016-02
2026-08-26 00:52:28,452 - INFO - [Andalucía] Downloaded 1 records for 2016-03
2026-08-26 00:52:31,371 - INFO - [Andalucía] Downloaded 1 records for 2016-04
2026-08-26 00:52:34,286 - INFO - [Andalucía] Downloaded 1 records for 2016-05
2026-08-26 00:52:37,246 - INFO - [Andalucía] Downloaded 1 records for 2016-06
2026-08-26 00:52:40,500 - INFO - [Andalucía] Downloaded 1 records for 2016-07
2026-08-26 00:52:43,607 - INFO - [Andalucía] Downloaded 1 records for 2016-08
2026-08-26 00:52:46,682 - INFO - [Andalucía] Downloaded 1 records for 2016-09
2026-08-26 00:52:49,647 - INFO - [Andalucía] Downloaded 1 records for 2016-10
2026-08-26 00:52:52,416 - INFO - [Andalucía] Downloaded 1 records for 2016-11
2026-08-26 00:52:55,518 - INFO - [Andalucía] Downloaded 1 records for 2016-12
2026-08-26 00:52:58,488 - INFO - [Andalucía] Downloaded 1 records for 2017-01
2026-08-26 00:53:01,426 - INFO - [Andalucía] Downloaded 1 records for 2017-02
2026-08-26 00:53:04,501 - INFO - [Andalucía] Downloaded 1 records for 2017-03
2026-08-26 00:53:07,573 - INFO - [Andalucía] Downloaded 1 records for 2017-04
2026-08-26 00:53:10,540 - INFO - [Andalucía] Downloaded 1 records for 2017-05
2026-08-26 00:53:13,513 - INFO - [Andalucía] Downloaded 1 records for 2017-06
2026-08-26 00:53:16,528 - INFO - [Andalucía] Downloaded 1 records for 2017-07
2026-08-26 00:53:19,892 - INFO - [Andalucía] Downloaded 1 records for 2017-08
2026-08-26 00:53:22,935 - INFO - [Andalucía] Downloaded 1 records for 2017-09
2026-08-26 00:53:26,108 - INFO - [Andalucía] Downloaded 1 records for 2017-10
2026-08-26 00:53:29,179 - INFO - [Andalucía] Downloaded 1 records for 2017-11
2026-08-26 00:53:32,150 - INFO - [Andalucía] Downloaded 1 records for 2017-12
2026-08-26 00:53:35,119 - INFO - [Andalucía] Downloaded 1 records for 2018-01
2026-08-26 00:53:37,992 - INFO - [Andalucía] Downloaded 1 records for 2018-02
2026-08-26 00:53:41,059 - INFO - [Andalucía] Downloaded 1 records for 2018-03
2026-08-26 00:53:43,928 - INFO - [Andalucía] Downloaded 1 records for 2018-04
2026-08-26 00:53:46,896 - INFO - [Andalucía] Downloaded 1 records for 2018-05
2026-08-26 00:53:50,072 - INFO - [Andalucía] Downloaded 1 records for 2018-06
2026-08-26 00:53:53,140 - INFO - [Andalucía] Downloaded 1 records for 2018-07
2026-08-26 00:53:56,319 - INFO - [Andalucía] Downloaded 1 records for 2018-08
2026-08-26 00:53:59,493 - INFO - [Andalucía] Downloaded 1 records for 2018-09
2026-08-26 00:54:02,565 - INFO - [Andalucía] Downloaded 1 records for 2018-10
2026-08-26 00:54:05,741 - INFO - [Andalucía] Downloaded 1 records for 2018-11
2026-08-26 00:54:08,920 - INFO - [Andalucía] Downloaded 1 records for 2018-12
2026-08-26 00:54:11,887 - INFO - [Andalucía] Downloaded 1 records for 2019-01
2026-08-26 00:54:14,958 - INFO - [Andalucía] Downloaded 1 records for 2019-02
2026-08-26 00:54:17,846 - INFO - [Andalucía] Downloaded 1 records for 2019-03
2026-08-26 00:54:20,901 - INFO - [Andalucía] Downloaded 1 records for 2019-04
2026-08-26 00:54:23,767 - INFO - [Andalucía] Downloaded 1 records for 2019-05
2026-08-26 00:54:26,837 - INFO - [Andalucía] Downloaded 1 records for 2019-06
2026-08-26 00:54:30,025 - INFO - [Andalucía] Downloaded 1 records for 2019-07
2026-08-26 00:54:33,294 - INFO - [Andalucía] Downloaded 1 records for 2019-08
2026-08-26 00:54:36,469 - INFO - [Andalucía] Downloaded 1 records for 2019-09
2026-08-26 00:54:39,435 - INFO - [Andalucía] Downloaded 1 records for 2019-10
2026-08-26 00:54:42,505 - INFO - [Andalucía] Downloaded 1 records for 2019-11
2026-08-26 00:54:45,481 - INFO - [Andalucía] Downloaded 1 records for 2019-12
2026-08-26 00:54:48,519 - INFO - [Andalucía] Downloaded 1 records for 2020-01
2026-08-26 00:54:51,621 - INFO - [Andalucía] Downloaded 1 records for 2020-02
2026-08-26 00:54:54,793 - INFO - [Andalucía] Downloaded 1 records for 2020-03
2026-08-26 00:54:57,868 - INFO - [Andalucía] Downloaded 1 records for 2020-04
2026-08-26 00:55:01,249 - INFO - [Andalucía] Downloaded 1 records for 2020-05
2026-08-26 00:55:04,271 - INFO - [Andalucía] Downloaded 1 records for 2020-06
2026-08-26 00:55:07,293 - INFO - [Andalucía] Downloaded 1 records for 2020-07
2026-08-26 00:55:10,368 - INFO - [Andalucía] Downloaded 1 records for 2020-08
2026-08-26 00:55:23,373 - INFO - [Andalucía] Downloaded 1 records for 2020-09
2026-08-26 00:55:26,343 - INFO - [Andalucía] Downloaded 1 records for 2020-10
2026-08-26 00:55:29,211 - INFO - [Andalucía] Downloaded 1 records for 2020-11
2026-08-26 00:55:32,312 - INFO - [Andalucía] Downloaded 1 records for 2020-12
2026-08-26 00:55:35,515 - INFO - [Andalucía] Downloaded 1 records for 2021-01
2026-08-26 00:55:38,337 - INFO - [Andalucía] Downloaded 1 records for 2021-02
2026-08-26 00:55:41,091 - INFO - [Andalucía] Downloaded 1 records for 2021-03
2026-08-26 00:55:44,049 - INFO - [Andalucía] Downloaded 1 records for 2021-04
2026-08-26 00:55:47,037 - INFO - [Andalucía] Downloaded 1 records for 2021-05
2026-08-26 00:55:50,180 - INFO - [Andalucía] Downloaded 1 records for 2021-06
2026-08-26 00:55:53,380 - INFO - [Andalucía] Downloaded 1 records for 2021-07
2026-08-26 00:55:56,594 - INFO - [Andalucía] Downloaded 1 records for 2021-08
2026-08-26 00:55:59,714 - INFO - [Andalucía] Downloaded 1 records for 2021-09
2026-08-26 00:56:02,480 - INFO - [Andalucía] Downloaded 1 records for 2021-10
2026-08-26 00:56:05,472 - INFO - [Andalucía] Downloaded 1 records for 2021-11
2026-08-26 00:56:08,293 - INFO - [Andalucía] Downloaded 1 records for 2021-12
2026-08-26 00:56:11,197 - INFO - [Andalucía] Downloaded 1 records for 2022-01
2026-08-26 00:56:14,502 - INFO - [Andalucía] Downloaded 1 records for 2022-02
2026-08-26 00:56:17,656 - INFO - [Andalucía] Downloaded 1 records for 2022-03
2026-08-26 00:56:21,124 - INFO - [Andalucía] Downloaded 1 records for 2022-04
2026-08-26 00:56:24,514 - INFO - [Andalucía] Downloaded 1 records for 2022-05
2026-08-26 00:56:27,486 - INFO - [Andalucía] Downloaded 1 records for 2022-06
2026-08-26 00:56:30,657 - INFO - [Andalucía] Downloaded 1 records for 2022-07
2026-08-26 00:56:33,836 - INFO - [Andalucía] Downloaded 1 records for 2022-08
2026-08-26 00:56:36,595 - INFO - [Andalucía] Downloaded 1 records for 2022-09
2026-08-26 00:56:39,976 - INFO - [Andalucía] Downloaded 1 records for 2022-10
2026-08-26 00:56:42,944 - INFO - [Andalucía] Downloaded 1 records for 2022-11
2026-08-26 00:56:46,036 - INFO - [Andalucía] Downloaded 1 records for 2022-12
2026-08-26 00:56:49,109 - INFO - [Andalucía] Downloaded 1 records for 2023-01
2026-08-26 00:56:51,963 - INFO - [Andalucía] Downloaded 1 records for 2023-02
2026-08-26 00:56:54,824 - INFO - [Andalucía] Downloaded 1 records for 2023-03
2026-08-26 00:56:57,920 - INFO - [Andalucía] Downloaded 1 records for 2023-04
2026-08-26 00:57:01,071 - INFO - [Andalucía] Downloaded 1 records for 2023-05
2026-08-26 00:57:04,298 - INFO - [Andalucía] Downloaded 1 records for 2023-06
2026-08-26 00:57:07,506 - INFO - [Andalucía] Downloaded 1 records for 2023-07
2026-08-26 00:57:10,493 - INFO - [Andalucía] Downloaded 1 records for 2023-08
2026-08-26 00:57:13,493 - INFO - [Andalucía] Downloaded 1 records for 2023-09
2026-08-26 00:57:16,719 - INFO - [Andalucía] Downloaded 1 records for 2023-10
2026-08-26 00:57:20,256 - INFO - [Andalucía] Downloaded 1 records for 2023-11
2026-08-26 00:57:24,021 - INFO - [Andalucía] Downloaded 1 records for 2023-12
2026-08-26 00:57:27,435 - INFO - [Andalucía] Downloaded 1 records for 2024-01
2026-08-26 00:57:30,622 - INFO - [Andalucía] Downloaded 1 records for 2024-02
2026-08-26 00:57:34,256 - INFO - [Andalucía] Downloaded 1 records for 2024-03
2026-08-26 00:57:38,562 - INFO - [Andalucía] Downloaded 1 records for 2024-04
2026-08-26 00:57:41,858 - INFO - [Andalucía] Downloaded 1 records for 2024-05
2026-08-26 00:57:45,377 - INFO - [Andalucía] Downloaded 1 records for 2024-06
2026-08-26 00:57:48,495 - INFO - [Andalucía] Downloaded 1 records for 2024-07
2026-08-26 00:57:51,767 - INFO - [Andalucía] Downloaded 1 records for 2024-08
2026-08-26 00:57:55,047 - INFO - [Andalucía] Downloaded 1 records for 2024-09
2026-08-26 00:57:58,346 - INFO - [Andalucía] Downloaded 1 records for 2024-10
2026-08-26 00:58:01,548 - INFO - [Andalucía] Downloaded 1 records for 2024-11
2026-08-26 00:58:04,876 - INFO - [Andalucía] Downloaded 1 records for 2024-12
2026-08-26 00:58:08,460 - INFO - [Andalucía] Downloaded 1 records for 2025-01
2026-08-26 00:58:11,844 - INFO - [Andalucía] Downloaded 1 records for 2025-02
2026-08-26 00:58:15,427 - INFO - [Andalucía] Downloaded 1 records for 2025-03
2026-08-26 00:58:18,959 - INFO - [Andalucía] Downloaded 1 records for 2025-04
2026-08-26 00:58:22,287 - INFO - [Andalucía] Downloaded 1 records for 2025-05
2026-08-26 00:58:26,587 - INFO - [Andalucía] Downloaded 1 records for 2025-06
2026-08-26 00:58:29,864 - INFO - [Andalucía] Downloaded 1 records for 2025-07
2026-08-26 00:58:33,144 - INFO - [Andalucía] Downloaded 1 records for 2025-08
2026-08-26 00:58:36,223 - INFO - [Andalucía] Downloaded 1 records for 2025-09
2026-08-26 00:58:39,804 - INFO - [Andalucía] Downloaded 1 records for 2025-10
2026-08-26 00:58:42,670 - INFO - [Andalucía] Downloaded 1 records for 2025-11
2026-08-26 00:58:45,539 - INFO - [Andalucía] Downloaded 1 records for 2025-12
2026-08-26 00:58:48,914 - INFO - [Andalucía] Downloaded 1 records for 2026-01
2026-08-26 00:58:51,801 - INFO - [Andalucía] Downloaded 1 records for 2026-02
2026-08-26 00:58:55,063 - INFO - [Andalucía] Downloaded 1 records for 2026-03
2026-08-26 00:58:57,949 - INFO - [Andalucía] Downloaded 1 records for 2026-04
2026-08-26 00:59:00,897 - INFO - [Andalucía] Downloaded 1 records for 2026-05
2026-08-26 00:59:04,010 - INFO - [Andalucía] Downloaded 1 records for 2026-06
2026-08-26 00:59:09,805 - INFO - [Andalucía] Downloaded 1 records for 2026-07
2026-08-26 00:59:18,202 - ERROR - Failed https://apidatos.ree.es/en/datos/demanda/evolucion?start_date=2026-08-01T00:00&end_date=2026-08-26T23:59&geo_limit=ccaa&geo_ids=4&time_trunc=day (HTTP 502)
2026-08-26 00:59:18,204 - WARNING - [Andalucía] No data returned for 2026-08
2026-08-26 00:59:18,706 - INFO - --- Processing Aragón ---
2026-08-26 00:59:21,075 - INFO - [Aragón] Downloaded 1 records for 2015-01
2026-08-26 00:59:23,938 - INFO - [Aragón] Downloaded 1 records for 2015-02
2026-08-26 00:59:26,909 - INFO - [Aragón] Downloaded 1 records for 2015-03
2026-08-26 00:59:29,881 - INFO - [Aragón] Downloaded 1 records for 2015-04
2026-08-26 00:59:32,682 - INFO - [Aragón] Downloaded 1 records for 2015-05
2026-08-26 00:59:35,512 - INFO - [Aragón] Downloaded 1 records for 2015-06
2026-08-26 00:59:38,587 - INFO - [Aragón] Downloaded 1 records for 2015-07
2026-08-26 00:59:41,567 - INFO - [Aragón] Downloaded 1 records for 2015-08
2026-08-26 00:59:44,326 - INFO - [Aragón] Downloaded 1 records for 2015-09
2026-08-26 00:59:47,289 - INFO - [Aragón] Downloaded 1 records for 2015-10
2026-08-26 00:59:50,364 - INFO - [Aragón] Downloaded 1 records for 2015-11
2026-08-26 00:59:53,212 - INFO - [Aragón] Downloaded 1 records for 2015-12
2026-08-26 00:59:56,122 - INFO - [Aragón] Downloaded 1 records for 2016-01
2026-08-26 00:59:59,172 - INFO - [Aragón] Downloaded 1 records for 2016-02
2026-08-26 01:00:02,044 - INFO - [Aragón] Downloaded 1 records for 2016-03
2026-08-26 01:00:05,006 - INFO - [Aragón] Downloaded 1 records for 2016-04
2026-08-26 01:00:08,180 - INFO - [Aragón] Downloaded 1 records for 2016-05
2026-08-26 01:00:11,157 - INFO - [Aragón] Downloaded 1 records for 2016-06
2026-08-26 01:00:13,926 - INFO - [Aragón] Downloaded 1 records for 2016-07
2026-08-26 01:00:17,091 - INFO - [Aragón] Downloaded 1 records for 2016-08
2026-08-26 01:00:20,255 - INFO - [Aragón] Downloaded 1 records for 2016-09
2026-08-26 01:00:23,297 - INFO - [Aragón] Downloaded 1 records for 2016-10
2026-08-26 01:00:26,412 - INFO - [Aragón] Downloaded 1 records for 2016-11
2026-08-26 01:00:29,418 - INFO - [Aragón] Downloaded 1 records for 2016-12
2026-08-26 01:00:32,349 - INFO - [Aragón] Downloaded 1 records for 2017-01
2026-08-26 01:00:35,221 - INFO - [Aragón] Downloaded 1 records for 2017-02
2026-08-26 01:00:38,341 - INFO - [Aragón] Downloaded 1 records for 2017-03
2026-08-26 01:00:41,568 - INFO - [Aragón] Downloaded 1 records for 2017-04
2026-08-26 01:00:45,055 - INFO - [Aragón] Downloaded 1 records for 2017-05
2026-08-26 01:00:48,420 - INFO - [Aragón] Downloaded 1 records for 2017-06
2026-08-26 01:00:51,640 - INFO - [Aragón] Downloaded 1 records for 2017-07
2026-08-26 01:00:54,835 - INFO - [Aragón] Downloaded 1 records for 2017-08
2026-08-26 01:00:57,956 - INFO - [Aragón] Downloaded 1 records for 2017-09
2026-08-26 01:01:01,331 - INFO - [Aragón] Downloaded 1 records for 2017-10
2026-08-26 01:01:04,506 - INFO - [Aragón] Downloaded 1 records for 2017-11
2026-08-26 01:01:07,998 - INFO - [Aragón] Downloaded 1 records for 2017-12
2026-08-26 01:01:10,961 - INFO - [Aragón] Downloaded 1 records for 2018-01
2026-08-26 01:01:13,929 - INFO - [Aragón] Downloaded 1 records for 2018-02
2026-08-26 01:01:17,104 - INFO - [Aragón] Downloaded 1 records for 2018-03
2026-08-26 01:01:20,384 - INFO - [Aragón] Downloaded 1 records for 2018-04
2026-08-26 01:01:23,862 - INFO - [Aragón] Downloaded 1 records for 2018-05
2026-08-26 01:01:27,038 - INFO - [Aragón] Downloaded 1 records for 2018-06
2026-08-26 01:01:30,419 - INFO - [Aragón] Downloaded 1 records for 2018-07
2026-08-26 01:01:33,540 - INFO - [Aragón] Downloaded 1 records for 2018-08
2026-08-26 01:01:36,895 - INFO - [Aragón] Downloaded 1 records for 2018-09
2026-08-26 01:01:39,989 - INFO - [Aragón] Downloaded 1 records for 2018-10
2026-08-26 01:01:43,218 - INFO - [Aragón] Downloaded 1 records for 2018-11
2026-08-26 01:01:46,088 - INFO - [Aragón] Downloaded 1 records for 2018-12
2026-08-26 01:01:49,342 - INFO - [Aragón] Downloaded 1 records for 2019-01
2026-08-26 01:01:52,277 - INFO - [Aragón] Downloaded 1 records for 2019-02
2026-08-26 01:01:55,524 - INFO - [Aragón] Downloaded 1 records for 2019-03
2026-08-26 01:01:58,673 - INFO - [Aragón] Downloaded 1 records for 2019-04
2026-08-26 01:02:02,470 - INFO - [Aragón] Downloaded 1 records for 2019-05
2026-08-26 01:02:05,548 - INFO - [Aragón] Downloaded 1 records for 2019-06
2026-08-26 01:02:08,524 - INFO - [Aragón] Downloaded 1 records for 2019-07
2026-08-26 01:02:11,694 - INFO - [Aragón] Downloaded 1 records for 2019-08
2026-08-26 01:02:15,067 - INFO - [Aragón] Downloaded 1 records for 2019-09
2026-08-26 01:02:18,347 - INFO - [Aragón] Downloaded 1 records for 2019-10
2026-08-26 01:02:21,622 - INFO - [Aragón] Downloaded 1 records for 2019-11
2026-08-26 01:02:24,637 - INFO - [Aragón] Downloaded 1 records for 2019-12
2026-08-26 01:02:28,309 - INFO - [Aragón] Downloaded 1 records for 2020-01
2026-08-26 01:02:31,557 - INFO - [Aragón] Downloaded 1 records for 2020-02
2026-08-26 01:02:34,898 - INFO - [Aragón] Downloaded 1 records for 2020-03
2026-08-26 01:02:38,282 - INFO - [Aragón] Downloaded 1 records for 2020-04
2026-08-26 01:02:41,569 - INFO - [Aragón] Downloaded 1 records for 2020-05
2026-08-26 01:02:44,666 - INFO - [Aragón] Downloaded 1 records for 2020-06
2026-08-26 01:02:47,461 - INFO - [Aragón] Downloaded 1 records for 2020-07
2026-08-26 01:02:50,705 - INFO - [Aragón] Downloaded 1 records for 2020-08
2026-08-26 01:02:53,574 - INFO - [Aragón] Downloaded 1 records for 2020-09
2026-08-26 01:02:56,542 - INFO - [Aragón] Downloaded 1 records for 2020-10
2026-08-26 01:02:59,619 - INFO - [Aragón] Downloaded 1 records for 2020-11
2026-08-26 01:03:02,483 - INFO - [Aragón] Downloaded 1 records for 2020-12
2026-08-26 01:03:05,779 - INFO - [Aragón] Downloaded 1 records for 2021-01
2026-08-26 01:03:13,551 - INFO - [Aragón] Downloaded 1 records for 2021-02
2026-08-26 01:03:16,621 - INFO - [Aragón] Downloaded 1 records for 2021-03
2026-08-26 01:03:19,633 - INFO - [Aragón] Downloaded 1 records for 2021-04
2026-08-26 01:03:42,629 - INFO - [Aragón] Downloaded 1 records for 2021-05
2026-08-26 01:03:45,803 - INFO - [Aragón] Downloaded 1 records for 2021-06
2026-08-26 01:03:48,976 - INFO - [Aragón] Downloaded 1 records for 2021-07
2026-08-26 01:03:51,849 - INFO - [Aragón] Downloaded 1 records for 2021-08
2026-08-26 01:03:55,020 - INFO - [Aragón] Downloaded 1 records for 2021-09
2026-08-26 01:03:58,096 - INFO - [Aragón] Downloaded 1 records for 2021-10
2026-08-26 01:04:01,165 - INFO - [Aragón] Downloaded 1 records for 2021-11
2026-08-26 01:04:04,031 - INFO - [Aragón] Downloaded 1 records for 2021-12
2026-08-26 01:04:06,899 - INFO - [Aragón] Downloaded 1 records for 2022-01
2026-08-26 01:04:09,664 - INFO - [Aragón] Downloaded 1 records for 2022-02
2026-08-26 01:04:12,634 - INFO - [Aragón] Downloaded 1 records for 2022-03
2026-08-26 01:04:15,719 - INFO - [Aragón] Downloaded 1 records for 2022-04
2026-08-26 01:04:18,781 - INFO - [Aragón] Downloaded 1 records for 2022-05
2026-08-26 01:04:21,750 - INFO - [Aragón] Downloaded 1 records for 2022-06
2026-08-26 01:04:24,823 - INFO - [Aragón] Downloaded 1 records for 2022-07
2026-08-26 01:04:27,893 - INFO - [Aragón] Downloaded 1 records for 2022-08
2026-08-26 01:04:30,764 - INFO - [Aragón] Downloaded 1 records for 2022-09
2026-08-26 01:04:33,628 - INFO - [Aragón] Downloaded 1 records for 2022-10
2026-08-26 01:04:36,803 - INFO - [Aragón] Downloaded 1 records for 2022-11
2026-08-26 01:04:39,875 - INFO - [Aragón] Downloaded 1 records for 2022-12
2026-08-26 01:04:42,743 - INFO - [Aragón] Downloaded 1 records for 2023-01
2026-08-26 01:04:45,610 - INFO - [Aragón] Downloaded 1 records for 2023-02
2026-08-26 01:04:48,682 - INFO - [Aragón] Downloaded 1 records for 2023-03
2026-08-26 01:04:51,755 - INFO - [Aragón] Downloaded 1 records for 2023-04
2026-08-26 01:04:54,842 - INFO - [Aragón] Downloaded 1 records for 2023-05
2026-08-26 01:04:58,002 - INFO - [Aragón] Downloaded 1 records for 2023-06
2026-08-26 01:05:00,769 - INFO - [Aragón] Downloaded 1 records for 2023-07
2026-08-26 01:05:03,305 - INFO - [Aragón] Downloaded 1 records for 2023-08
2026-08-26 01:05:06,402 - INFO - [Aragón] Downloaded 1 records for 2023-09
2026-08-26 01:05:09,069 - INFO - [Aragón] Downloaded 1 records for 2023-10
2026-08-26 01:05:11,733 - INFO - [Aragón] Downloaded 1 records for 2023-11
2026-08-26 01:05:14,899 - INFO - [Aragón] Downloaded 1 records for 2023-12
2026-08-26 01:05:17,898 - INFO - [Aragón] Downloaded 1 records for 2024-01
2026-08-26 01:05:20,943 - INFO - [Aragón] Downloaded 1 records for 2024-02
2026-08-26 01:05:24,014 - INFO - [Aragón] Downloaded 1 records for 2024-03
2026-08-26 01:05:27,189 - INFO - [Aragón] Downloaded 1 records for 2024-04
2026-08-26 01:05:30,264 - INFO - [Aragón] Downloaded 1 records for 2024-05
2026-08-26 01:05:33,333 - INFO - [Aragón] Downloaded 1 records for 2024-06
2026-08-26 01:05:36,617 - INFO - [Aragón] Downloaded 1 records for 2024-07
2026-08-26 01:05:39,581 - INFO - [Aragón] Downloaded 1 records for 2024-08
2026-08-26 01:05:42,761 - INFO - [Aragón] Downloaded 1 records for 2024-09
2026-08-26 01:05:46,753 - INFO - [Aragón] Downloaded 1 records for 2024-10
2026-08-26 01:05:49,821 - INFO - [Aragón] Downloaded 1 records for 2024-11
2026-08-26 01:05:52,997 - INFO - [Aragón] Downloaded 1 records for 2024-12
2026-08-26 01:05:56,177 - INFO - [Aragón] Downloaded 1 records for 2025-01
2026-08-26 01:05:58,935 - INFO - [Aragón] Downloaded 1 records for 2025-02
2026-08-26 01:06:01,910 - INFO - [Aragón] Downloaded 1 records for 2025-03
2026-08-26 01:06:04,939 - INFO - [Aragón] Downloaded 1 records for 2025-04
2026-08-26 01:06:07,949 - INFO - [Aragón] Downloaded 1 records for 2025-05
2026-08-26 01:06:10,916 - INFO - [Aragón] Downloaded 1 records for 2025-06
2026-08-26 01:06:13,905 - INFO - [Aragón] Downloaded 1 records for 2025-07
2026-08-26 01:06:16,655 - INFO - [Aragón] Downloaded 1 records for 2025-08
2026-08-26 01:06:19,518 - INFO - [Aragón] Downloaded 1 records for 2025-09
2026-08-26 01:06:22,410 - INFO - [Aragón] Downloaded 1 records for 2025-10
2026-08-26 01:06:25,368 - INFO - [Aragón] Downloaded 1 records for 2025-11
2026-08-26 01:06:28,430 - INFO - [Aragón] Downloaded 1 records for 2025-12
2026-08-26 01:06:31,194 - INFO - [Aragón] Downloaded 1 records for 2026-01
2026-08-26 01:06:33,962 - INFO - [Aragón] Downloaded 1 records for 2026-02
2026-08-26 01:06:36,628 - INFO - [Aragón] Downloaded 1 records for 2026-03
2026-08-26 01:06:49,324 - INFO - [Aragón] Downloaded 1 records for 2026-04
2026-08-26 01:06:56,696 - INFO - [Aragón] Downloaded 1 records for 2026-05
2026-08-26 01:06:59,835 - INFO - [Aragón] Downloaded 1 records for 2026-06
2026-08-26 01:07:05,604 - INFO - [Aragón] Downloaded 1 records for 2026-07
2026-08-26 01:07:13,591 - ERROR - Failed https://apidatos.ree.es/en/datos/demanda/evolucion?start_date=2026-08-01T00:00&end_date=2026-08-26T23:59&geo_limit=ccaa&geo_ids=5&time_trunc=day (HTTP 502)
2026-08-26 01:07:13,592 - WARNING - [Aragón] No data returned for 2026-08
2026-08-26 01:07:14,094 - INFO - --- Processing Cantabria ---
2026-08-26 01:07:16,565 - INFO - [Cantabria] Downloaded 1 records for 2015-01
2026-08-26 01:07:19,432 - INFO - [Cantabria] Downloaded 1 records for 2015-02
2026-08-26 01:07:22,407 - INFO - [Cantabria] Downloaded 1 records for 2015-03
2026-08-26 01:07:25,475 - INFO - [Cantabria] Downloaded 1 records for 2015-04
2026-08-26 01:07:28,339 - INFO - [Cantabria] Downloaded 1 records for 2015-05
2026-08-26 01:07:31,211 - INFO - [Cantabria] Downloaded 1 records for 2015-06
2026-08-26 01:07:34,177 - INFO - [Cantabria] Downloaded 1 records for 2015-07
2026-08-26 01:07:37,480 - INFO - [Cantabria] Downloaded 1 records for 2015-08
2026-08-26 01:07:40,424 - INFO - [Cantabria] Downloaded 1 records for 2015-09
2026-08-26 01:07:43,496 - INFO - [Cantabria] Downloaded 1 records for 2015-10
2026-08-26 01:07:46,467 - INFO - [Cantabria] Downloaded 1 records for 2015-11
2026-08-26 01:07:49,436 - INFO - [Cantabria] Downloaded 1 records for 2015-12
2026-08-26 01:07:52,305 - INFO - [Cantabria] Downloaded 1 records for 2016-01
2026-08-26 01:08:00,200 - INFO - [Cantabria] Downloaded 1 records for 2016-02
2026-08-26 01:08:03,160 - INFO - [Cantabria] Downloaded 1 records for 2016-03
2026-08-26 01:08:06,231 - INFO - [Cantabria] Downloaded 1 records for 2016-04
2026-08-26 01:08:09,204 - INFO - [Cantabria] Downloaded 1 records for 2016-05
2026-08-26 01:08:12,274 - INFO - [Cantabria] Downloaded 1 records for 2016-06
2026-08-26 01:08:15,449 - INFO - [Cantabria] Downloaded 1 records for 2016-07
2026-08-26 01:08:18,513 - INFO - [Cantabria] Downloaded 1 records for 2016-08
2026-08-26 01:08:21,391 - INFO - [Cantabria] Downloaded 1 records for 2016-09
2026-08-26 01:08:24,562 - INFO - [Cantabria] Downloaded 1 records for 2016-10
2026-08-26 01:08:27,532 - INFO - [Cantabria] Downloaded 1 records for 2016-11
2026-08-26 01:08:30,403 - INFO - [Cantabria] Downloaded 1 records for 2016-12
2026-08-26 01:08:33,473 - INFO - [Cantabria] Downloaded 1 records for 2017-01
2026-08-26 01:08:36,750 - INFO - [Cantabria] Downloaded 1 records for 2017-02
2026-08-26 01:08:39,925 - INFO - [Cantabria] Downloaded 1 records for 2017-03
2026-08-26 01:08:43,103 - INFO - [Cantabria] Downloaded 1 records for 2017-04
2026-08-26 01:08:46,070 - INFO - [Cantabria] Downloaded 1 records for 2017-05
2026-08-26 01:08:49,450 - INFO - [Cantabria] Downloaded 1 records for 2017-06
2026-08-26 01:08:52,525 - INFO - [Cantabria] Downloaded 1 records for 2017-07
2026-08-26 01:08:55,594 - INFO - [Cantabria] Downloaded 1 records for 2017-08
2026-08-26 01:08:58,460 - INFO - [Cantabria] Downloaded 1 records for 2017-09
2026-08-26 01:09:01,235 - INFO - [Cantabria] Downloaded 1 records for 2017-10
2026-08-26 01:09:03,982 - INFO - [Cantabria] Downloaded 1 records for 2017-11
2026-08-26 01:09:07,064 - INFO - [Cantabria] Downloaded 1 records for 2017-12
2026-08-26 01:09:10,236 - INFO - [Cantabria] Downloaded 1 records for 2018-01
2026-08-26 01:09:13,515 - INFO - [Cantabria] Downloaded 1 records for 2018-02
2026-08-26 01:09:16,484 - INFO - [Cantabria] Downloaded 1 records for 2018-03
2026-08-26 01:09:19,455 - INFO - [Cantabria] Downloaded 1 records for 2018-04
2026-08-26 01:09:22,323 - INFO - [Cantabria] Downloaded 1 records for 2018-05
2026-08-26 01:09:25,497 - INFO - [Cantabria] Downloaded 1 records for 2018-06
2026-08-26 01:09:28,562 - INFO - [Cantabria] Downloaded 1 records for 2018-07
2026-08-26 01:09:31,436 - INFO - [Cantabria] Downloaded 1 records for 2018-08
2026-08-26 01:09:34,310 - INFO - [Cantabria] Downloaded 1 records for 2018-09
2026-08-26 01:09:37,274 - INFO - [Cantabria] Downloaded 1 records for 2018-10
2026-08-26 01:09:40,353 - INFO - [Cantabria] Downloaded 1 records for 2018-11
2026-08-26 01:09:43,195 - INFO - [Cantabria] Downloaded 1 records for 2018-12
2026-08-26 01:09:46,083 - INFO - [Cantabria] Downloaded 1 records for 2019-01
2026-08-26 01:09:49,056 - INFO - [Cantabria] Downloaded 1 records for 2019-02
2026-08-26 01:09:52,021 - INFO - [Cantabria] Downloaded 1 records for 2019-03
2026-08-26 01:09:54,889 - INFO - [Cantabria] Downloaded 1 records for 2019-04
2026-08-26 01:09:57,960 - INFO - [Cantabria] Downloaded 1 records for 2019-05
2026-08-26 01:10:01,141 - INFO - [Cantabria] Downloaded 1 records for 2019-06
2026-08-26 01:10:04,002 - INFO - [Cantabria] Downloaded 1 records for 2019-07
2026-08-26 01:10:06,974 - INFO - [Cantabria] Downloaded 1 records for 2019-08
2026-08-26 01:10:10,155 - INFO - [Cantabria] Downloaded 1 records for 2019-09
2026-08-26 01:10:13,326 - INFO - [Cantabria] Downloaded 1 records for 2019-10
2026-08-26 01:10:16,330 - INFO - [Cantabria] Downloaded 1 records for 2019-11
2026-08-26 01:10:19,265 - INFO - [Cantabria] Downloaded 1 records for 2019-12
2026-08-26 01:10:22,301 - INFO - [Cantabria] Downloaded 1 records for 2020-01
2026-08-26 01:10:25,510 - INFO - [Cantabria] Downloaded 1 records for 2020-02
2026-08-26 01:10:28,587 - INFO - [Cantabria] Downloaded 1 records for 2020-03
2026-08-26 01:10:31,553 - INFO - [Cantabria] Downloaded 1 records for 2020-04
2026-08-26 01:10:44,354 - INFO - [Cantabria] Downloaded 1 records for 2020-05
2026-08-26 01:10:47,119 - INFO - [Cantabria] Downloaded 1 records for 2020-06
2026-08-26 01:10:50,119 - INFO - [Cantabria] Downloaded 1 records for 2020-07
2026-08-26 01:10:53,453 - INFO - [Cantabria] Downloaded 1 records for 2020-08
2026-08-26 01:10:56,437 - INFO - [Cantabria] Downloaded 1 records for 2020-09
2026-08-26 01:10:59,407 - INFO - [Cantabria] Downloaded 1 records for 2020-10
2026-08-26 01:11:02,274 - INFO - [Cantabria] Downloaded 1 records for 2020-11
2026-08-26 01:11:05,247 - INFO - [Cantabria] Downloaded 1 records for 2020-12
2026-08-26 01:11:08,728 - INFO - [Cantabria] Downloaded 1 records for 2021-01
2026-08-26 01:11:11,594 - INFO - [Cantabria] Downloaded 1 records for 2021-02
2026-08-26 01:11:14,769 - INFO - [Cantabria] Downloaded 1 records for 2021-03
2026-08-26 01:11:17,840 - INFO - [Cantabria] Downloaded 1 records for 2021-04
2026-08-26 01:11:21,021 - INFO - [Cantabria] Downloaded 1 records for 2021-05
2026-08-26 01:11:23,837 - INFO - [Cantabria] Downloaded 1 records for 2021-06
2026-08-26 01:11:26,751 - INFO - [Cantabria] Downloaded 1 records for 2021-07
2026-08-26 01:11:29,648 - INFO - [Cantabria] Downloaded 1 records for 2021-08
2026-08-26 01:11:42,417 - INFO - [Cantabria] Downloaded 1 records for 2021-09
2026-08-26 01:11:45,799 - INFO - [Cantabria] Downloaded 1 records for 2021-10
2026-08-26 01:11:48,774 - INFO - [Cantabria] Downloaded 1 records for 2021-11
2026-08-26 01:11:51,743 - INFO - [Cantabria] Downloaded 1 records for 2021-12
2026-08-26 01:11:54,609 - INFO - [Cantabria] Downloaded 1 records for 2022-01
2026-08-26 01:11:57,489 - INFO - [Cantabria] Downloaded 1 records for 2022-02
2026-08-26 01:12:00,533 - INFO - [Cantabria] Downloaded 1 records for 2022-03
2026-08-26 01:12:03,415 - INFO - [Cantabria] Downloaded 1 records for 2022-04
2026-08-26 01:12:06,282 - INFO - [Cantabria] Downloaded 1 records for 2022-05
2026-08-26 01:12:09,254 - INFO - [Cantabria] Downloaded 1 records for 2022-06
2026-08-26 01:12:12,216 - INFO - [Cantabria] Downloaded 1 records for 2022-07
2026-08-26 01:12:15,237 - INFO - [Cantabria] Downloaded 1 records for 2022-08
2026-08-26 01:12:18,162 - INFO - [Cantabria] Downloaded 1 records for 2022-09
2026-08-26 01:12:21,402 - INFO - [Cantabria] Downloaded 1 records for 2022-10
2026-08-26 01:12:24,511 - INFO - [Cantabria] Downloaded 1 records for 2022-11
2026-08-26 01:12:27,722 - INFO - [Cantabria] Downloaded 1 records for 2022-12
2026-08-26 01:12:31,064 - INFO - [Cantabria] Downloaded 1 records for 2023-01
2026-08-26 01:12:34,137 - INFO - [Cantabria] Downloaded 1 records for 2023-02
2026-08-26 01:12:37,005 - INFO - [Cantabria] Downloaded 1 records for 2023-03
2026-08-26 01:12:40,079 - INFO - [Cantabria] Downloaded 1 records for 2023-04
2026-08-26 01:12:43,149 - INFO - [Cantabria] Downloaded 1 records for 2023-05
2026-08-26 01:12:45,961 - INFO - [Cantabria] Downloaded 1 records for 2023-06
2026-08-26 01:12:48,811 - INFO - [Cantabria] Downloaded 1 records for 2023-07
2026-08-26 01:12:51,812 - INFO - [Cantabria] Downloaded 1 records for 2023-08
2026-08-26 01:12:54,933 - INFO - [Cantabria] Downloaded 1 records for 2023-09
2026-08-26 01:12:58,097 - INFO - [Cantabria] Downloaded 1 records for 2023-10
2026-08-26 01:13:01,131 - INFO - [Cantabria] Downloaded 1 records for 2023-11
2026-08-26 01:13:04,042 - INFO - [Cantabria] Downloaded 1 records for 2023-12
2026-08-26 01:13:06,911 - INFO - [Cantabria] Downloaded 1 records for 2024-01
2026-08-26 01:13:09,674 - INFO - [Cantabria] Downloaded 1 records for 2024-02
2026-08-26 01:13:12,640 - INFO - [Cantabria] Downloaded 1 records for 2024-03
2026-08-26 01:13:15,716 - INFO - [Cantabria] Downloaded 1 records for 2024-04
2026-08-26 01:13:18,877 - INFO - [Cantabria] Downloaded 1 records for 2024-05
2026-08-26 01:13:21,912 - INFO - [Cantabria] Downloaded 1 records for 2024-06
2026-08-26 01:13:24,829 - INFO - [Cantabria] Downloaded 1 records for 2024-07
2026-08-26 01:13:28,112 - INFO - [Cantabria] Downloaded 1 records for 2024-08
2026-08-26 01:13:31,076 - INFO - [Cantabria] Downloaded 1 records for 2024-09
2026-08-26 01:13:34,047 - INFO - [Cantabria] Downloaded 1 records for 2024-10
2026-08-26 01:13:36,826 - INFO - [Cantabria] Downloaded 1 records for 2024-11
2026-08-26 01:13:39,884 - INFO - [Cantabria] Downloaded 1 records for 2024-12
2026-08-26 01:13:42,963 - INFO - [Cantabria] Downloaded 1 records for 2025-01
2026-08-26 01:13:46,031 - INFO - [Cantabria] Downloaded 1 records for 2025-02
2026-08-26 01:13:49,158 - INFO - [Cantabria] Downloaded 1 records for 2025-03
2026-08-26 01:13:52,172 - INFO - [Cantabria] Downloaded 1 records for 2025-04
2026-08-26 01:13:55,080 - INFO - [Cantabria] Downloaded 1 records for 2025-05
2026-08-26 01:13:58,304 - INFO - [Cantabria] Downloaded 1 records for 2025-06
2026-08-26 01:14:01,614 - INFO - [Cantabria] Downloaded 1 records for 2025-07
2026-08-26 01:14:04,872 - INFO - [Cantabria] Downloaded 1 records for 2025-08
2026-08-26 01:14:07,944 - INFO - [Cantabria] Downloaded 1 records for 2025-09
2026-08-26 01:14:10,914 - INFO - [Cantabria] Downloaded 1 records for 2025-10
2026-08-26 01:14:13,881 - INFO - [Cantabria] Downloaded 1 records for 2025-11
2026-08-26 01:14:16,895 - INFO - [Cantabria] Downloaded 1 records for 2025-12
2026-08-26 01:14:20,060 - INFO - [Cantabria] Downloaded 1 records for 2026-01
2026-08-26 01:14:23,101 - INFO - [Cantabria] Downloaded 1 records for 2026-02
2026-08-26 01:14:26,273 - INFO - [Cantabria] Downloaded 1 records for 2026-03
2026-08-26 01:14:29,246 - INFO - [Cantabria] Downloaded 1 records for 2026-04
2026-08-26 01:14:32,129 - INFO - [Cantabria] Downloaded 1 records for 2026-05
2026-08-26 01:14:34,983 - INFO - [Cantabria] Downloaded 1 records for 2026-06
2026-08-26 01:14:41,765 - INFO - [Cantabria] Downloaded 1 records for 2026-07
2026-08-26 01:14:50,136 - ERROR - Failed https://apidatos.ree.es/en/datos/demanda/evolucion?start_date=2026-08-01T00:00&end_date=2026-08-26T23:59&geo_limit=ccaa&geo_ids=6&time_trunc=day (HTTP 502)
2026-08-26 01:14:50,137 - WARNING - [Cantabria] No data returned for 2026-08
2026-08-26 01:14:50,641 - INFO - --- Processing Castilla la Mancha ---
2026-08-26 01:14:53,012 - INFO - [Castilla la Mancha] Downloaded 1 records for 2015-01
2026-08-26 01:14:55,976 - INFO - [Castilla la Mancha] Downloaded 1 records for 2015-02
2026-08-26 01:14:58,942 - INFO - [Castilla la Mancha] Downloaded 1 records for 2015-03
2026-08-26 01:15:01,788 - INFO - [Castilla la Mancha] Downloaded 1 records for 2015-04
2026-08-26 01:15:04,344 - INFO - [Castilla la Mancha] Downloaded 1 records for 2015-05
2026-08-26 01:15:07,386 - INFO - [Castilla la Mancha] Downloaded 1 records for 2015-06
2026-08-26 01:15:10,823 - INFO - [Castilla la Mancha] Downloaded 1 records for 2015-07
2026-08-26 01:15:13,777 - INFO - [Castilla la Mancha] Downloaded 1 records for 2015-08
2026-08-26 01:15:16,446 - INFO - [Castilla la Mancha] Downloaded 1 records for 2015-09
2026-08-26 01:15:19,633 - INFO - [Castilla la Mancha] Downloaded 1 records for 2015-10
2026-08-26 01:15:23,072 - INFO - [Castilla la Mancha] Downloaded 1 records for 2015-11
2026-08-26 01:15:26,389 - INFO - [Castilla la Mancha] Downloaded 1 records for 2015-12
2026-08-26 01:15:29,627 - INFO - [Castilla la Mancha] Downloaded 1 records for 2016-01
2026-08-26 01:15:32,679 - INFO - [Castilla la Mancha] Downloaded 1 records for 2016-02
2026-08-26 01:15:36,325 - INFO - [Castilla la Mancha] Downloaded 1 records for 2016-03
2026-08-26 01:15:39,419 - INFO - [Castilla la Mancha] Downloaded 1 records for 2016-04
2026-08-26 01:15:42,652 - INFO - [Castilla la Mancha] Downloaded 1 records for 2016-05
2026-08-26 01:15:45,732 - INFO - [Castilla la Mancha] Downloaded 1 records for 2016-06
2026-08-26 01:15:48,508 - INFO - [Castilla la Mancha] Downloaded 1 records for 2016-07
2026-08-26 01:15:51,687 - INFO - [Castilla la Mancha] Downloaded 1 records for 2016-08
2026-08-26 01:15:54,743 - INFO - [Castilla la Mancha] Downloaded 1 records for 2016-09
2026-08-26 01:15:57,305 - INFO - [Castilla la Mancha] Downloaded 1 records for 2016-10
2026-08-26 01:15:59,959 - INFO - [Castilla la Mancha] Downloaded 1 records for 2016-11
2026-08-26 01:16:02,603 - INFO - [Castilla la Mancha] Downloaded 1 records for 2016-12
2026-08-26 01:16:05,623 - INFO - [Castilla la Mancha] Downloaded 1 records for 2017-01
2026-08-26 01:16:08,692 - INFO - [Castilla la Mancha] Downloaded 1 records for 2017-02
2026-08-26 01:16:12,271 - INFO - [Castilla la Mancha] Downloaded 1 records for 2017-03
2026-08-26 01:16:15,108 - INFO - [Castilla la Mancha] Downloaded 1 records for 2017-04
2026-08-26 01:16:18,039 - INFO - [Castilla la Mancha] Downloaded 1 records for 2017-05
2026-08-26 01:16:20,985 - INFO - [Castilla la Mancha] Downloaded 1 records for 2017-06
2026-08-26 01:16:24,030 - INFO - [Castilla la Mancha] Downloaded 1 records for 2017-07
2026-08-26 01:16:26,981 - INFO - [Castilla la Mancha] Downloaded 1 records for 2017-08
2026-08-26 01:16:29,988 - INFO - [Castilla la Mancha] Downloaded 1 records for 2017-09
2026-08-26 01:16:32,802 - INFO - [Castilla la Mancha] Downloaded 1 records for 2017-10
2026-08-26 01:16:35,351 - INFO - [Castilla la Mancha] Downloaded 1 records for 2017-11
2026-08-26 01:16:38,281 - INFO - [Castilla la Mancha] Downloaded 1 records for 2017-12
2026-08-26 01:16:41,044 - INFO - [Castilla la Mancha] Downloaded 1 records for 2018-01
2026-08-26 01:16:44,016 - INFO - [Castilla la Mancha] Downloaded 1 records for 2018-02
2026-08-26 01:16:46,786 - INFO - [Castilla la Mancha] Downloaded 1 records for 2018-03
2026-08-26 01:16:49,463 - INFO - [Castilla la Mancha] Downloaded 1 records for 2018-04
2026-08-26 01:16:52,414 - INFO - [Castilla la Mancha] Downloaded 1 records for 2018-05
2026-08-26 01:16:55,711 - INFO - [Castilla la Mancha] Downloaded 1 records for 2018-06
2026-08-26 01:16:58,516 - INFO - [Castilla la Mancha] Downloaded 1 records for 2018-07
2026-08-26 01:17:01,314 - INFO - [Castilla la Mancha] Downloaded 1 records for 2018-08
2026-08-26 01:17:04,349 - INFO - [Castilla la Mancha] Downloaded 1 records for 2018-09
2026-08-26 01:17:07,556 - INFO - [Castilla la Mancha] Downloaded 1 records for 2018-10
2026-08-26 01:17:10,043 - INFO - [Castilla la Mancha] Downloaded 1 records for 2018-11
2026-08-26 01:17:12,867 - INFO - [Castilla la Mancha] Downloaded 1 records for 2018-12
2026-08-26 01:17:15,554 - INFO - [Castilla la Mancha] Downloaded 1 records for 2019-01
2026-08-26 01:17:18,645 - INFO - [Castilla la Mancha] Downloaded 1 records for 2019-02
2026-08-26 01:17:21,161 - INFO - [Castilla la Mancha] Downloaded 1 records for 2019-03
2026-08-26 01:17:24,062 - INFO - [Castilla la Mancha] Downloaded 1 records for 2019-04
2026-08-26 01:17:27,612 - INFO - [Castilla la Mancha] Downloaded 1 records for 2019-05
2026-08-26 01:17:30,659 - INFO - [Castilla la Mancha] Downloaded 1 records for 2019-06
2026-08-26 01:17:33,476 - INFO - [Castilla la Mancha] Downloaded 1 records for 2019-07
2026-08-26 01:17:36,609 - INFO - [Castilla la Mancha] Downloaded 1 records for 2019-08
2026-08-26 01:17:39,561 - INFO - [Castilla la Mancha] Downloaded 1 records for 2019-09
2026-08-26 01:17:42,187 - INFO - [Castilla la Mancha] Downloaded 1 records for 2019-10
2026-08-26 01:17:45,313 - INFO - [Castilla la Mancha] Downloaded 1 records for 2019-11
2026-08-26 01:17:48,040 - INFO - [Castilla la Mancha] Downloaded 1 records for 2019-12
2026-08-26 01:17:50,767 - INFO - [Castilla la Mancha] Downloaded 1 records for 2020-01
2026-08-26 01:17:53,292 - INFO - [Castilla la Mancha] Downloaded 1 records for 2020-02
2026-08-26 01:17:55,877 - INFO - [Castilla la Mancha] Downloaded 1 records for 2020-03
2026-08-26 01:17:58,506 - INFO - [Castilla la Mancha] Downloaded 1 records for 2020-04
2026-08-26 01:18:01,576 - INFO - [Castilla la Mancha] Downloaded 1 records for 2020-05
2026-08-26 01:18:04,717 - INFO - [Castilla la Mancha] Downloaded 1 records for 2020-06
2026-08-26 01:18:07,409 - INFO - [Castilla la Mancha] Downloaded 1 records for 2020-07
2026-08-26 01:18:09,989 - INFO - [Castilla la Mancha] Downloaded 1 records for 2020-08
2026-08-26 01:18:12,677 - INFO - [Castilla la Mancha] Downloaded 1 records for 2020-09
2026-08-26 01:18:15,411 - INFO - [Castilla la Mancha] Downloaded 1 records for 2020-10
2026-08-26 01:18:18,273 - INFO - [Castilla la Mancha] Downloaded 1 records for 2020-11
2026-08-26 01:18:20,834 - INFO - [Castilla la Mancha] Downloaded 1 records for 2020-12
2026-08-26 01:18:23,597 - INFO - [Castilla la Mancha] Downloaded 1 records for 2021-01
2026-08-26 01:18:26,234 - INFO - [Castilla la Mancha] Downloaded 1 records for 2021-02
2026-08-26 01:18:29,535 - INFO - [Castilla la Mancha] Downloaded 1 records for 2021-03
2026-08-26 01:18:32,357 - INFO - [Castilla la Mancha] Downloaded 1 records for 2021-04
2026-08-26 01:18:34,916 - INFO - [Castilla la Mancha] Downloaded 1 records for 2021-05
2026-08-26 01:18:37,500 - INFO - [Castilla la Mancha] Downloaded 1 records for 2021-06
2026-08-26 01:18:40,197 - INFO - [Castilla la Mancha] Downloaded 1 records for 2021-07
2026-08-26 01:18:43,084 - INFO - [Castilla la Mancha] Downloaded 1 records for 2021-08
2026-08-26 01:18:46,006 - INFO - [Castilla la Mancha] Downloaded 1 records for 2021-09
2026-08-26 01:18:49,334 - INFO - [Castilla la Mancha] Downloaded 1 records for 2021-10
2026-08-26 01:18:52,607 - INFO - [Castilla la Mancha] Downloaded 1 records for 2021-11
2026-08-26 01:18:55,629 - INFO - [Castilla la Mancha] Downloaded 1 records for 2021-12
2026-08-26 01:18:58,691 - INFO - [Castilla la Mancha] Downloaded 1 records for 2022-01
2026-08-26 01:19:01,318 - INFO - [Castilla la Mancha] Downloaded 1 records for 2022-02
2026-08-26 01:19:03,943 - INFO - [Castilla la Mancha] Downloaded 1 records for 2022-03
2026-08-26 01:19:06,522 - INFO - [Castilla la Mancha] Downloaded 1 records for 2022-04
2026-08-26 01:19:09,017 - INFO - [Castilla la Mancha] Downloaded 1 records for 2022-05
2026-08-26 01:19:11,659 - INFO - [Castilla la Mancha] Downloaded 1 records for 2022-06
2026-08-26 01:19:14,366 - INFO - [Castilla la Mancha] Downloaded 1 records for 2022-07
2026-08-26 01:19:17,473 - INFO - [Castilla la Mancha] Downloaded 1 records for 2022-08
2026-08-26 01:19:20,383 - INFO - [Castilla la Mancha] Downloaded 1 records for 2022-09
2026-08-26 01:19:22,963 - INFO - [Castilla la Mancha] Downloaded 1 records for 2022-10
2026-08-26 01:19:25,515 - INFO - [Castilla la Mancha] Downloaded 1 records for 2022-11
2026-08-26 01:19:28,108 - INFO - [Castilla la Mancha] Downloaded 1 records for 2022-12
2026-08-26 01:19:30,934 - INFO - [Castilla la Mancha] Downloaded 1 records for 2023-01
2026-08-26 01:19:33,481 - INFO - [Castilla la Mancha] Downloaded 1 records for 2023-02
2026-08-26 01:19:36,041 - INFO - [Castilla la Mancha] Downloaded 1 records for 2023-03
2026-08-26 01:19:38,762 - INFO - [Castilla la Mancha] Downloaded 1 records for 2023-04
2026-08-26 01:19:41,540 - INFO - [Castilla la Mancha] Downloaded 1 records for 2023-05
2026-08-26 01:19:44,692 - INFO - [Castilla la Mancha] Downloaded 1 records for 2023-06
2026-08-26 01:19:47,251 - INFO - [Castilla la Mancha] Downloaded 1 records for 2023-07
2026-08-26 01:19:49,897 - INFO - [Castilla la Mancha] Downloaded 1 records for 2023-08
2026-08-26 01:19:52,682 - INFO - [Castilla la Mancha] Downloaded 1 records for 2023-09
2026-08-26 01:19:55,266 - INFO - [Castilla la Mancha] Downloaded 1 records for 2023-10
2026-08-26 01:19:57,801 - INFO - [Castilla la Mancha] Downloaded 1 records for 2023-11
2026-08-26 01:20:00,368 - INFO - [Castilla la Mancha] Downloaded 1 records for 2023-12
2026-08-26 01:20:02,912 - INFO - [Castilla la Mancha] Downloaded 1 records for 2024-01
2026-08-26 01:20:05,990 - INFO - [Castilla la Mancha] Downloaded 1 records for 2024-02
2026-08-26 01:20:09,023 - INFO - [Castilla la Mancha] Downloaded 1 records for 2024-03
2026-08-26 01:20:11,816 - INFO - [Castilla la Mancha] Downloaded 1 records for 2024-04
2026-08-26 01:20:14,839 - INFO - [Castilla la Mancha] Downloaded 1 records for 2024-05
2026-08-26 01:20:17,625 - INFO - [Castilla la Mancha] Downloaded 1 records for 2024-06
2026-08-26 01:20:20,301 - INFO - [Castilla la Mancha] Downloaded 1 records for 2024-07
2026-08-26 01:20:22,997 - INFO - [Castilla la Mancha] Downloaded 1 records for 2024-08
2026-08-26 01:20:25,785 - INFO - [Castilla la Mancha] Downloaded 1 records for 2024-09
2026-08-26 01:20:28,428 - INFO - [Castilla la Mancha] Downloaded 1 records for 2024-10
2026-08-26 01:20:31,264 - INFO - [Castilla la Mancha] Downloaded 1 records for 2024-11
2026-08-26 01:20:33,976 - INFO - [Castilla la Mancha] Downloaded 1 records for 2024-12
2026-08-26 01:20:36,787 - INFO - [Castilla la Mancha] Downloaded 1 records for 2025-01
2026-08-26 01:20:39,405 - INFO - [Castilla la Mancha] Downloaded 1 records for 2025-02
2026-08-26 01:20:42,125 - INFO - [Castilla la Mancha] Downloaded 1 records for 2025-03
2026-08-26 01:20:44,753 - INFO - [Castilla la Mancha] Downloaded 1 records for 2025-04
2026-08-26 01:20:47,542 - INFO - [Castilla la Mancha] Downloaded 1 records for 2025-05
2026-08-26 01:20:50,290 - INFO - [Castilla la Mancha] Downloaded 1 records for 2025-06
2026-08-26 01:20:53,168 - INFO - [Castilla la Mancha] Downloaded 1 records for 2025-07
2026-08-26 01:20:55,895 - INFO - [Castilla la Mancha] Downloaded 1 records for 2025-08
2026-08-26 01:20:58,683 - INFO - [Castilla la Mancha] Downloaded 1 records for 2025-09
2026-08-26 01:21:02,023 - INFO - [Castilla la Mancha] Downloaded 1 records for 2025-10
2026-08-26 01:21:05,289 - INFO - [Castilla la Mancha] Downloaded 1 records for 2025-11
2026-08-26 01:21:08,212 - INFO - [Castilla la Mancha] Downloaded 1 records for 2025-12
2026-08-26 01:21:11,272 - INFO - [Castilla la Mancha] Downloaded 1 records for 2026-01
2026-08-26 01:21:13,931 - INFO - [Castilla la Mancha] Downloaded 1 records for 2026-02
2026-08-26 01:21:17,090 - INFO - [Castilla la Mancha] Downloaded 1 records for 2026-03
2026-08-26 01:21:19,960 - INFO - [Castilla la Mancha] Downloaded 1 records for 2026-04
2026-08-26 01:21:23,206 - INFO - [Castilla la Mancha] Downloaded 1 records for 2026-05
2026-08-26 01:21:25,841 - INFO - [Castilla la Mancha] Downloaded 1 records for 2026-06
2026-08-26 01:21:31,525 - INFO - [Castilla la Mancha] Downloaded 1 records for 2026-07
2026-08-26 01:21:38,683 - ERROR - Failed https://apidatos.ree.es/en/datos/demanda/evolucion?start_date=2026-08-01T00:00&end_date=2026-08-26T23:59&geo_limit=ccaa&geo_ids=7&time_trunc=day (HTTP 502)
2026-08-26 01:21:38,684 - WARNING - [Castilla la Mancha] No data returned for 2026-08
2026-08-26 01:21:39,188 - INFO - --- Processing Castilla y León ---
2026-08-26 01:21:41,285 - INFO - [Castilla y León] Downloaded 1 records for 2015-01
2026-08-26 01:21:44,085 - INFO - [Castilla y León] Downloaded 1 records for 2015-02
2026-08-26 01:21:46,573 - INFO - [Castilla y León] Downloaded 1 records for 2015-03
2026-08-26 01:21:50,352 - INFO - [Castilla y León] Downloaded 1 records for 2015-04
2026-08-26 01:21:52,892 - INFO - [Castilla y León] Downloaded 1 records for 2015-05
2026-08-26 01:21:55,553 - INFO - [Castilla y León] Downloaded 1 records for 2015-06
2026-08-26 01:21:58,677 - INFO - [Castilla y León] Downloaded 1 records for 2015-07
2026-08-26 01:22:01,188 - INFO - [Castilla y León] Downloaded 1 records for 2015-08
2026-08-26 01:22:03,783 - INFO - [Castilla y León] Downloaded 1 records for 2015-09
2026-08-26 01:22:06,325 - INFO - [Castilla y León] Downloaded 1 records for 2015-10
2026-08-26 01:22:08,901 - INFO - [Castilla y León] Downloaded 1 records for 2015-11
2026-08-26 01:22:11,956 - INFO - [Castilla y León] Downloaded 1 records for 2015-12
2026-08-26 01:22:14,524 - INFO - [Castilla y León] Downloaded 1 records for 2016-01
2026-08-26 01:22:17,363 - INFO - [Castilla y León] Downloaded 1 records for 2016-02
2026-08-26 01:22:19,926 - INFO - [Castilla y León] Downloaded 1 records for 2016-03
2026-08-26 01:22:22,468 - INFO - [Castilla y León] Downloaded 1 records for 2016-04
2026-08-26 01:22:25,014 - INFO - [Castilla y León] Downloaded 1 records for 2016-05
2026-08-26 01:22:27,759 - INFO - [Castilla y León] Downloaded 1 records for 2016-06
2026-08-26 01:22:30,389 - INFO - [Castilla y León] Downloaded 1 records for 2016-07
2026-08-26 01:22:32,875 - INFO - [Castilla y León] Downloaded 1 records for 2016-08
2026-08-26 01:22:35,505 - INFO - [Castilla y León] Downloaded 1 records for 2016-09
2026-08-26 01:22:38,150 - INFO - [Castilla y León] Downloaded 1 records for 2016-10
2026-08-26 01:22:40,709 - INFO - [Castilla y León] Downloaded 1 records for 2016-11
2026-08-26 01:22:43,177 - INFO - [Castilla y León] Downloaded 1 records for 2016-12
2026-08-26 01:22:46,152 - INFO - [Castilla y León] Downloaded 1 records for 2017-01
2026-08-26 01:22:49,265 - INFO - [Castilla y León] Downloaded 1 records for 2017-02
2026-08-26 01:22:51,862 - INFO - [Castilla y León] Downloaded 1 records for 2017-03
2026-08-26 01:22:54,399 - INFO - [Castilla y León] Downloaded 1 records for 2017-04
2026-08-26 01:22:56,915 - INFO - [Castilla y León] Downloaded 1 records for 2017-05
2026-08-26 01:22:59,411 - INFO - [Castilla y León] Downloaded 1 records for 2017-06
2026-08-26 01:23:02,156 - INFO - [Castilla y León] Downloaded 1 records for 2017-07
2026-08-26 01:23:04,717 - INFO - [Castilla y León] Downloaded 1 records for 2017-08
2026-08-26 01:23:07,257 - INFO - [Castilla y León] Downloaded 1 records for 2017-09
2026-08-26 01:23:09,817 - INFO - [Castilla y León] Downloaded 1 records for 2017-10
2026-08-26 01:23:12,720 - INFO - [Castilla y León] Downloaded 1 records for 2017-11
2026-08-26 01:23:15,449 - INFO - [Castilla y León] Downloaded 1 records for 2017-12
2026-08-26 01:23:18,011 - INFO - [Castilla y León] Downloaded 1 records for 2018-01
2026-08-26 01:23:20,546 - INFO - [Castilla y León] Downloaded 1 records for 2018-02
2026-08-26 01:23:23,418 - INFO - [Castilla y León] Downloaded 1 records for 2018-03
2026-08-26 01:23:25,951 - INFO - [Castilla y León] Downloaded 1 records for 2018-04
2026-08-26 01:23:28,540 - INFO - [Castilla y León] Downloaded 1 records for 2018-05
2026-08-26 01:23:31,110 - INFO - [Castilla y León] Downloaded 1 records for 2018-06
2026-08-26 01:23:33,821 - INFO - [Castilla y León] Downloaded 1 records for 2018-07
2026-08-26 01:23:36,767 - INFO - [Castilla y León] Downloaded 1 records for 2018-08
2026-08-26 01:23:39,419 - INFO - [Castilla y León] Downloaded 1 records for 2018-09
2026-08-26 01:23:41,967 - INFO - [Castilla y León] Downloaded 1 records for 2018-10
2026-08-26 01:23:44,550 - INFO - [Castilla y León] Downloaded 1 records for 2018-11
2026-08-26 01:23:47,107 - INFO - [Castilla y León] Downloaded 1 records for 2018-12
2026-08-26 01:23:49,665 - INFO - [Castilla y León] Downloaded 1 records for 2019-01
2026-08-26 01:23:52,225 - INFO - [Castilla y León] Downloaded 1 records for 2019-02
2026-08-26 01:23:54,824 - INFO - [Castilla y León] Downloaded 1 records for 2019-03
2026-08-26 01:23:57,365 - INFO - [Castilla y León] Downloaded 1 records for 2019-04
2026-08-26 01:23:59,929 - INFO - [Castilla y León] Downloaded 1 records for 2019-05
2026-08-26 01:24:02,469 - INFO - [Castilla y León] Downloaded 1 records for 2019-06
2026-08-26 01:24:05,200 - INFO - [Castilla y León] Downloaded 1 records for 2019-07
2026-08-26 01:24:07,754 - INFO - [Castilla y León] Downloaded 1 records for 2019-08
2026-08-26 01:24:10,224 - INFO - [Castilla y León] Downloaded 1 records for 2019-09
2026-08-26 01:24:13,021 - INFO - [Castilla y León] Downloaded 1 records for 2019-10
2026-08-26 01:24:15,596 - INFO - [Castilla y León] Downloaded 1 records for 2019-11
2026-08-26 01:24:18,773 - INFO - [Castilla y León] Downloaded 1 records for 2019-12
2026-08-26 01:24:21,719 - INFO - [Castilla y León] Downloaded 1 records for 2020-01
2026-08-26 01:24:24,432 - INFO - [Castilla y León] Downloaded 1 records for 2020-02
2026-08-26 01:24:27,909 - INFO - [Castilla y León] Downloaded 1 records for 2020-03
2026-08-26 01:24:30,524 - INFO - [Castilla y León] Downloaded 1 records for 2020-04
2026-08-26 01:24:33,349 - INFO - [Castilla y León] Downloaded 1 records for 2020-05
2026-08-26 01:24:35,960 - INFO - [Castilla y León] Downloaded 1 records for 2020-06
2026-08-26 01:24:38,796 - INFO - [Castilla y León] Downloaded 1 records for 2020-07
2026-08-26 01:24:41,504 - INFO - [Castilla y León] Downloaded 1 records for 2020-08
2026-08-26 01:24:44,208 - INFO - [Castilla y León] Downloaded 1 records for 2020-09
2026-08-26 01:24:46,910 - INFO - [Castilla y León] Downloaded 1 records for 2020-10
2026-08-26 01:24:49,676 - INFO - [Castilla y León] Downloaded 1 records for 2020-11
2026-08-26 01:24:52,385 - INFO - [Castilla y León] Downloaded 1 records for 2020-12
2026-08-26 01:24:55,267 - INFO - [Castilla y León] Downloaded 1 records for 2021-01
2026-08-26 01:24:57,911 - INFO - [Castilla y León] Downloaded 1 records for 2021-02
2026-08-26 01:25:00,922 - INFO - [Castilla y León] Downloaded 1 records for 2021-03
2026-08-26 01:25:03,522 - INFO - [Castilla y León] Downloaded 1 records for 2021-04
2026-08-26 01:25:06,155 - INFO - [Castilla y León] Downloaded 1 records for 2021-05
2026-08-26 01:25:08,732 - INFO - [Castilla y León] Downloaded 1 records for 2021-06
2026-08-26 01:25:11,298 - INFO - [Castilla y León] Downloaded 1 records for 2021-07
2026-08-26 01:25:14,146 - INFO - [Castilla y León] Downloaded 1 records for 2021-08
2026-08-26 01:25:16,738 - INFO - [Castilla y León] Downloaded 1 records for 2021-09
2026-08-26 01:25:19,294 - INFO - [Castilla y León] Downloaded 1 records for 2021-10
2026-08-26 01:25:21,845 - INFO - [Castilla y León] Downloaded 1 records for 2021-11
2026-08-26 01:25:24,547 - INFO - [Castilla y León] Downloaded 1 records for 2021-12
2026-08-26 01:25:34,173 - INFO - [Castilla y León] Downloaded 1 records for 2022-01
2026-08-26 01:25:36,878 - INFO - [Castilla y León] Downloaded 1 records for 2022-02
2026-08-26 01:25:39,847 - INFO - [Castilla y León] Downloaded 1 records for 2022-03
2026-08-26 01:25:42,541 - INFO - [Castilla y León] Downloaded 1 records for 2022-04
2026-08-26 01:25:45,189 - INFO - [Castilla y León] Downloaded 1 records for 2022-05
2026-08-26 01:25:47,812 - INFO - [Castilla y León] Downloaded 1 records for 2022-06
2026-08-26 01:25:50,629 - INFO - [Castilla y León] Downloaded 1 records for 2022-07
2026-08-26 01:25:53,197 - INFO - [Castilla y León] Downloaded 1 records for 2022-08
2026-08-26 01:25:55,748 - INFO - [Castilla y León] Downloaded 1 records for 2022-09
2026-08-26 01:25:58,644 - INFO - [Castilla y León] Downloaded 1 records for 2022-10
2026-08-26 01:26:01,199 - INFO - [Castilla y León] Downloaded 1 records for 2022-11
2026-08-26 01:26:03,929 - INFO - [Castilla y León] Downloaded 1 records for 2022-12
2026-08-26 01:26:07,066 - INFO - [Castilla y León] Downloaded 1 records for 2023-01
2026-08-26 01:26:10,160 - INFO - [Castilla y León] Downloaded 1 records for 2023-02
2026-08-26 01:26:13,531 - INFO - [Castilla y León] Downloaded 1 records for 2023-03
2026-08-26 01:26:16,400 - INFO - [Castilla y León] Downloaded 1 records for 2023-04
2026-08-26 01:26:19,119 - INFO - [Castilla y León] Downloaded 1 records for 2023-05
2026-08-26 01:26:21,853 - INFO - [Castilla y León] Downloaded 1 records for 2023-06
2026-08-26 01:26:24,555 - INFO - [Castilla y León] Downloaded 1 records for 2023-07
2026-08-26 01:26:27,340 - INFO - [Castilla y León] Downloaded 1 records for 2023-08
2026-08-26 01:26:30,067 - INFO - [Castilla y León] Downloaded 1 records for 2023-09
2026-08-26 01:26:32,630 - INFO - [Castilla y León] Downloaded 1 records for 2023-10
2026-08-26 01:26:35,330 - INFO - [Castilla y León] Downloaded 1 records for 2023-11
2026-08-26 01:26:37,854 - INFO - [Castilla y León] Downloaded 1 records for 2023-12
2026-08-26 01:26:40,397 - INFO - [Castilla y León] Downloaded 1 records for 2024-01
2026-08-26 01:26:43,112 - INFO - [Castilla y León] Downloaded 1 records for 2024-02
2026-08-26 01:26:45,773 - INFO - [Castilla y León] Downloaded 1 records for 2024-03
2026-08-26 01:26:48,597 - INFO - [Castilla y León] Downloaded 1 records for 2024-04
2026-08-26 01:26:51,248 - INFO - [Castilla y León] Downloaded 1 records for 2024-05
2026-08-26 01:26:53,958 - INFO - [Castilla y León] Downloaded 1 records for 2024-06
2026-08-26 01:26:56,561 - INFO - [Castilla y León] Downloaded 1 records for 2024-07
2026-08-26 01:26:59,427 - INFO - [Castilla y León] Downloaded 1 records for 2024-08
2026-08-26 01:27:02,144 - INFO - [Castilla y León] Downloaded 1 records for 2024-09
2026-08-26 01:27:04,980 - INFO - [Castilla y León] Downloaded 1 records for 2024-10
2026-08-26 01:27:07,702 - INFO - [Castilla y León] Downloaded 1 records for 2024-11
2026-08-26 01:27:10,585 - INFO - [Castilla y León] Downloaded 1 records for 2024-12
2026-08-26 01:27:13,376 - INFO - [Castilla y León] Downloaded 1 records for 2025-01
2026-08-26 01:27:16,025 - INFO - [Castilla y León] Downloaded 1 records for 2025-02
2026-08-26 01:27:18,634 - INFO - [Castilla y León] Downloaded 1 records for 2025-03
2026-08-26 01:27:21,355 - INFO - [Castilla y León] Downloaded 1 records for 2025-04
2026-08-26 01:27:24,398 - INFO - [Castilla y León] Downloaded 1 records for 2025-05
2026-08-26 01:27:27,125 - INFO - [Castilla y León] Downloaded 1 records for 2025-06
2026-08-26 01:27:30,038 - INFO - [Castilla y León] Downloaded 1 records for 2025-07
2026-08-26 01:27:35,561 - INFO - [Castilla y León] Downloaded 1 records for 2025-08
2026-08-26 01:27:38,481 - INFO - [Castilla y León] Downloaded 1 records for 2025-09
2026-08-26 01:27:42,025 - INFO - [Castilla y León] Downloaded 1 records for 2025-10
2026-08-26 01:27:44,827 - INFO - [Castilla y León] Downloaded 1 records for 2025-11
2026-08-26 01:27:47,597 - INFO - [Castilla y León] Downloaded 1 records for 2025-12
2026-08-26 01:27:50,262 - INFO - [Castilla y León] Downloaded 1 records for 2026-01
2026-08-26 01:27:52,889 - INFO - [Castilla y León] Downloaded 1 records for 2026-02
2026-08-26 01:27:55,600 - INFO - [Castilla y León] Downloaded 1 records for 2026-03
2026-08-26 01:27:58,807 - INFO - [Castilla y León] Downloaded 1 records for 2026-04
2026-08-26 01:28:01,839 - INFO - [Castilla y León] Downloaded 1 records for 2026-05
2026-08-26 01:28:04,659 - INFO - [Castilla y León] Downloaded 1 records for 2026-06
2026-08-26 01:28:10,145 - INFO - [Castilla y León] Downloaded 1 records for 2026-07
2026-08-26 01:28:17,201 - ERROR - Failed https://apidatos.ree.es/en/datos/demanda/evolucion?start_date=2026-08-01T00:00&end_date=2026-08-26T23:59&geo_limit=ccaa&geo_ids=8&time_trunc=day (HTTP 502)
2026-08-26 01:28:17,201 - WARNING - [Castilla y León] No data returned for 2026-08
2026-08-26 01:28:17,703 - INFO - --- Processing Cataluña ---
2026-08-26 01:28:19,766 - INFO - [Cataluña] Downloaded 1 records for 2015-01
2026-08-26 01:28:22,403 - INFO - [Cataluña] Downloaded 1 records for 2015-02
2026-08-26 01:28:25,084 - INFO - [Cataluña] Downloaded 1 records for 2015-03
2026-08-26 01:28:28,081 - INFO - [Cataluña] Downloaded 1 records for 2015-04
2026-08-26 01:28:30,674 - INFO - [Cataluña] Downloaded 1 records for 2015-05
2026-08-26 01:28:33,373 - INFO - [Cataluña] Downloaded 1 records for 2015-06
2026-08-26 01:28:36,618 - INFO - [Cataluña] Downloaded 1 records for 2015-07
2026-08-26 01:28:39,412 - INFO - [Cataluña] Downloaded 1 records for 2015-08
2026-08-26 01:28:42,014 - INFO - [Cataluña] Downloaded 1 records for 2015-09
2026-08-26 01:28:44,571 - INFO - [Cataluña] Downloaded 1 records for 2015-10
2026-08-26 01:28:47,283 - INFO - [Cataluña] Downloaded 1 records for 2015-11
2026-08-26 01:28:50,470 - INFO - [Cataluña] Downloaded 1 records for 2015-12
2026-08-26 01:28:53,057 - INFO - [Cataluña] Downloaded 1 records for 2016-01
2026-08-26 01:28:55,611 - INFO - [Cataluña] Downloaded 1 records for 2016-02
2026-08-26 01:28:58,548 - INFO - [Cataluña] Downloaded 1 records for 2016-03
2026-08-26 01:29:02,321 - INFO - [Cataluña] Downloaded 1 records for 2016-04
2026-08-26 01:29:05,136 - INFO - [Cataluña] Downloaded 1 records for 2016-05
2026-08-26 01:29:07,843 - INFO - [Cataluña] Downloaded 1 records for 2016-06
2026-08-26 01:29:10,765 - INFO - [Cataluña] Downloaded 1 records for 2016-07
2026-08-26 01:29:13,984 - INFO - [Cataluña] Downloaded 1 records for 2016-08
2026-08-26 01:29:16,920 - INFO - [Cataluña] Downloaded 1 records for 2016-09
2026-08-26 01:29:19,788 - INFO - [Cataluña] Downloaded 1 records for 2016-10
2026-08-26 01:29:22,528 - INFO - [Cataluña] Downloaded 1 records for 2016-11
2026-08-26 01:29:25,153 - INFO - [Cataluña] Downloaded 1 records for 2016-12
2026-08-26 01:29:28,112 - INFO - [Cataluña] Downloaded 1 records for 2017-01
2026-08-26 01:29:31,063 - INFO - [Cataluña] Downloaded 1 records for 2017-02
2026-08-26 01:29:33,921 - INFO - [Cataluña] Downloaded 1 records for 2017-03
2026-08-26 01:29:36,589 - INFO - [Cataluña] Downloaded 1 records for 2017-04
2026-08-26 01:29:39,104 - INFO - [Cataluña] Downloaded 1 records for 2017-05
2026-08-26 01:29:41,857 - INFO - [Cataluña] Downloaded 1 records for 2017-06
2026-08-26 01:29:44,573 - INFO - [Cataluña] Downloaded 1 records for 2017-07
2026-08-26 01:29:47,289 - INFO - [Cataluña] Downloaded 1 records for 2017-08
2026-08-26 01:29:50,105 - INFO - [Cataluña] Downloaded 1 records for 2017-09
2026-08-26 01:29:53,071 - INFO - [Cataluña] Downloaded 1 records for 2017-10
2026-08-26 01:29:55,631 - INFO - [Cataluña] Downloaded 1 records for 2017-11
2026-08-26 01:29:58,418 - INFO - [Cataluña] Downloaded 1 records for 2017-12
2026-08-26 01:30:01,428 - INFO - [Cataluña] Downloaded 1 records for 2018-01
2026-08-26 01:30:05,210 - INFO - [Cataluña] Downloaded 1 records for 2018-02
2026-08-26 01:30:08,330 - INFO - [Cataluña] Downloaded 1 records for 2018-03
2026-08-26 01:30:11,289 - INFO - [Cataluña] Downloaded 1 records for 2018-04
2026-08-26 01:30:14,272 - INFO - [Cataluña] Downloaded 1 records for 2018-05
2026-08-26 01:30:17,350 - INFO - [Cataluña] Downloaded 1 records for 2018-06
2026-08-26 01:30:20,889 - INFO - [Cataluña] Downloaded 1 records for 2018-07
2026-08-26 01:30:23,791 - INFO - [Cataluña] Downloaded 1 records for 2018-08
2026-08-26 01:30:27,213 - INFO - [Cataluña] Downloaded 1 records for 2018-09
2026-08-26 01:30:30,202 - INFO - [Cataluña] Downloaded 1 records for 2018-10
2026-08-26 01:30:33,209 - INFO - [Cataluña] Downloaded 1 records for 2018-11
2026-08-26 01:30:36,153 - INFO - [Cataluña] Downloaded 1 records for 2018-12
2026-08-26 01:30:38,749 - INFO - [Cataluña] Downloaded 1 records for 2019-01
2026-08-26 01:30:41,430 - INFO - [Cataluña] Downloaded 1 records for 2019-02
2026-08-26 01:30:44,034 - INFO - [Cataluña] Downloaded 1 records for 2019-03
2026-08-26 01:30:46,811 - INFO - [Cataluña] Downloaded 1 records for 2019-04
2026-08-26 01:30:49,604 - INFO - [Cataluña] Downloaded 1 records for 2019-05
2026-08-26 01:30:52,505 - INFO - [Cataluña] Downloaded 1 records for 2019-06
2026-08-26 01:30:55,232 - INFO - [Cataluña] Downloaded 1 records for 2019-07
2026-08-26 01:30:58,112 - INFO - [Cataluña] Downloaded 1 records for 2019-08
2026-08-26 01:31:00,720 - INFO - [Cataluña] Downloaded 1 records for 2019-09
2026-08-26 01:31:13,585 - INFO - [Cataluña] Downloaded 1 records for 2019-10
2026-08-26 01:31:16,191 - INFO - [Cataluña] Downloaded 1 records for 2019-11
2026-08-26 01:31:18,981 - INFO - [Cataluña] Downloaded 1 records for 2019-12
2026-08-26 01:31:21,961 - INFO - [Cataluña] Downloaded 1 records for 2020-01
2026-08-26 01:31:24,623 - INFO - [Cataluña] Downloaded 1 records for 2020-02
2026-08-26 01:31:27,596 - INFO - [Cataluña] Downloaded 1 records for 2020-03
2026-08-26 01:31:30,276 - INFO - [Cataluña] Downloaded 1 records for 2020-04
2026-08-26 01:31:32,782 - INFO - [Cataluña] Downloaded 1 records for 2020-05
2026-08-26 01:31:36,218 - INFO - [Cataluña] Downloaded 1 records for 2020-06
2026-08-26 01:31:38,862 - INFO - [Cataluña] Downloaded 1 records for 2020-07
2026-08-26 01:31:41,582 - INFO - [Cataluña] Downloaded 1 records for 2020-08
2026-08-26 01:31:44,902 - INFO - [Cataluña] Downloaded 1 records for 2020-09
2026-08-26 01:31:47,666 - INFO - [Cataluña] Downloaded 1 records for 2020-10
2026-08-26 01:31:50,530 - INFO - [Cataluña] Downloaded 1 records for 2020-11
2026-08-26 01:31:53,062 - INFO - [Cataluña] Downloaded 1 records for 2020-12
2026-08-26 01:31:55,760 - INFO - [Cataluña] Downloaded 1 records for 2021-01
2026-08-26 01:31:58,660 - INFO - [Cataluña] Downloaded 1 records for 2021-02
2026-08-26 01:32:01,201 - INFO - [Cataluña] Downloaded 1 records for 2021-03
2026-08-26 01:32:03,787 - INFO - [Cataluña] Downloaded 1 records for 2021-04
2026-08-26 01:32:06,658 - INFO - [Cataluña] Downloaded 1 records for 2021-05
2026-08-26 01:32:09,685 - INFO - [Cataluña] Downloaded 1 records for 2021-06
2026-08-26 01:32:12,421 - INFO - [Cataluña] Downloaded 1 records for 2021-07
2026-08-26 01:32:15,463 - INFO - [Cataluña] Downloaded 1 records for 2021-08
2026-08-26 01:32:18,112 - INFO - [Cataluña] Downloaded 1 records for 2021-09
2026-08-26 01:32:20,905 - INFO - [Cataluña] Downloaded 1 records for 2021-10
2026-08-26 01:32:23,650 - INFO - [Cataluña] Downloaded 1 records for 2021-11
2026-08-26 01:32:26,500 - INFO - [Cataluña] Downloaded 1 records for 2021-12
2026-08-26 01:32:29,448 - INFO - [Cataluña] Downloaded 1 records for 2022-01
2026-08-26 01:32:32,316 - INFO - [Cataluña] Downloaded 1 records for 2022-02
2026-08-26 01:32:35,701 - INFO - [Cataluña] Downloaded 1 records for 2022-03
2026-08-26 01:32:38,447 - INFO - [Cataluña] Downloaded 1 records for 2022-04
2026-08-26 01:32:41,222 - INFO - [Cataluña] Downloaded 1 records for 2022-05
2026-08-26 01:32:43,787 - INFO - [Cataluña] Downloaded 1 records for 2022-06
2026-08-26 01:32:46,509 - INFO - [Cataluña] Downloaded 1 records for 2022-07
2026-08-26 01:32:49,414 - INFO - [Cataluña] Downloaded 1 records for 2022-08
2026-08-26 01:32:52,469 - INFO - [Cataluña] Downloaded 1 records for 2022-09
2026-08-26 01:32:55,351 - INFO - [Cataluña] Downloaded 1 records for 2022-10
2026-08-26 01:32:58,328 - INFO - [Cataluña] Downloaded 1 records for 2022-11
2026-08-26 01:33:01,400 - INFO - [Cataluña] Downloaded 1 records for 2022-12
2026-08-26 01:33:03,960 - INFO - [Cataluña] Downloaded 1 records for 2023-01
2026-08-26 01:33:06,824 - INFO - [Cataluña] Downloaded 1 records for 2023-02
2026-08-26 01:33:09,799 - INFO - [Cataluña] Downloaded 1 records for 2023-03
2026-08-26 01:33:14,025 - INFO - [Cataluña] Downloaded 1 records for 2023-04
2026-08-26 01:33:17,147 - INFO - [Cataluña] Downloaded 1 records for 2023-05
2026-08-26 01:33:20,103 - INFO - [Cataluña] Downloaded 1 records for 2023-06
2026-08-26 01:33:22,667 - INFO - [Cataluña] Downloaded 1 records for 2023-07
2026-08-26 01:33:26,598 - INFO - [Cataluña] Downloaded 1 records for 2023-08
2026-08-26 01:33:29,490 - INFO - [Cataluña] Downloaded 1 records for 2023-09
2026-08-26 01:33:32,243 - INFO - [Cataluña] Downloaded 1 records for 2023-10
2026-08-26 01:33:34,811 - INFO - [Cataluña] Downloaded 1 records for 2023-11
2026-08-26 01:33:38,029 - INFO - [Cataluña] Downloaded 1 records for 2023-12
2026-08-26 01:33:41,054 - INFO - [Cataluña] Downloaded 1 records for 2024-01
2026-08-26 01:33:44,083 - INFO - [Cataluña] Downloaded 1 records for 2024-02
2026-08-26 01:33:47,231 - INFO - [Cataluña] Downloaded 1 records for 2024-03
2026-08-26 01:33:50,392 - INFO - [Cataluña] Downloaded 1 records for 2024-04
2026-08-26 01:33:53,387 - INFO - [Cataluña] Downloaded 1 records for 2024-05
2026-08-26 01:33:56,267 - INFO - [Cataluña] Downloaded 1 records for 2024-06
2026-08-26 01:33:59,078 - INFO - [Cataluña] Downloaded 1 records for 2024-07
2026-08-26 01:34:02,086 - INFO - [Cataluña] Downloaded 1 records for 2024-08
2026-08-26 01:34:05,229 - INFO - [Cataluña] Downloaded 1 records for 2024-09
2026-08-26 01:34:08,114 - INFO - [Cataluña] Downloaded 1 records for 2024-10
2026-08-26 01:34:11,242 - INFO - [Cataluña] Downloaded 1 records for 2024-11
2026-08-26 01:34:14,212 - INFO - [Cataluña] Downloaded 1 records for 2024-12
2026-08-26 01:34:17,389 - INFO - [Cataluña] Downloaded 1 records for 2025-01
2026-08-26 01:34:20,459 - INFO - [Cataluña] Downloaded 1 records for 2025-02
2026-08-26 01:34:23,531 - INFO - [Cataluña] Downloaded 1 records for 2025-03
2026-08-26 01:34:26,670 - INFO - [Cataluña] Downloaded 1 records for 2025-04
2026-08-26 01:34:29,779 - INFO - [Cataluña] Downloaded 1 records for 2025-05
2026-08-26 01:34:32,429 - INFO - [Cataluña] Downloaded 1 records for 2025-06
2026-08-26 01:34:35,471 - INFO - [Cataluña] Downloaded 1 records for 2025-07
2026-08-26 01:34:38,279 - INFO - [Cataluña] Downloaded 1 records for 2025-08
2026-08-26 01:34:42,052 - INFO - [Cataluña] Downloaded 1 records for 2025-09
2026-08-26 01:34:45,275 - INFO - [Cataluña] Downloaded 1 records for 2025-10
2026-08-26 01:34:48,638 - INFO - [Cataluña] Downloaded 1 records for 2025-11
2026-08-26 01:34:51,700 - INFO - [Cataluña] Downloaded 1 records for 2025-12
2026-08-26 01:34:54,563 - INFO - [Cataluña] Downloaded 1 records for 2026-01
2026-08-26 01:34:57,395 - INFO - [Cataluña] Downloaded 1 records for 2026-02
2026-08-26 01:35:00,496 - INFO - [Cataluña] Downloaded 1 records for 2026-03
2026-08-26 01:35:03,470 - INFO - [Cataluña] Downloaded 1 records for 2026-04
2026-08-26 01:35:06,371 - INFO - [Cataluña] Downloaded 1 records for 2026-05
2026-08-26 01:35:09,092 - INFO - [Cataluña] Downloaded 1 records for 2026-06
2026-08-26 01:35:25,076 - INFO - [Cataluña] Downloaded 1 records for 2026-07
2026-08-26 01:35:32,423 - ERROR - Failed https://apidatos.ree.es/en/datos/demanda/evolucion?start_date=2026-08-01T00:00&end_date=2026-08-26T23:59&geo_limit=ccaa&geo_ids=9&time_trunc=day (HTTP 502)
2026-08-26 01:35:32,424 - WARNING - [Cataluña] No data returned for 2026-08
2026-08-26 01:35:32,926 - INFO - --- Processing País Vasco ---
2026-08-26 01:35:35,531 - INFO - [País Vasco] Downloaded 1 records for 2015-01
2026-08-26 01:35:38,205 - INFO - [País Vasco] Downloaded 1 records for 2015-02
2026-08-26 01:35:40,817 - INFO - [País Vasco] Downloaded 1 records for 2015-03
2026-08-26 01:35:43,953 - INFO - [País Vasco] Downloaded 1 records for 2015-04
2026-08-26 01:35:46,808 - INFO - [País Vasco] Downloaded 1 records for 2015-05
2026-08-26 01:35:49,555 - INFO - [País Vasco] Downloaded 1 records for 2015-06
2026-08-26 01:35:52,296 - INFO - [País Vasco] Downloaded 1 records for 2015-07
2026-08-26 01:35:55,003 - INFO - [País Vasco] Downloaded 1 records for 2015-08
2026-08-26 01:35:57,845 - INFO - [País Vasco] Downloaded 1 records for 2015-09
2026-08-26 01:36:00,452 - INFO - [País Vasco] Downloaded 1 records for 2015-10
2026-08-26 01:36:03,200 - INFO - [País Vasco] Downloaded 1 records for 2015-11
2026-08-26 01:36:05,803 - INFO - [País Vasco] Downloaded 1 records for 2015-12
2026-08-26 01:36:09,012 - INFO - [País Vasco] Downloaded 1 records for 2016-01
2026-08-26 01:36:11,877 - INFO - [País Vasco] Downloaded 1 records for 2016-02
2026-08-26 01:36:14,366 - INFO - [País Vasco] Downloaded 1 records for 2016-03
2026-08-26 01:36:17,100 - INFO - [País Vasco] Downloaded 1 records for 2016-04
2026-08-26 01:36:19,873 - INFO - [País Vasco] Downloaded 1 records for 2016-05
2026-08-26 01:36:22,602 - INFO - [País Vasco] Downloaded 1 records for 2016-06
2026-08-26 01:36:25,292 - INFO - [País Vasco] Downloaded 1 records for 2016-07
2026-08-26 01:36:28,607 - INFO - [País Vasco] Downloaded 1 records for 2016-08
2026-08-26 01:36:31,162 - INFO - [País Vasco] Downloaded 1 records for 2016-09
2026-08-26 01:36:33,895 - INFO - [País Vasco] Downloaded 1 records for 2016-10
2026-08-26 01:36:36,525 - INFO - [País Vasco] Downloaded 1 records for 2016-11
2026-08-26 01:36:38,963 - INFO - [País Vasco] Downloaded 1 records for 2016-12
2026-08-26 01:36:41,717 - INFO - [País Vasco] Downloaded 1 records for 2017-01
2026-08-26 01:36:44,500 - INFO - [País Vasco] Downloaded 1 records for 2017-02
2026-08-26 01:36:47,321 - INFO - [País Vasco] Downloaded 1 records for 2017-03
2026-08-26 01:36:49,886 - INFO - [País Vasco] Downloaded 1 records for 2017-04
2026-08-26 01:36:52,562 - INFO - [País Vasco] Downloaded 1 records for 2017-05
2026-08-26 01:36:55,502 - INFO - [País Vasco] Downloaded 1 records for 2017-06
2026-08-26 01:36:58,576 - INFO - [País Vasco] Downloaded 1 records for 2017-07
2026-08-26 01:37:01,253 - INFO - [País Vasco] Downloaded 1 records for 2017-08
2026-08-26 01:37:03,900 - INFO - [País Vasco] Downloaded 1 records for 2017-09
2026-08-26 01:37:06,847 - INFO - [País Vasco] Downloaded 1 records for 2017-10
2026-08-26 01:37:09,840 - INFO - [País Vasco] Downloaded 1 records for 2017-11
2026-08-26 01:37:12,796 - INFO - [País Vasco] Downloaded 1 records for 2017-12
2026-08-26 01:37:15,603 - INFO - [País Vasco] Downloaded 1 records for 2018-01
2026-08-26 01:37:18,764 - INFO - [País Vasco] Downloaded 1 records for 2018-02
2026-08-26 01:37:21,559 - INFO - [País Vasco] Downloaded 1 records for 2018-03
2026-08-26 01:37:24,459 - INFO - [País Vasco] Downloaded 1 records for 2018-04
2026-08-26 01:37:27,306 - INFO - [País Vasco] Downloaded 1 records for 2018-05
2026-08-26 01:37:29,824 - INFO - [País Vasco] Downloaded 1 records for 2018-06
2026-08-26 01:37:32,501 - INFO - [País Vasco] Downloaded 1 records for 2018-07
2026-08-26 01:37:35,037 - INFO - [País Vasco] Downloaded 1 records for 2018-08
2026-08-26 01:37:37,598 - INFO - [País Vasco] Downloaded 1 records for 2018-09
2026-08-26 01:37:40,476 - INFO - [País Vasco] Downloaded 1 records for 2018-10
2026-08-26 01:37:43,356 - INFO - [País Vasco] Downloaded 1 records for 2018-11
2026-08-26 01:37:47,015 - INFO - [País Vasco] Downloaded 1 records for 2018-12
2026-08-26 01:37:49,512 - INFO - [País Vasco] Downloaded 1 records for 2019-01
2026-08-26 01:37:52,528 - INFO - [País Vasco] Downloaded 1 records for 2019-02
2026-08-26 01:37:55,642 - INFO - [País Vasco] Downloaded 1 records for 2019-03
2026-08-26 01:37:58,252 - INFO - [País Vasco] Downloaded 1 records for 2019-04
2026-08-26 01:38:01,148 - INFO - [País Vasco] Downloaded 1 records for 2019-05
2026-08-26 01:38:03,912 - INFO - [País Vasco] Downloaded 1 records for 2019-06
2026-08-26 01:38:06,877 - INFO - [País Vasco] Downloaded 1 records for 2019-07
2026-08-26 01:38:09,561 - INFO - [País Vasco] Downloaded 1 records for 2019-08
2026-08-26 01:38:12,616 - INFO - [País Vasco] Downloaded 1 records for 2019-09
2026-08-26 01:38:15,322 - INFO - [País Vasco] Downloaded 1 records for 2019-10
2026-08-26 01:38:18,202 - INFO - [País Vasco] Downloaded 1 records for 2019-11
2026-08-26 01:38:20,810 - INFO - [País Vasco] Downloaded 1 records for 2019-12
2026-08-26 01:38:33,508 - INFO - [País Vasco] Downloaded 1 records for 2020-01
2026-08-26 01:38:36,475 - INFO - [País Vasco] Downloaded 1 records for 2020-02
2026-08-26 01:38:39,324 - INFO - [País Vasco] Downloaded 1 records for 2020-03
2026-08-26 01:38:42,160 - INFO - [País Vasco] Downloaded 1 records for 2020-04
2026-08-26 01:38:44,859 - INFO - [País Vasco] Downloaded 1 records for 2020-05
2026-08-26 01:38:47,487 - INFO - [País Vasco] Downloaded 1 records for 2020-06
2026-08-26 01:38:50,212 - INFO - [País Vasco] Downloaded 1 records for 2020-07
2026-08-26 01:38:52,868 - INFO - [País Vasco] Downloaded 1 records for 2020-08
2026-08-26 01:38:56,873 - INFO - [País Vasco] Downloaded 1 records for 2020-09
2026-08-26 01:38:59,686 - INFO - [País Vasco] Downloaded 1 records for 2020-10
2026-08-26 01:39:02,684 - INFO - [País Vasco] Downloaded 1 records for 2020-11
2026-08-26 01:39:05,456 - INFO - [País Vasco] Downloaded 1 records for 2020-12
2026-08-26 01:39:08,525 - INFO - [País Vasco] Downloaded 1 records for 2021-01
2026-08-26 01:39:11,501 - INFO - [País Vasco] Downloaded 1 records for 2021-02
2026-08-26 01:39:14,432 - INFO - [País Vasco] Downloaded 1 records for 2021-03
2026-08-26 01:39:17,438 - INFO - [País Vasco] Downloaded 1 records for 2021-04
2026-08-26 01:39:20,474 - INFO - [País Vasco] Downloaded 1 records for 2021-05
2026-08-26 01:39:23,276 - INFO - [País Vasco] Downloaded 1 records for 2021-06
2026-08-26 01:39:26,348 - INFO - [País Vasco] Downloaded 1 records for 2021-07
2026-08-26 01:39:29,248 - INFO - [País Vasco] Downloaded 1 records for 2021-08
2026-08-26 01:39:31,980 - INFO - [País Vasco] Downloaded 1 records for 2021-09
2026-08-26 01:39:34,948 - INFO - [País Vasco] Downloaded 1 records for 2021-10
2026-08-26 01:39:37,890 - INFO - [País Vasco] Downloaded 1 records for 2021-11
2026-08-26 01:39:40,613 - INFO - [País Vasco] Downloaded 1 records for 2021-12
2026-08-26 01:39:43,654 - INFO - [País Vasco] Downloaded 1 records for 2022-01
2026-08-26 01:39:46,527 - INFO - [País Vasco] Downloaded 1 records for 2022-02
2026-08-26 01:39:49,491 - INFO - [País Vasco] Downloaded 1 records for 2022-03
2026-08-26 01:39:52,360 - INFO - [País Vasco] Downloaded 1 records for 2022-04
2026-08-26 01:39:55,233 - INFO - [País Vasco] Downloaded 1 records for 2022-05
2026-08-26 01:39:58,297 - INFO - [País Vasco] Downloaded 1 records for 2022-06
2026-08-26 01:40:00,918 - INFO - [País Vasco] Downloaded 1 records for 2022-07
2026-08-26 01:40:03,828 - INFO - [País Vasco] Downloaded 1 records for 2022-08
2026-08-26 01:40:06,905 - INFO - [País Vasco] Downloaded 1 records for 2022-09
2026-08-26 01:40:09,765 - INFO - [País Vasco] Downloaded 1 records for 2022-10
2026-08-26 01:40:12,346 - INFO - [País Vasco] Downloaded 1 records for 2022-11
2026-08-26 01:40:15,016 - INFO - [País Vasco] Downloaded 1 records for 2022-12
2026-08-26 01:40:17,980 - INFO - [País Vasco] Downloaded 1 records for 2023-01
2026-08-26 01:40:20,623 - INFO - [País Vasco] Downloaded 1 records for 2023-02
2026-08-26 01:40:23,686 - INFO - [País Vasco] Downloaded 1 records for 2023-03
2026-08-26 01:40:26,674 - INFO - [País Vasco] Downloaded 1 records for 2023-04
2026-08-26 01:40:29,832 - INFO - [País Vasco] Downloaded 1 records for 2023-05
2026-08-26 01:40:33,092 - INFO - [País Vasco] Downloaded 1 records for 2023-06
2026-08-26 01:40:35,833 - INFO - [País Vasco] Downloaded 1 records for 2023-07
2026-08-26 01:40:38,545 - INFO - [País Vasco] Downloaded 1 records for 2023-08
2026-08-26 01:40:41,623 - INFO - [País Vasco] Downloaded 1 records for 2023-09
2026-08-26 01:40:44,319 - INFO - [País Vasco] Downloaded 1 records for 2023-10
2026-08-26 01:40:46,869 - INFO - [País Vasco] Downloaded 1 records for 2023-11
2026-08-26 01:40:49,706 - INFO - [País Vasco] Downloaded 1 records for 2023-12
2026-08-26 01:40:52,319 - INFO - [País Vasco] Downloaded 1 records for 2024-01
2026-08-26 01:40:54,892 - INFO - [País Vasco] Downloaded 1 records for 2024-02
2026-08-26 01:40:57,572 - INFO - [País Vasco] Downloaded 1 records for 2024-03
2026-08-26 01:41:00,453 - INFO - [País Vasco] Downloaded 1 records for 2024-04
2026-08-26 01:41:03,224 - INFO - [País Vasco] Downloaded 1 records for 2024-05
2026-08-26 01:41:06,088 - INFO - [País Vasco] Downloaded 1 records for 2024-06
2026-08-26 01:41:09,104 - INFO - [País Vasco] Downloaded 1 records for 2024-07
2026-08-26 01:41:12,031 - INFO - [País Vasco] Downloaded 1 records for 2024-08
2026-08-26 01:41:15,718 - INFO - [País Vasco] Downloaded 1 records for 2024-09
2026-08-26 01:41:18,596 - INFO - [País Vasco] Downloaded 1 records for 2024-10
2026-08-26 01:41:21,557 - INFO - [País Vasco] Downloaded 1 records for 2024-11
2026-08-26 01:41:24,711 - INFO - [País Vasco] Downloaded 1 records for 2024-12
2026-08-26 01:41:27,409 - INFO - [País Vasco] Downloaded 1 records for 2025-01
2026-08-26 01:41:30,440 - INFO - [País Vasco] Downloaded 1 records for 2025-02
2026-08-26 01:41:33,139 - INFO - [País Vasco] Downloaded 1 records for 2025-03
2026-08-26 01:41:35,997 - INFO - [País Vasco] Downloaded 1 records for 2025-04
2026-08-26 01:41:38,654 - INFO - [País Vasco] Downloaded 1 records for 2025-05
2026-08-26 01:41:41,637 - INFO - [País Vasco] Downloaded 1 records for 2025-06
2026-08-26 01:41:44,618 - INFO - [País Vasco] Downloaded 1 records for 2025-07
2026-08-26 01:41:47,509 - INFO - [País Vasco] Downloaded 1 records for 2025-08
2026-08-26 01:41:50,154 - INFO - [País Vasco] Downloaded 1 records for 2025-09
2026-08-26 01:41:52,759 - INFO - [País Vasco] Downloaded 1 records for 2025-10
2026-08-26 01:41:55,863 - INFO - [País Vasco] Downloaded 1 records for 2025-11
2026-08-26 01:41:58,935 - INFO - [País Vasco] Downloaded 1 records for 2025-12
2026-08-26 01:42:02,033 - INFO - [País Vasco] Downloaded 1 records for 2026-01
2026-08-26 01:42:04,924 - INFO - [País Vasco] Downloaded 1 records for 2026-02
2026-08-26 01:42:07,939 - INFO - [País Vasco] Downloaded 1 records for 2026-03
2026-08-26 01:42:10,891 - INFO - [País Vasco] Downloaded 1 records for 2026-04
2026-08-26 01:42:13,792 - INFO - [País Vasco] Downloaded 1 records for 2026-05
2026-08-26 01:42:16,501 - INFO - [País Vasco] Downloaded 1 records for 2026-06
2026-08-26 01:42:22,536 - INFO - [País Vasco] Downloaded 1 records for 2026-07
2026-08-26 01:42:30,339 - ERROR - Failed https://apidatos.ree.es/en/datos/demanda/evolucion?start_date=2026-08-01T00:00&end_date=2026-08-26T23:59&geo_limit=ccaa&geo_ids=10&time_trunc=day (HTTP 502)
2026-08-26 01:42:30,341 - WARNING - [País Vasco] No data returned for 2026-08
2026-08-26 01:42:30,844 - INFO - --- Processing Principado de Asturias ---
2026-08-26 01:42:33,286 - INFO - [Principado de Asturias] Downloaded 1 records for 2015-01
2026-08-26 01:42:36,303 - INFO - [Principado de Asturias] Downloaded 1 records for 2015-02
2026-08-26 01:42:38,956 - INFO - [Principado de Asturias] Downloaded 1 records for 2015-03
2026-08-26 01:42:41,945 - INFO - [Principado de Asturias] Downloaded 1 records for 2015-04
2026-08-26 01:42:44,812 - INFO - [Principado de Asturias] Downloaded 1 records for 2015-05
2026-08-26 01:42:55,879 - INFO - [Principado de Asturias] Downloaded 1 records for 2015-06
2026-08-26 01:42:58,751 - INFO - [Principado de Asturias] Downloaded 1 records for 2015-07
2026-08-26 01:43:02,032 - INFO - [Principado de Asturias] Downloaded 1 records for 2015-08
2026-08-26 01:43:05,076 - INFO - [Principado de Asturias] Downloaded 1 records for 2015-09
2026-08-26 01:43:08,646 - INFO - [Principado de Asturias] Downloaded 1 records for 2015-10
2026-08-26 01:43:11,363 - INFO - [Principado de Asturias] Downloaded 1 records for 2015-11
2026-08-26 01:43:15,027 - INFO - [Principado de Asturias] Downloaded 1 records for 2015-12
2026-08-26 01:43:17,945 - INFO - [Principado de Asturias] Downloaded 1 records for 2016-01
2026-08-26 01:43:20,654 - INFO - [Principado de Asturias] Downloaded 1 records for 2016-02
2026-08-26 01:43:45,035 - INFO - [Principado de Asturias] Downloaded 1 records for 2016-03
2026-08-26 01:43:48,105 - INFO - [Principado de Asturias] Downloaded 1 records for 2016-04
2026-08-26 01:43:51,236 - INFO - [Principado de Asturias] Downloaded 1 records for 2016-05
2026-08-26 01:43:53,944 - INFO - [Principado de Asturias] Downloaded 1 records for 2016-06
2026-08-26 01:43:57,008 - INFO - [Principado de Asturias] Downloaded 1 records for 2016-07
2026-08-26 01:43:59,988 - INFO - [Principado de Asturias] Downloaded 1 records for 2016-08
2026-08-26 01:44:02,704 - INFO - [Principado de Asturias] Downloaded 1 records for 2016-09
2026-08-26 01:44:05,515 - INFO - [Principado de Asturias] Downloaded 1 records for 2016-10
2026-08-26 01:44:08,282 - INFO - [Principado de Asturias] Downloaded 1 records for 2016-11
2026-08-26 01:44:11,245 - INFO - [Principado de Asturias] Downloaded 1 records for 2016-12
2026-08-26 01:44:14,114 - INFO - [Principado de Asturias] Downloaded 1 records for 2017-01
2026-08-26 01:44:16,792 - INFO - [Principado de Asturias] Downloaded 1 records for 2017-02
2026-08-26 01:44:19,435 - INFO - [Principado de Asturias] Downloaded 1 records for 2017-03
2026-08-26 01:44:22,422 - INFO - [Principado de Asturias] Downloaded 1 records for 2017-04
2026-08-26 01:44:25,008 - INFO - [Principado de Asturias] Downloaded 1 records for 2017-05
2026-08-26 01:44:27,630 - INFO - [Principado de Asturias] Downloaded 1 records for 2017-06
2026-08-26 01:44:30,597 - INFO - [Principado de Asturias] Downloaded 1 records for 2017-07
2026-08-26 01:44:33,490 - INFO - [Principado de Asturias] Downloaded 1 records for 2017-08
2026-08-26 01:44:36,042 - INFO - [Principado de Asturias] Downloaded 1 records for 2017-09
2026-08-26 01:44:38,829 - INFO - [Principado de Asturias] Downloaded 1 records for 2017-10
2026-08-26 01:44:41,436 - INFO - [Principado de Asturias] Downloaded 1 records for 2017-11
2026-08-26 01:44:44,019 - INFO - [Principado de Asturias] Downloaded 1 records for 2017-12
2026-08-26 01:44:46,891 - INFO - [Principado de Asturias] Downloaded 1 records for 2018-01
2026-08-26 01:44:49,427 - INFO - [Principado de Asturias] Downloaded 1 records for 2018-02
2026-08-26 01:45:13,302 - INFO - [Principado de Asturias] Downloaded 1 records for 2018-03
2026-08-26 01:45:16,370 - INFO - [Principado de Asturias] Downloaded 1 records for 2018-04
2026-08-26 01:45:19,349 - INFO - [Principado de Asturias] Downloaded 1 records for 2018-05
2026-08-26 01:45:22,111 - INFO - [Principado de Asturias] Downloaded 1 records for 2018-06
2026-08-26 01:45:25,078 - INFO - [Principado de Asturias] Downloaded 1 records for 2018-07
2026-08-26 01:45:28,355 - INFO - [Principado de Asturias] Downloaded 1 records for 2018-08
2026-08-26 01:45:31,184 - INFO - [Principado de Asturias] Downloaded 1 records for 2018-09
2026-08-26 01:45:33,762 - INFO - [Principado de Asturias] Downloaded 1 records for 2018-10
2026-08-26 01:45:36,310 - INFO - [Principado de Asturias] Downloaded 1 records for 2018-11
2026-08-26 01:45:39,210 - INFO - [Principado de Asturias] Downloaded 1 records for 2018-12
2026-08-26 01:45:41,734 - INFO - [Principado de Asturias] Downloaded 1 records for 2019-01
2026-08-26 01:45:44,433 - INFO - [Principado de Asturias] Downloaded 1 records for 2019-02
2026-08-26 01:45:47,557 - INFO - [Principado de Asturias] Downloaded 1 records for 2019-03
2026-08-26 01:45:50,686 - INFO - [Principado de Asturias] Downloaded 1 records for 2019-04
2026-08-26 01:45:53,650 - INFO - [Principado de Asturias] Downloaded 1 records for 2019-05
2026-08-26 01:45:56,529 - INFO - [Principado de Asturias] Downloaded 1 records for 2019-06
2026-08-26 01:45:59,190 - INFO - [Principado de Asturias] Downloaded 1 records for 2019-07
2026-08-26 01:46:01,916 - INFO - [Principado de Asturias] Downloaded 1 records for 2019-08
2026-08-26 01:46:04,748 - INFO - [Principado de Asturias] Downloaded 1 records for 2019-09
2026-08-26 01:46:07,581 - INFO - [Principado de Asturias] Downloaded 1 records for 2019-10
2026-08-26 01:46:10,136 - INFO - [Principado de Asturias] Downloaded 1 records for 2019-11
2026-08-26 01:46:12,990 - INFO - [Principado de Asturias] Downloaded 1 records for 2019-12
2026-08-26 01:46:15,693 - INFO - [Principado de Asturias] Downloaded 1 records for 2020-01
2026-08-26 01:46:19,254 - INFO - [Principado de Asturias] Downloaded 1 records for 2020-02
2026-08-26 01:46:22,118 - INFO - [Principado de Asturias] Downloaded 1 records for 2020-03
2026-08-26 01:46:24,986 - INFO - [Principado de Asturias] Downloaded 1 records for 2020-04
2026-08-26 01:46:27,648 - INFO - [Principado de Asturias] Downloaded 1 records for 2020-05
2026-08-26 01:46:30,401 - INFO - [Principado de Asturias] Downloaded 1 records for 2020-06
2026-08-26 01:46:33,180 - INFO - [Principado de Asturias] Downloaded 1 records for 2020-07
2026-08-26 01:46:35,720 - INFO - [Principado de Asturias] Downloaded 1 records for 2020-08
2026-08-26 01:46:38,398 - INFO - [Principado de Asturias] Downloaded 1 records for 2020-09
2026-08-26 01:46:41,007 - INFO - [Principado de Asturias] Downloaded 1 records for 2020-10
2026-08-26 01:46:43,552 - INFO - [Principado de Asturias] Downloaded 1 records for 2020-11
2026-08-26 01:46:46,289 - INFO - [Principado de Asturias] Downloaded 1 records for 2020-12
2026-08-26 01:46:48,995 - INFO - [Principado de Asturias] Downloaded 1 records for 2021-01
2026-08-26 01:46:51,871 - INFO - [Principado de Asturias] Downloaded 1 records for 2021-02
2026-08-26 01:46:54,680 - INFO - [Principado de Asturias] Downloaded 1 records for 2021-03
2026-08-26 01:46:57,653 - INFO - [Principado de Asturias] Downloaded 1 records for 2021-04
2026-08-26 01:47:00,525 - INFO - [Principado de Asturias] Downloaded 1 records for 2021-05
2026-08-26 01:47:03,358 - INFO - [Principado de Asturias] Downloaded 1 records for 2021-06
2026-08-26 01:47:06,073 - INFO - [Principado de Asturias] Downloaded 1 records for 2021-07
2026-08-26 01:47:08,882 - INFO - [Principado de Asturias] Downloaded 1 records for 2021-08
2026-08-26 01:47:11,685 - INFO - [Principado de Asturias] Downloaded 1 records for 2021-09
2026-08-26 01:47:14,655 - INFO - [Principado de Asturias] Downloaded 1 records for 2021-10
2026-08-26 01:47:17,618 - INFO - [Principado de Asturias] Downloaded 1 records for 2021-11
2026-08-26 01:47:20,200 - INFO - [Principado de Asturias] Downloaded 1 records for 2021-12
2026-08-26 01:47:23,171 - INFO - [Principado de Asturias] Downloaded 1 records for 2022-01
2026-08-26 01:47:25,894 - INFO - [Principado de Asturias] Downloaded 1 records for 2022-02
2026-08-26 01:47:28,495 - INFO - [Principado de Asturias] Downloaded 1 records for 2022-03
2026-08-26 01:47:31,382 - INFO - [Principado de Asturias] Downloaded 1 records for 2022-04
2026-08-26 01:47:34,416 - INFO - [Principado de Asturias] Downloaded 1 records for 2022-05
2026-08-26 01:47:37,038 - INFO - [Principado de Asturias] Downloaded 1 records for 2022-06
2026-08-26 01:47:40,055 - INFO - [Principado de Asturias] Downloaded 1 records for 2022-07
2026-08-26 01:47:42,715 - INFO - [Principado de Asturias] Downloaded 1 records for 2022-08
2026-08-26 01:47:45,441 - INFO - [Principado de Asturias] Downloaded 1 records for 2022-09
2026-08-26 01:47:48,072 - INFO - [Principado de Asturias] Downloaded 1 records for 2022-10
2026-08-26 01:47:51,110 - INFO - [Principado de Asturias] Downloaded 1 records for 2022-11
2026-08-26 01:47:54,182 - INFO - [Principado de Asturias] Downloaded 1 records for 2022-12
2026-08-26 01:47:57,153 - INFO - [Principado de Asturias] Downloaded 1 records for 2023-01
2026-08-26 01:48:00,022 - INFO - [Principado de Asturias] Downloaded 1 records for 2023-02
2026-08-26 01:48:02,859 - INFO - [Principado de Asturias] Downloaded 1 records for 2023-03
2026-08-26 01:48:05,667 - INFO - [Principado de Asturias] Downloaded 1 records for 2023-04
2026-08-26 01:48:08,519 - INFO - [Principado de Asturias] Downloaded 1 records for 2023-05
2026-08-26 01:48:11,387 - INFO - [Principado de Asturias] Downloaded 1 records for 2023-06
2026-08-26 01:48:14,306 - INFO - [Principado de Asturias] Downloaded 1 records for 2023-07
2026-08-26 01:48:16,789 - INFO - [Principado de Asturias] Downloaded 1 records for 2023-08
2026-08-26 01:48:19,684 - INFO - [Principado de Asturias] Downloaded 1 records for 2023-09
2026-08-26 01:48:22,724 - INFO - [Principado de Asturias] Downloaded 1 records for 2023-10
2026-08-26 01:48:25,518 - INFO - [Principado de Asturias] Downloaded 1 records for 2023-11
2026-08-26 01:48:28,591 - INFO - [Principado de Asturias] Downloaded 1 records for 2023-12
2026-08-26 01:48:31,253 - INFO - [Principado de Asturias] Downloaded 1 records for 2024-01
2026-08-26 01:48:34,090 - INFO - [Principado de Asturias] Downloaded 1 records for 2024-02
2026-08-26 01:48:51,839 - INFO - [Principado de Asturias] Downloaded 1 records for 2024-03
2026-08-26 01:48:55,010 - INFO - [Principado de Asturias] Downloaded 1 records for 2024-04
2026-08-26 01:48:57,813 - INFO - [Principado de Asturias] Downloaded 1 records for 2024-05
2026-08-26 01:49:00,515 - INFO - [Principado de Asturias] Downloaded 1 records for 2024-06
2026-08-26 01:49:03,564 - INFO - [Principado de Asturias] Downloaded 1 records for 2024-07
2026-08-26 01:49:06,542 - INFO - [Principado de Asturias] Downloaded 1 records for 2024-08
2026-08-26 01:49:09,773 - INFO - [Principado de Asturias] Downloaded 1 records for 2024-09
2026-08-26 01:49:13,082 - INFO - [Principado de Asturias] Downloaded 1 records for 2024-10
2026-08-26 01:49:15,982 - INFO - [Principado de Asturias] Downloaded 1 records for 2024-11
2026-08-26 01:49:19,078 - INFO - [Principado de Asturias] Downloaded 1 records for 2024-12
2026-08-26 01:49:22,149 - INFO - [Principado de Asturias] Downloaded 1 records for 2025-01
2026-08-26 01:49:24,911 - INFO - [Principado de Asturias] Downloaded 1 records for 2025-02
2026-08-26 01:49:27,679 - INFO - [Principado de Asturias] Downloaded 1 records for 2025-03
2026-08-26 01:49:30,649 - INFO - [Principado de Asturias] Downloaded 1 records for 2025-04
2026-08-26 01:49:33,259 - INFO - [Principado de Asturias] Downloaded 1 records for 2025-05
2026-08-26 01:49:35,868 - INFO - [Principado de Asturias] Downloaded 1 records for 2025-06
2026-08-26 01:49:39,017 - INFO - [Principado de Asturias] Downloaded 1 records for 2025-07
2026-08-26 01:49:42,118 - INFO - [Principado de Asturias] Downloaded 1 records for 2025-08
2026-08-26 01:49:45,142 - INFO - [Principado de Asturias] Downloaded 1 records for 2025-09
2026-08-26 01:49:48,134 - INFO - [Principado de Asturias] Downloaded 1 records for 2025-10
2026-08-26 01:49:51,136 - INFO - [Principado de Asturias] Downloaded 1 records for 2025-11
2026-08-26 01:49:54,202 - INFO - [Principado de Asturias] Downloaded 1 records for 2025-12
2026-08-26 01:49:56,927 - INFO - [Principado de Asturias] Downloaded 1 records for 2026-01
2026-08-26 01:49:59,860 - INFO - [Principado de Asturias] Downloaded 1 records for 2026-02
2026-08-26 01:50:02,429 - INFO - [Principado de Asturias] Downloaded 1 records for 2026-03
2026-08-26 01:50:05,084 - INFO - [Principado de Asturias] Downloaded 1 records for 2026-04
2026-08-26 01:50:08,027 - INFO - [Principado de Asturias] Downloaded 1 records for 2026-05
2026-08-26 01:50:11,002 - INFO - [Principado de Asturias] Downloaded 1 records for 2026-06
2026-08-26 01:50:16,437 - INFO - [Principado de Asturias] Downloaded 1 records for 2026-07
2026-08-26 01:50:24,410 - ERROR - Failed https://apidatos.ree.es/en/datos/demanda/evolucion?start_date=2026-08-01T00:00&end_date=2026-08-26T23:59&geo_limit=ccaa&geo_ids=11&time_trunc=day (HTTP 502)
2026-08-26 01:50:24,411 - WARNING - [Principado de Asturias] No data returned for 2026-08
2026-08-26 01:50:24,912 - INFO - --- Processing Comunidad de Ceuta ---
2026-08-26 01:50:27,587 - INFO - [Comunidad de Ceuta] Downloaded 31 records for 2015-01
2026-08-26 01:50:30,594 - INFO - [Comunidad de Ceuta] Downloaded 28 records for 2015-02
2026-08-26 01:50:33,307 - INFO - [Comunidad de Ceuta] Downloaded 31 records for 2015-03
2026-08-26 01:50:35,967 - INFO - [Comunidad de Ceuta] Downloaded 30 records for 2015-04
2026-08-26 01:50:39,063 - INFO - [Comunidad de Ceuta] Downloaded 31 records for 2015-05
2026-08-26 01:50:42,036 - INFO - [Comunidad de Ceuta] Downloaded 30 records for 2015-06
2026-08-26 01:50:44,711 - INFO - [Comunidad de Ceuta] Downloaded 31 records for 2015-07
2026-08-26 01:50:47,445 - INFO - [Comunidad de Ceuta] Downloaded 31 records for 2015-08
2026-08-26 01:50:50,430 - INFO - [Comunidad de Ceuta] Downloaded 30 records for 2015-09
2026-08-26 01:50:53,591 - INFO - [Comunidad de Ceuta] Downloaded 31 records for 2015-10
2026-08-26 01:50:56,935 - INFO - [Comunidad de Ceuta] Downloaded 30 records for 2015-11
2026-08-26 01:51:00,051 - INFO - [Comunidad de Ceuta] Downloaded 31 records for 2015-12
2026-08-26 01:51:02,890 - INFO - [Comunidad de Ceuta] Downloaded 31 records for 2016-01
2026-08-26 01:51:05,444 - INFO - [Comunidad de Ceuta] Downloaded 29 records for 2016-02
2026-08-26 01:51:08,243 - INFO - [Comunidad de Ceuta] Downloaded 31 records for 2016-03
2026-08-26 01:51:11,112 - INFO - [Comunidad de Ceuta] Downloaded 30 records for 2016-04
2026-08-26 01:51:14,185 - INFO - [Comunidad de Ceuta] Downloaded 31 records for 2016-05
2026-08-26 01:51:17,173 - INFO - [Comunidad de Ceuta] Downloaded 30 records for 2016-06
2026-08-26 01:51:20,317 - INFO - [Comunidad de Ceuta] Downloaded 31 records for 2016-07
2026-08-26 01:51:23,284 - INFO - [Comunidad de Ceuta] Downloaded 31 records for 2016-08
2026-08-26 01:51:26,298 - INFO - [Comunidad de Ceuta] Downloaded 30 records for 2016-09
2026-08-26 01:51:28,949 - INFO - [Comunidad de Ceuta] Downloaded 31 records for 2016-10
2026-08-26 01:51:31,522 - INFO - [Comunidad de Ceuta] Downloaded 30 records for 2016-11
2026-08-26 01:51:34,391 - INFO - [Comunidad de Ceuta] Downloaded 31 records for 2016-12
2026-08-26 01:51:37,713 - INFO - [Comunidad de Ceuta] Downloaded 31 records for 2017-01
2026-08-26 01:51:40,605 - INFO - [Comunidad de Ceuta] Downloaded 28 records for 2017-02
2026-08-26 01:51:43,274 - INFO - [Comunidad de Ceuta] Downloaded 31 records for 2017-03
2026-08-26 01:51:46,401 - INFO - [Comunidad de Ceuta] Downloaded 30 records for 2017-04
2026-08-26 01:51:49,520 - INFO - [Comunidad de Ceuta] Downloaded 31 records for 2017-05
2026-08-26 01:51:52,589 - INFO - [Comunidad de Ceuta] Downloaded 30 records for 2017-06
2026-08-26 01:51:55,554 - INFO - [Comunidad de Ceuta] Downloaded 31 records for 2017-07
2026-08-26 01:51:58,627 - INFO - [Comunidad de Ceuta] Downloaded 31 records for 2017-08
2026-08-26 01:52:01,511 - INFO - [Comunidad de Ceuta] Downloaded 30 records for 2017-09
2026-08-26 01:52:04,737 - INFO - [Comunidad de Ceuta] Downloaded 31 records for 2017-10
2026-08-26 01:52:07,631 - INFO - [Comunidad de Ceuta] Downloaded 30 records for 2017-11
2026-08-26 01:52:10,569 - INFO - [Comunidad de Ceuta] Downloaded 31 records for 2017-12
2026-08-26 01:52:13,425 - INFO - [Comunidad de Ceuta] Downloaded 31 records for 2018-01
2026-08-26 01:52:15,982 - INFO - [Comunidad de Ceuta] Downloaded 28 records for 2018-02
2026-08-26 01:52:18,624 - INFO - [Comunidad de Ceuta] Downloaded 31 records for 2018-03
2026-08-26 01:52:21,262 - INFO - [Comunidad de Ceuta] Downloaded 30 records for 2018-04
2026-08-26 01:52:24,330 - INFO - [Comunidad de Ceuta] Downloaded 31 records for 2018-05
2026-08-26 01:52:27,049 - INFO - [Comunidad de Ceuta] Downloaded 30 records for 2018-06
2026-08-26 01:52:29,739 - INFO - [Comunidad de Ceuta] Downloaded 31 records for 2018-07
2026-08-26 01:52:33,098 - INFO - [Comunidad de Ceuta] Downloaded 31 records for 2018-08
2026-08-26 01:52:36,273 - INFO - [Comunidad de Ceuta] Downloaded 30 records for 2018-09
2026-08-26 01:52:39,021 - INFO - [Comunidad de Ceuta] Downloaded 31 records for 2018-10
2026-08-26 01:52:41,737 - INFO - [Comunidad de Ceuta] Downloaded 30 records for 2018-11
2026-08-26 01:52:44,612 - INFO - [Comunidad de Ceuta] Downloaded 31 records for 2018-12
2026-08-26 01:52:47,342 - INFO - [Comunidad de Ceuta] Downloaded 31 records for 2019-01
2026-08-26 01:52:50,259 - INFO - [Comunidad de Ceuta] Downloaded 28 records for 2019-02
2026-08-26 01:52:52,847 - INFO - [Comunidad de Ceuta] Downloaded 31 records for 2019-03
2026-08-26 01:52:55,663 - INFO - [Comunidad de Ceuta] Downloaded 30 records for 2019-04
2026-08-26 01:52:58,948 - INFO - [Comunidad de Ceuta] Downloaded 31 records for 2019-05
2026-08-26 01:53:01,828 - INFO - [Comunidad de Ceuta] Downloaded 30 records for 2019-06
2026-08-26 01:53:04,917 - INFO - [Comunidad de Ceuta] Downloaded 31 records for 2019-07
2026-08-26 01:53:08,057 - INFO - [Comunidad de Ceuta] Downloaded 31 records for 2019-08
2026-08-26 01:53:11,015 - INFO - [Comunidad de Ceuta] Downloaded 30 records for 2019-09
2026-08-26 01:53:13,888 - INFO - [Comunidad de Ceuta] Downloaded 31 records for 2019-10
2026-08-26 01:53:16,560 - INFO - [Comunidad de Ceuta] Downloaded 30 records for 2019-11
2026-08-26 01:53:19,426 - INFO - [Comunidad de Ceuta] Downloaded 31 records for 2019-12
2026-08-26 01:53:22,669 - INFO - [Comunidad de Ceuta] Downloaded 31 records for 2020-01
2026-08-26 01:53:25,749 - INFO - [Comunidad de Ceuta] Downloaded 29 records for 2020-02
2026-08-26 01:53:28,745 - INFO - [Comunidad de Ceuta] Downloaded 31 records for 2020-03
2026-08-26 01:53:31,727 - INFO - [Comunidad de Ceuta] Downloaded 30 records for 2020-04
2026-08-26 01:53:34,786 - INFO - [Comunidad de Ceuta] Downloaded 31 records for 2020-05
2026-08-26 01:53:37,583 - INFO - [Comunidad de Ceuta] Downloaded 30 records for 2020-06
2026-08-26 01:53:40,735 - INFO - [Comunidad de Ceuta] Downloaded 31 records for 2020-07
2026-08-26 01:53:43,686 - INFO - [Comunidad de Ceuta] Downloaded 31 records for 2020-08
2026-08-26 01:53:46,658 - INFO - [Comunidad de Ceuta] Downloaded 30 records for 2020-09
2026-08-26 01:53:49,965 - INFO - [Comunidad de Ceuta] Downloaded 31 records for 2020-10
2026-08-26 01:53:52,845 - INFO - [Comunidad de Ceuta] Downloaded 30 records for 2020-11
2026-08-26 01:53:55,963 - INFO - [Comunidad de Ceuta] Downloaded 31 records for 2020-12
2026-08-26 01:53:58,955 - INFO - [Comunidad de Ceuta] Downloaded 31 records for 2021-01
2026-08-26 01:54:01,774 - INFO - [Comunidad de Ceuta] Downloaded 28 records for 2021-02
2026-08-26 01:54:04,786 - INFO - [Comunidad de Ceuta] Downloaded 31 records for 2021-03
2026-08-26 01:54:08,299 - INFO - [Comunidad de Ceuta] Downloaded 30 records for 2021-04
2026-08-26 01:54:11,763 - INFO - [Comunidad de Ceuta] Downloaded 31 records for 2021-05
2026-08-26 01:54:14,611 - INFO - [Comunidad de Ceuta] Downloaded 30 records for 2021-06
2026-08-26 01:54:17,557 - INFO - [Comunidad de Ceuta] Downloaded 31 records for 2021-07
2026-08-26 01:54:20,213 - INFO - [Comunidad de Ceuta] Downloaded 31 records for 2021-08
2026-08-26 01:54:22,815 - INFO - [Comunidad de Ceuta] Downloaded 30 records for 2021-09
2026-08-26 01:54:25,899 - INFO - [Comunidad de Ceuta] Downloaded 31 records for 2021-10
2026-08-26 01:54:28,788 - INFO - [Comunidad de Ceuta] Downloaded 30 records for 2021-11
2026-08-26 01:54:31,860 - INFO - [Comunidad de Ceuta] Downloaded 31 records for 2021-12
2026-08-26 01:54:34,707 - INFO - [Comunidad de Ceuta] Downloaded 31 records for 2022-01
2026-08-26 01:54:38,245 - INFO - [Comunidad de Ceuta] Downloaded 28 records for 2022-02
2026-08-26 01:54:41,556 - INFO - [Comunidad de Ceuta] Downloaded 31 records for 2022-03
2026-08-26 01:54:44,459 - INFO - [Comunidad de Ceuta] Downloaded 30 records for 2022-04
2026-08-26 01:54:47,598 - INFO - [Comunidad de Ceuta] Downloaded 31 records for 2022-05
2026-08-26 01:54:50,693 - INFO - [Comunidad de Ceuta] Downloaded 30 records for 2022-06
2026-08-26 01:54:53,348 - INFO - [Comunidad de Ceuta] Downloaded 31 records for 2022-07
2026-08-26 01:54:56,114 - INFO - [Comunidad de Ceuta] Downloaded 31 records for 2022-08
2026-08-26 01:54:58,706 - INFO - [Comunidad de Ceuta] Downloaded 30 records for 2022-09
2026-08-26 01:55:01,442 - INFO - [Comunidad de Ceuta] Downloaded 31 records for 2022-10
2026-08-26 01:55:04,381 - INFO - [Comunidad de Ceuta] Downloaded 30 records for 2022-11
2026-08-26 01:55:07,507 - INFO - [Comunidad de Ceuta] Downloaded 31 records for 2022-12
2026-08-26 01:55:10,639 - INFO - [Comunidad de Ceuta] Downloaded 31 records for 2023-01
2026-08-26 01:55:13,607 - INFO - [Comunidad de Ceuta] Downloaded 28 records for 2023-02
2026-08-26 01:55:16,499 - INFO - [Comunidad de Ceuta] Downloaded 31 records for 2023-03
2026-08-26 01:55:19,439 - INFO - [Comunidad de Ceuta] Downloaded 30 records for 2023-04
2026-08-26 01:55:22,618 - INFO - [Comunidad de Ceuta] Downloaded 31 records for 2023-05
2026-08-26 01:55:25,668 - INFO - [Comunidad de Ceuta] Downloaded 30 records for 2023-06
2026-08-26 01:55:28,364 - INFO - [Comunidad de Ceuta] Downloaded 31 records for 2023-07
2026-08-26 01:55:31,424 - INFO - [Comunidad de Ceuta] Downloaded 31 records for 2023-08
2026-08-26 01:55:34,501 - INFO - [Comunidad de Ceuta] Downloaded 30 records for 2023-09
2026-08-26 01:55:37,440 - INFO - [Comunidad de Ceuta] Downloaded 31 records for 2023-10
2026-08-26 01:55:40,336 - INFO - [Comunidad de Ceuta] Downloaded 30 records for 2023-11
2026-08-26 01:55:43,035 - INFO - [Comunidad de Ceuta] Downloaded 31 records for 2023-12
2026-08-26 01:55:45,858 - INFO - [Comunidad de Ceuta] Downloaded 31 records for 2024-01
2026-08-26 01:55:48,785 - INFO - [Comunidad de Ceuta] Downloaded 29 records for 2024-02
2026-08-26 01:55:51,909 - INFO - [Comunidad de Ceuta] Downloaded 31 records for 2024-03
2026-08-26 01:55:55,100 - INFO - [Comunidad de Ceuta] Downloaded 30 records for 2024-04
2026-08-26 01:55:58,467 - INFO - [Comunidad de Ceuta] Downloaded 31 records for 2024-05
2026-08-26 01:56:01,536 - INFO - [Comunidad de Ceuta] Downloaded 30 records for 2024-06
2026-08-26 01:56:04,712 - INFO - [Comunidad de Ceuta] Downloaded 31 records for 2024-07
2026-08-26 01:56:07,782 - INFO - [Comunidad de Ceuta] Downloaded 31 records for 2024-08
2026-08-26 01:56:10,756 - INFO - [Comunidad de Ceuta] Downloaded 30 records for 2024-09
2026-08-26 01:56:14,845 - INFO - [Comunidad de Ceuta] Downloaded 31 records for 2024-10
2026-08-26 01:56:17,753 - INFO - [Comunidad de Ceuta] Downloaded 30 records for 2024-11
2026-08-26 01:56:20,892 - INFO - [Comunidad de Ceuta] Downloaded 31 records for 2024-12
2026-08-26 01:56:24,226 - INFO - [Comunidad de Ceuta] Downloaded 31 records for 2025-01
2026-08-26 01:56:27,372 - INFO - [Comunidad de Ceuta] Downloaded 28 records for 2025-02
2026-08-26 01:56:30,377 - INFO - [Comunidad de Ceuta] Downloaded 31 records for 2025-03
2026-08-26 01:56:33,410 - INFO - [Comunidad de Ceuta] Downloaded 30 records for 2025-04
2026-08-26 01:56:36,288 - INFO - [Comunidad de Ceuta] Downloaded 31 records for 2025-05
2026-08-26 01:56:39,002 - INFO - [Comunidad de Ceuta] Downloaded 30 records for 2025-06
2026-08-26 01:56:42,232 - INFO - [Comunidad de Ceuta] Downloaded 31 records for 2025-07
2026-08-26 01:56:45,576 - INFO - [Comunidad de Ceuta] Downloaded 31 records for 2025-08
2026-08-26 01:56:48,470 - INFO - [Comunidad de Ceuta] Downloaded 30 records for 2025-09
2026-08-26 01:56:51,196 - INFO - [Comunidad de Ceuta] Downloaded 31 records for 2025-10
2026-08-26 01:56:53,922 - INFO - [Comunidad de Ceuta] Downloaded 30 records for 2025-11
2026-08-26 01:56:56,951 - INFO - [Comunidad de Ceuta] Downloaded 31 records for 2025-12
2026-08-26 01:56:59,701 - INFO - [Comunidad de Ceuta] Downloaded 31 records for 2026-01
2026-08-26 01:57:12,506 - INFO - [Comunidad de Ceuta] Downloaded 28 records for 2026-02
2026-08-26 01:57:16,087 - INFO - [Comunidad de Ceuta] Downloaded 31 records for 2026-03
2026-08-26 01:57:18,751 - INFO - [Comunidad de Ceuta] Downloaded 30 records for 2026-04
2026-08-26 01:57:21,433 - INFO - [Comunidad de Ceuta] Downloaded 31 records for 2026-05
2026-08-26 01:57:24,076 - INFO - [Comunidad de Ceuta] Downloaded 30 records for 2026-06
2026-08-26 01:57:29,852 - INFO - [Comunidad de Ceuta] Downloaded 31 records for 2026-07
2026-08-26 01:57:32,460 - INFO - [Comunidad de Ceuta] Downloaded 25 records for 2026-08
2026-08-26 01:57:32,961 - INFO - --- Processing Comunidad de Melilla ---
2026-08-26 01:57:35,512 - INFO - [Comunidad de Melilla] Downloaded 31 records for 2015-01
2026-08-26 01:57:38,105 - INFO - [Comunidad de Melilla] Downloaded 28 records for 2015-02
2026-08-26 01:57:40,975 - INFO - [Comunidad de Melilla] Downloaded 31 records for 2015-03
2026-08-26 01:57:43,941 - INFO - [Comunidad de Melilla] Downloaded 30 records for 2015-04
2026-08-26 01:57:47,116 - INFO - [Comunidad de Melilla] Downloaded 31 records for 2015-05
2026-08-26 01:57:49,913 - INFO - [Comunidad de Melilla] Downloaded 30 records for 2015-06
2026-08-26 01:57:52,749 - INFO - [Comunidad de Melilla] Downloaded 31 records for 2015-07
2026-08-26 01:57:55,513 - INFO - [Comunidad de Melilla] Downloaded 31 records for 2015-08
2026-08-26 01:57:58,246 - INFO - [Comunidad de Melilla] Downloaded 30 records for 2015-09
2026-08-26 01:58:01,354 - INFO - [Comunidad de Melilla] Downloaded 31 records for 2015-10
2026-08-26 01:58:03,995 - INFO - [Comunidad de Melilla] Downloaded 30 records for 2015-11
2026-08-26 01:58:06,744 - INFO - [Comunidad de Melilla] Downloaded 31 records for 2015-12
2026-08-26 01:58:09,646 - INFO - [Comunidad de Melilla] Downloaded 31 records for 2016-01
2026-08-26 01:58:12,671 - INFO - [Comunidad de Melilla] Downloaded 29 records for 2016-02
2026-08-26 01:58:15,670 - INFO - [Comunidad de Melilla] Downloaded 31 records for 2016-03
2026-08-26 01:58:18,401 - INFO - [Comunidad de Melilla] Downloaded 30 records for 2016-04
2026-08-26 01:58:21,163 - INFO - [Comunidad de Melilla] Downloaded 31 records for 2016-05
2026-08-26 01:58:23,880 - INFO - [Comunidad de Melilla] Downloaded 30 records for 2016-06
2026-08-26 01:58:26,951 - INFO - [Comunidad de Melilla] Downloaded 31 records for 2016-07
2026-08-26 01:58:30,120 - INFO - [Comunidad de Melilla] Downloaded 31 records for 2016-08
2026-08-26 01:58:32,710 - INFO - [Comunidad de Melilla] Downloaded 30 records for 2016-09
2026-08-26 01:58:35,463 - INFO - [Comunidad de Melilla] Downloaded 31 records for 2016-10
2026-08-26 01:58:38,399 - INFO - [Comunidad de Melilla] Downloaded 30 records for 2016-11
2026-08-26 01:58:41,146 - INFO - [Comunidad de Melilla] Downloaded 31 records for 2016-12
2026-08-26 01:58:44,069 - INFO - [Comunidad de Melilla] Downloaded 31 records for 2017-01
2026-08-26 01:58:46,975 - INFO - [Comunidad de Melilla] Downloaded 28 records for 2017-02
2026-08-26 01:58:49,788 - INFO - [Comunidad de Melilla] Downloaded 31 records for 2017-03
2026-08-26 01:58:52,658 - INFO - [Comunidad de Melilla] Downloaded 30 records for 2017-04
2026-08-26 01:58:55,529 - INFO - [Comunidad de Melilla] Downloaded 31 records for 2017-05
2026-08-26 01:58:58,799 - INFO - [Comunidad de Melilla] Downloaded 30 records for 2017-06
2026-08-26 01:59:01,838 - INFO - [Comunidad de Melilla] Downloaded 31 records for 2017-07
2026-08-26 01:59:04,842 - INFO - [Comunidad de Melilla] Downloaded 31 records for 2017-08
2026-08-26 01:59:07,719 - INFO - [Comunidad de Melilla] Downloaded 30 records for 2017-09
2026-08-26 01:59:10,578 - INFO - [Comunidad de Melilla] Downloaded 31 records for 2017-10
2026-08-26 01:59:13,751 - INFO - [Comunidad de Melilla] Downloaded 30 records for 2017-11
2026-08-26 01:59:16,821 - INFO - [Comunidad de Melilla] Downloaded 31 records for 2017-12
2026-08-26 01:59:19,633 - INFO - [Comunidad de Melilla] Downloaded 31 records for 2018-01
2026-08-26 01:59:22,394 - INFO - [Comunidad de Melilla] Downloaded 28 records for 2018-02
2026-08-26 01:59:25,326 - INFO - [Comunidad de Melilla] Downloaded 31 records for 2018-03
2026-08-26 01:59:28,296 - INFO - [Comunidad de Melilla] Downloaded 30 records for 2018-04
2026-08-26 01:59:31,201 - INFO - [Comunidad de Melilla] Downloaded 31 records for 2018-05
2026-08-26 01:59:33,916 - INFO - [Comunidad de Melilla] Downloaded 30 records for 2018-06
2026-08-26 01:59:36,997 - INFO - [Comunidad de Melilla] Downloaded 31 records for 2018-07
2026-08-26 01:59:39,966 - INFO - [Comunidad de Melilla] Downloaded 31 records for 2018-08
2026-08-26 01:59:42,830 - INFO - [Comunidad de Melilla] Downloaded 30 records for 2018-09
2026-08-26 01:59:45,754 - INFO - [Comunidad de Melilla] Downloaded 31 records for 2018-10
2026-08-26 01:59:48,478 - INFO - [Comunidad de Melilla] Downloaded 30 records for 2018-11
2026-08-26 01:59:51,435 - INFO - [Comunidad de Melilla] Downloaded 31 records for 2018-12
2026-08-26 01:59:54,403 - INFO - [Comunidad de Melilla] Downloaded 31 records for 2019-01
2026-08-26 01:59:57,801 - INFO - [Comunidad de Melilla] Downloaded 28 records for 2019-02
2026-08-26 02:00:00,913 - INFO - [Comunidad de Melilla] Downloaded 31 records for 2019-03
2026-08-26 02:00:03,928 - INFO - [Comunidad de Melilla] Downloaded 30 records for 2019-04
2026-08-26 02:00:07,303 - INFO - [Comunidad de Melilla] Downloaded 31 records for 2019-05
2026-08-26 02:00:10,426 - INFO - [Comunidad de Melilla] Downloaded 30 records for 2019-06
2026-08-26 02:00:13,238 - INFO - [Comunidad de Melilla] Downloaded 31 records for 2019-07
2026-08-26 02:00:16,522 - INFO - [Comunidad de Melilla] Downloaded 31 records for 2019-08
2026-08-26 02:00:19,666 - INFO - [Comunidad de Melilla] Downloaded 30 records for 2019-09
2026-08-26 02:00:22,424 - INFO - [Comunidad de Melilla] Downloaded 31 records for 2019-10
2026-08-26 02:00:25,278 - INFO - [Comunidad de Melilla] Downloaded 30 records for 2019-11
2026-08-26 02:00:28,318 - INFO - [Comunidad de Melilla] Downloaded 31 records for 2019-12
2026-08-26 02:00:31,070 - INFO - [Comunidad de Melilla] Downloaded 31 records for 2020-01
2026-08-26 02:00:33,927 - INFO - [Comunidad de Melilla] Downloaded 29 records for 2020-02
2026-08-26 02:00:36,617 - INFO - [Comunidad de Melilla] Downloaded 31 records for 2020-03
2026-08-26 02:00:39,315 - INFO - [Comunidad de Melilla] Downloaded 30 records for 2020-04
2026-08-26 02:00:42,436 - INFO - [Comunidad de Melilla] Downloaded 31 records for 2020-05
2026-08-26 02:00:45,625 - INFO - [Comunidad de Melilla] Downloaded 30 records for 2020-06
2026-08-26 02:00:48,786 - INFO - [Comunidad de Melilla] Downloaded 31 records for 2020-07
2026-08-26 02:00:51,773 - INFO - [Comunidad de Melilla] Downloaded 31 records for 2020-08
2026-08-26 02:00:54,689 - INFO - [Comunidad de Melilla] Downloaded 30 records for 2020-09
2026-08-26 02:00:57,400 - INFO - [Comunidad de Melilla] Downloaded 31 records for 2020-10
2026-08-26 02:01:00,772 - INFO - [Comunidad de Melilla] Downloaded 30 records for 2020-11
2026-08-26 02:01:03,942 - INFO - [Comunidad de Melilla] Downloaded 31 records for 2020-12
2026-08-26 02:01:06,917 - INFO - [Comunidad de Melilla] Downloaded 31 records for 2021-01
2026-08-26 02:01:09,982 - INFO - [Comunidad de Melilla] Downloaded 28 records for 2021-02
2026-08-26 02:01:13,005 - INFO - [Comunidad de Melilla] Downloaded 31 records for 2021-03
2026-08-26 02:01:15,829 - INFO - [Comunidad de Melilla] Downloaded 30 records for 2021-04
2026-08-26 02:01:18,722 - INFO - [Comunidad de Melilla] Downloaded 31 records for 2021-05
2026-08-26 02:01:21,650 - INFO - [Comunidad de Melilla] Downloaded 30 records for 2021-06
2026-08-26 02:01:25,034 - INFO - [Comunidad de Melilla] Downloaded 31 records for 2021-07
2026-08-26 02:01:28,006 - INFO - [Comunidad de Melilla] Downloaded 31 records for 2021-08
2026-08-26 02:01:30,913 - INFO - [Comunidad de Melilla] Downloaded 30 records for 2021-09
2026-08-26 02:01:33,817 - INFO - [Comunidad de Melilla] Downloaded 31 records for 2021-10
2026-08-26 02:01:36,484 - INFO - [Comunidad de Melilla] Downloaded 30 records for 2021-11
2026-08-26 02:01:39,171 - INFO - [Comunidad de Melilla] Downloaded 31 records for 2021-12
2026-08-26 02:01:42,087 - INFO - [Comunidad de Melilla] Downloaded 31 records for 2022-01
2026-08-26 02:01:45,210 - INFO - [Comunidad de Melilla] Downloaded 28 records for 2022-02
2026-08-26 02:01:48,411 - INFO - [Comunidad de Melilla] Downloaded 31 records for 2022-03
2026-08-26 02:01:51,154 - INFO - [Comunidad de Melilla] Downloaded 30 records for 2022-04
2026-08-26 02:01:54,035 - INFO - [Comunidad de Melilla] Downloaded 31 records for 2022-05
2026-08-26 02:01:56,837 - INFO - [Comunidad de Melilla] Downloaded 30 records for 2022-06
2026-08-26 02:01:59,552 - INFO - [Comunidad de Melilla] Downloaded 31 records for 2022-07
2026-08-26 02:02:02,402 - INFO - [Comunidad de Melilla] Downloaded 31 records for 2022-08
2026-08-26 02:02:05,482 - INFO - [Comunidad de Melilla] Downloaded 30 records for 2022-09
2026-08-26 02:02:08,305 - INFO - [Comunidad de Melilla] Downloaded 31 records for 2022-10
2026-08-26 02:02:11,094 - INFO - [Comunidad de Melilla] Downloaded 30 records for 2022-11
2026-08-26 02:02:14,084 - INFO - [Comunidad de Melilla] Downloaded 31 records for 2022-12
2026-08-26 02:02:17,123 - INFO - [Comunidad de Melilla] Downloaded 31 records for 2023-01
2026-08-26 02:02:21,288 - INFO - [Comunidad de Melilla] Downloaded 28 records for 2023-02
2026-08-26 02:02:24,161 - INFO - [Comunidad de Melilla] Downloaded 31 records for 2023-03
2026-08-26 02:02:27,527 - INFO - [Comunidad de Melilla] Downloaded 30 records for 2023-04
2026-08-26 02:02:30,468 - INFO - [Comunidad de Melilla] Downloaded 31 records for 2023-05
2026-08-26 02:02:33,439 - INFO - [Comunidad de Melilla] Downloaded 30 records for 2023-06
2026-08-26 02:02:36,506 - INFO - [Comunidad de Melilla] Downloaded 31 records for 2023-07
2026-08-26 02:02:39,380 - INFO - [Comunidad de Melilla] Downloaded 31 records for 2023-08
2026-08-26 02:02:42,657 - INFO - [Comunidad de Melilla] Downloaded 30 records for 2023-09
2026-08-26 02:02:45,491 - INFO - [Comunidad de Melilla] Downloaded 31 records for 2023-10
2026-08-26 02:02:48,211 - INFO - [Comunidad de Melilla] Downloaded 30 records for 2023-11
2026-08-26 02:02:51,977 - INFO - [Comunidad de Melilla] Downloaded 31 records for 2023-12
2026-08-26 02:02:54,931 - INFO - [Comunidad de Melilla] Downloaded 31 records for 2024-01
2026-08-26 02:02:57,919 - INFO - [Comunidad de Melilla] Downloaded 29 records for 2024-02
2026-08-26 02:03:01,195 - INFO - [Comunidad de Melilla] Downloaded 31 records for 2024-03
2026-08-26 02:03:04,142 - INFO - [Comunidad de Melilla] Downloaded 30 records for 2024-04
2026-08-26 02:03:07,323 - INFO - [Comunidad de Melilla] Downloaded 31 records for 2024-05
2026-08-26 02:03:10,253 - INFO - [Comunidad de Melilla] Downloaded 30 records for 2024-06
2026-08-26 02:03:13,052 - INFO - [Comunidad de Melilla] Downloaded 31 records for 2024-07
2026-08-26 02:03:16,012 - INFO - [Comunidad de Melilla] Downloaded 31 records for 2024-08
2026-08-26 02:03:18,718 - INFO - [Comunidad de Melilla] Downloaded 30 records for 2024-09
2026-08-26 02:03:21,767 - INFO - [Comunidad de Melilla] Downloaded 31 records for 2024-10
2026-08-26 02:03:24,502 - INFO - [Comunidad de Melilla] Downloaded 30 records for 2024-11
2026-08-26 02:03:27,367 - INFO - [Comunidad de Melilla] Downloaded 31 records for 2024-12
2026-08-26 02:03:30,278 - INFO - [Comunidad de Melilla] Downloaded 31 records for 2025-01
2026-08-26 02:03:33,143 - INFO - [Comunidad de Melilla] Downloaded 28 records for 2025-02
2026-08-26 02:03:36,456 - INFO - [Comunidad de Melilla] Downloaded 31 records for 2025-03
2026-08-26 02:03:39,183 - INFO - [Comunidad de Melilla] Downloaded 30 records for 2025-04
2026-08-26 02:03:42,150 - INFO - [Comunidad de Melilla] Downloaded 31 records for 2025-05
2026-08-26 02:03:44,843 - INFO - [Comunidad de Melilla] Downloaded 30 records for 2025-06
2026-08-26 02:03:47,473 - INFO - [Comunidad de Melilla] Downloaded 31 records for 2025-07
2026-08-26 02:03:50,280 - INFO - [Comunidad de Melilla] Downloaded 31 records for 2025-08
2026-08-26 02:03:52,935 - INFO - [Comunidad de Melilla] Downloaded 30 records for 2025-09
2026-08-26 02:03:56,086 - INFO - [Comunidad de Melilla] Downloaded 31 records for 2025-10
2026-08-26 02:03:59,053 - INFO - [Comunidad de Melilla] Downloaded 30 records for 2025-11
2026-08-26 02:04:02,122 - INFO - [Comunidad de Melilla] Downloaded 31 records for 2025-12
2026-08-26 02:04:04,890 - INFO - [Comunidad de Melilla] Downloaded 31 records for 2026-01
2026-08-26 02:04:07,856 - INFO - [Comunidad de Melilla] Downloaded 28 records for 2026-02
2026-08-26 02:04:10,830 - INFO - [Comunidad de Melilla] Downloaded 31 records for 2026-03
2026-08-26 02:04:14,318 - INFO - [Comunidad de Melilla] Downloaded 30 records for 2026-04
2026-08-26 02:04:17,691 - INFO - [Comunidad de Melilla] Downloaded 31 records for 2026-05
2026-08-26 02:04:21,222 - INFO - [Comunidad de Melilla] Downloaded 30 records for 2026-06
2026-08-26 02:04:27,420 - INFO - [Comunidad de Melilla] Downloaded 31 records for 2026-07
2026-08-26 02:04:30,591 - INFO - [Comunidad de Melilla] Downloaded 25 records for 2026-08
2026-08-26 02:04:31,092 - INFO - --- Processing Comunidad de Madrid ---
2026-08-26 02:04:34,483 - INFO - [Comunidad de Madrid] Downloaded 1 records for 2015-01
2026-08-26 02:04:37,758 - INFO - [Comunidad de Madrid] Downloaded 1 records for 2015-02
2026-08-26 02:04:40,879 - INFO - [Comunidad de Madrid] Downloaded 1 records for 2015-03
2026-08-26 02:04:44,316 - INFO - [Comunidad de Madrid] Downloaded 1 records for 2015-04
2026-08-26 02:04:47,385 - INFO - [Comunidad de Madrid] Downloaded 1 records for 2015-05
2026-08-26 02:04:50,466 - INFO - [Comunidad de Madrid] Downloaded 1 records for 2015-06
2026-08-26 02:04:53,538 - INFO - [Comunidad de Madrid] Downloaded 1 records for 2015-07
2026-08-26 02:04:56,704 - INFO - [Comunidad de Madrid] Downloaded 1 records for 2015-08
2026-08-26 02:04:59,879 - INFO - [Comunidad de Madrid] Downloaded 1 records for 2015-09
2026-08-26 02:05:02,647 - INFO - [Comunidad de Madrid] Downloaded 1 records for 2015-10
2026-08-26 02:05:06,021 - INFO - [Comunidad de Madrid] Downloaded 1 records for 2015-11
2026-08-26 02:05:09,143 - INFO - [Comunidad de Madrid] Downloaded 1 records for 2015-12
2026-08-26 02:05:12,373 - INFO - [Comunidad de Madrid] Downloaded 1 records for 2016-01
2026-08-26 02:05:15,752 - INFO - [Comunidad de Madrid] Downloaded 1 records for 2016-02
2026-08-26 02:05:18,927 - INFO - [Comunidad de Madrid] Downloaded 1 records for 2016-03
2026-08-26 02:05:21,932 - INFO - [Comunidad de Madrid] Downloaded 1 records for 2016-04
2026-08-26 02:05:24,763 - INFO - [Comunidad de Madrid] Downloaded 1 records for 2016-05
2026-08-26 02:05:27,699 - INFO - [Comunidad de Madrid] Downloaded 1 records for 2016-06
2026-08-26 02:05:31,215 - INFO - [Comunidad de Madrid] Downloaded 1 records for 2016-07
2026-08-26 02:05:34,397 - INFO - [Comunidad de Madrid] Downloaded 1 records for 2016-08
2026-08-26 02:05:37,257 - INFO - [Comunidad de Madrid] Downloaded 1 records for 2016-09
2026-08-26 02:05:40,181 - INFO - [Comunidad de Madrid] Downloaded 1 records for 2016-10
2026-08-26 02:05:42,893 - INFO - [Comunidad de Madrid] Downloaded 1 records for 2016-11
2026-08-26 02:05:45,625 - INFO - [Comunidad de Madrid] Downloaded 1 records for 2016-12
2026-08-26 02:05:48,339 - INFO - [Comunidad de Madrid] Downloaded 1 records for 2017-01
2026-08-26 02:05:50,979 - INFO - [Comunidad de Madrid] Downloaded 1 records for 2017-02
2026-08-26 02:06:03,790 - INFO - [Comunidad de Madrid] Downloaded 1 records for 2017-03
2026-08-26 02:06:06,692 - INFO - [Comunidad de Madrid] Downloaded 1 records for 2017-04
2026-08-26 02:06:09,490 - INFO - [Comunidad de Madrid] Downloaded 1 records for 2017-05
2026-08-26 02:06:12,930 - INFO - [Comunidad de Madrid] Downloaded 1 records for 2017-06
2026-08-26 02:06:15,672 - INFO - [Comunidad de Madrid] Downloaded 1 records for 2017-07
2026-08-26 02:06:18,587 - INFO - [Comunidad de Madrid] Downloaded 1 records for 2017-08
2026-08-26 02:06:21,806 - INFO - [Comunidad de Madrid] Downloaded 1 records for 2017-09
2026-08-26 02:06:34,779 - INFO - [Comunidad de Madrid] Downloaded 1 records for 2017-10
2026-08-26 02:06:37,686 - INFO - [Comunidad de Madrid] Downloaded 1 records for 2017-11
2026-08-26 02:06:40,547 - INFO - [Comunidad de Madrid] Downloaded 1 records for 2017-12
2026-08-26 02:06:43,206 - INFO - [Comunidad de Madrid] Downloaded 1 records for 2018-01
2026-08-26 02:06:46,219 - INFO - [Comunidad de Madrid] Downloaded 1 records for 2018-02
2026-08-26 02:06:49,147 - INFO - [Comunidad de Madrid] Downloaded 1 records for 2018-03
2026-08-26 02:06:52,014 - INFO - [Comunidad de Madrid] Downloaded 1 records for 2018-04
2026-08-26 02:06:55,097 - INFO - [Comunidad de Madrid] Downloaded 1 records for 2018-05
2026-08-26 02:06:57,850 - INFO - [Comunidad de Madrid] Downloaded 1 records for 2018-06
2026-08-26 02:07:00,795 - INFO - [Comunidad de Madrid] Downloaded 1 records for 2018-07
2026-08-26 02:07:03,482 - INFO - [Comunidad de Madrid] Downloaded 1 records for 2018-08
2026-08-26 02:07:06,177 - INFO - [Comunidad de Madrid] Downloaded 1 records for 2018-09
2026-08-26 02:07:09,041 - INFO - [Comunidad de Madrid] Downloaded 1 records for 2018-10
2026-08-26 02:07:11,822 - INFO - [Comunidad de Madrid] Downloaded 1 records for 2018-11
2026-08-26 02:07:24,781 - INFO - [Comunidad de Madrid] Downloaded 1 records for 2018-12
2026-08-26 02:07:28,017 - INFO - [Comunidad de Madrid] Downloaded 1 records for 2019-01
2026-08-26 02:07:31,053 - INFO - [Comunidad de Madrid] Downloaded 1 records for 2019-02
2026-08-26 02:07:33,953 - INFO - [Comunidad de Madrid] Downloaded 1 records for 2019-03
2026-08-26 02:07:36,674 - INFO - [Comunidad de Madrid] Downloaded 1 records for 2019-04
2026-08-26 02:07:39,734 - INFO - [Comunidad de Madrid] Downloaded 1 records for 2019-05
2026-08-26 02:07:42,701 - INFO - [Comunidad de Madrid] Downloaded 1 records for 2019-06
2026-08-26 02:07:45,451 - INFO - [Comunidad de Madrid] Downloaded 1 records for 2019-07
2026-08-26 02:07:48,618 - INFO - [Comunidad de Madrid] Downloaded 1 records for 2019-08
2026-08-26 02:07:51,753 - INFO - [Comunidad de Madrid] Downloaded 1 records for 2019-09
2026-08-26 02:07:54,969 - INFO - [Comunidad de Madrid] Downloaded 1 records for 2019-10
2026-08-26 02:07:57,998 - INFO - [Comunidad de Madrid] Downloaded 1 records for 2019-11
2026-08-26 02:08:01,138 - INFO - [Comunidad de Madrid] Downloaded 1 records for 2019-12
2026-08-26 02:08:04,209 - INFO - [Comunidad de Madrid] Downloaded 1 records for 2020-01
2026-08-26 02:08:07,078 - INFO - [Comunidad de Madrid] Downloaded 1 records for 2020-02
2026-08-26 02:08:09,948 - INFO - [Comunidad de Madrid] Downloaded 1 records for 2020-03
2026-08-26 02:08:12,916 - INFO - [Comunidad de Madrid] Downloaded 1 records for 2020-04
2026-08-26 02:08:15,867 - INFO - [Comunidad de Madrid] Downloaded 1 records for 2020-05
2026-08-26 02:08:18,467 - INFO - [Comunidad de Madrid] Downloaded 1 records for 2020-06
2026-08-26 02:08:21,106 - INFO - [Comunidad de Madrid] Downloaded 1 records for 2020-07
2026-08-26 02:08:23,829 - INFO - [Comunidad de Madrid] Downloaded 1 records for 2020-08
2026-08-26 02:08:26,636 - INFO - [Comunidad de Madrid] Downloaded 1 records for 2020-09
2026-08-26 02:08:29,342 - INFO - [Comunidad de Madrid] Downloaded 1 records for 2020-10
2026-08-26 02:08:32,163 - INFO - [Comunidad de Madrid] Downloaded 1 records for 2020-11
2026-08-26 02:08:35,340 - INFO - [Comunidad de Madrid] Downloaded 1 records for 2020-12
2026-08-26 02:08:38,516 - INFO - [Comunidad de Madrid] Downloaded 1 records for 2021-01
2026-08-26 02:08:41,592 - INFO - [Comunidad de Madrid] Downloaded 1 records for 2021-02
2026-08-26 02:08:44,495 - INFO - [Comunidad de Madrid] Downloaded 1 records for 2021-03
2026-08-26 02:08:47,598 - INFO - [Comunidad de Madrid] Downloaded 1 records for 2021-04
2026-08-26 02:08:50,648 - INFO - [Comunidad de Madrid] Downloaded 1 records for 2021-05
2026-08-26 02:08:53,346 - INFO - [Comunidad de Madrid] Downloaded 1 records for 2021-06
2026-08-26 02:08:56,445 - INFO - [Comunidad de Madrid] Downloaded 1 records for 2021-07
2026-08-26 02:08:59,584 - INFO - [Comunidad de Madrid] Downloaded 1 records for 2021-08
2026-08-26 02:09:02,671 - INFO - [Comunidad de Madrid] Downloaded 1 records for 2021-09
2026-08-26 02:09:05,801 - INFO - [Comunidad de Madrid] Downloaded 1 records for 2021-10
2026-08-26 02:09:08,983 - INFO - [Comunidad de Madrid] Downloaded 1 records for 2021-11
2026-08-26 02:09:12,013 - INFO - [Comunidad de Madrid] Downloaded 1 records for 2021-12
2026-08-26 02:09:15,258 - INFO - [Comunidad de Madrid] Downloaded 1 records for 2022-01
2026-08-26 02:09:18,862 - INFO - [Comunidad de Madrid] Downloaded 1 records for 2022-02
2026-08-26 02:09:21,832 - INFO - [Comunidad de Madrid] Downloaded 1 records for 2022-03
2026-08-26 02:09:24,644 - INFO - [Comunidad de Madrid] Downloaded 1 records for 2022-04
2026-08-26 02:09:27,696 - INFO - [Comunidad de Madrid] Downloaded 1 records for 2022-05
2026-08-26 02:09:30,648 - INFO - [Comunidad de Madrid] Downloaded 1 records for 2022-06
2026-08-26 02:09:33,814 - INFO - [Comunidad de Madrid] Downloaded 1 records for 2022-07
2026-08-26 02:09:38,017 - INFO - [Comunidad de Madrid] Downloaded 1 records for 2022-08
2026-08-26 02:09:40,984 - INFO - [Comunidad de Madrid] Downloaded 1 records for 2022-09
2026-08-26 02:09:43,747 - INFO - [Comunidad de Madrid] Downloaded 1 records for 2022-10
2026-08-26 02:09:47,151 - INFO - [Comunidad de Madrid] Downloaded 1 records for 2022-11
2026-08-26 02:09:49,894 - INFO - [Comunidad de Madrid] Downloaded 1 records for 2022-12
2026-08-26 02:09:52,963 - INFO - [Comunidad de Madrid] Downloaded 1 records for 2023-01
2026-08-26 02:09:55,733 - INFO - [Comunidad de Madrid] Downloaded 1 records for 2023-02
2026-08-26 02:09:58,697 - INFO - [Comunidad de Madrid] Downloaded 1 records for 2023-03
2026-08-26 02:10:01,243 - INFO - [Comunidad de Madrid] Downloaded 1 records for 2023-04
2026-08-26 02:10:04,027 - INFO - [Comunidad de Madrid] Downloaded 1 records for 2023-05
2026-08-26 02:10:07,015 - INFO - [Comunidad de Madrid] Downloaded 1 records for 2023-06
2026-08-26 02:10:09,945 - INFO - [Comunidad de Madrid] Downloaded 1 records for 2023-07
2026-08-26 02:10:12,959 - INFO - [Comunidad de Madrid] Downloaded 1 records for 2023-08
2026-08-26 02:10:15,529 - INFO - [Comunidad de Madrid] Downloaded 1 records for 2023-09
2026-08-26 02:10:18,095 - INFO - [Comunidad de Madrid] Downloaded 1 records for 2023-10
2026-08-26 02:10:21,125 - INFO - [Comunidad de Madrid] Downloaded 1 records for 2023-11
2026-08-26 02:10:24,133 - INFO - [Comunidad de Madrid] Downloaded 1 records for 2023-12
2026-08-26 02:10:26,961 - INFO - [Comunidad de Madrid] Downloaded 1 records for 2024-01
2026-08-26 02:10:29,937 - INFO - [Comunidad de Madrid] Downloaded 1 records for 2024-02
2026-08-26 02:10:33,264 - INFO - [Comunidad de Madrid] Downloaded 1 records for 2024-03
2026-08-26 02:10:36,410 - INFO - [Comunidad de Madrid] Downloaded 1 records for 2024-04
2026-08-26 02:10:39,305 - INFO - [Comunidad de Madrid] Downloaded 1 records for 2024-05
2026-08-26 02:10:42,629 - INFO - [Comunidad de Madrid] Downloaded 1 records for 2024-06
2026-08-26 02:10:45,822 - INFO - [Comunidad de Madrid] Downloaded 1 records for 2024-07
2026-08-26 02:10:48,774 - INFO - [Comunidad de Madrid] Downloaded 1 records for 2024-08
2026-08-26 02:10:51,846 - INFO - [Comunidad de Madrid] Downloaded 1 records for 2024-09
2026-08-26 02:10:55,127 - INFO - [Comunidad de Madrid] Downloaded 1 records for 2024-10
2026-08-26 02:10:57,936 - INFO - [Comunidad de Madrid] Downloaded 1 records for 2024-11
2026-08-26 02:11:00,959 - INFO - [Comunidad de Madrid] Downloaded 1 records for 2024-12
2026-08-26 02:11:03,929 - INFO - [Comunidad de Madrid] Downloaded 1 records for 2025-01
2026-08-26 02:11:06,899 - INFO - [Comunidad de Madrid] Downloaded 1 records for 2025-02
2026-08-26 02:11:09,975 - INFO - [Comunidad de Madrid] Downloaded 1 records for 2025-03
2026-08-26 02:11:12,737 - INFO - [Comunidad de Madrid] Downloaded 1 records for 2025-04
2026-08-26 02:11:15,705 - INFO - [Comunidad de Madrid] Downloaded 1 records for 2025-05
2026-08-26 02:11:18,385 - INFO - [Comunidad de Madrid] Downloaded 1 records for 2025-06
2026-08-26 02:11:21,340 - INFO - [Comunidad de Madrid] Downloaded 1 records for 2025-07
2026-08-26 02:11:24,410 - INFO - [Comunidad de Madrid] Downloaded 1 records for 2025-08
2026-08-26 02:11:27,279 - INFO - [Comunidad de Madrid] Downloaded 1 records for 2025-09
2026-08-26 02:11:30,247 - INFO - [Comunidad de Madrid] Downloaded 1 records for 2025-10
2026-08-26 02:11:33,266 - INFO - [Comunidad de Madrid] Downloaded 1 records for 2025-11
2026-08-26 02:11:36,039 - INFO - [Comunidad de Madrid] Downloaded 1 records for 2025-12
2026-08-26 02:11:38,749 - INFO - [Comunidad de Madrid] Downloaded 1 records for 2026-01
2026-08-26 02:11:41,808 - INFO - [Comunidad de Madrid] Downloaded 1 records for 2026-02
2026-08-26 02:11:44,977 - INFO - [Comunidad de Madrid] Downloaded 1 records for 2026-03
2026-08-26 02:11:47,964 - INFO - [Comunidad de Madrid] Downloaded 1 records for 2026-04
2026-08-26 02:11:50,775 - INFO - [Comunidad de Madrid] Downloaded 1 records for 2026-05
2026-08-26 02:11:53,505 - INFO - [Comunidad de Madrid] Downloaded 1 records for 2026-06
2026-08-26 02:11:59,845 - INFO - [Comunidad de Madrid] Downloaded 1 records for 2026-07
2026-08-26 02:12:07,624 - ERROR - Failed https://apidatos.ree.es/en/datos/demanda/evolucion?start_date=2026-08-01T00:00&end_date=2026-08-26T23:59&geo_limit=ccaa&geo_ids=13&time_trunc=day (HTTP 502)
2026-08-26 02:12:07,625 - WARNING - [Comunidad de Madrid] No data returned for 2026-08
2026-08-26 02:12:08,128 - INFO - --- Processing Comunidad de Navarra ---
2026-08-26 02:12:11,032 - INFO - [Comunidad de Navarra] Downloaded 1 records for 2015-01
2026-08-26 02:12:14,007 - INFO - [Comunidad de Navarra] Downloaded 1 records for 2015-02
2026-08-26 02:12:17,043 - INFO - [Comunidad de Navarra] Downloaded 1 records for 2015-03
2026-08-26 02:12:19,783 - INFO - [Comunidad de Navarra] Downloaded 1 records for 2015-04
2026-08-26 02:12:22,947 - INFO - [Comunidad de Navarra] Downloaded 1 records for 2015-05
2026-08-26 02:12:26,059 - INFO - [Comunidad de Navarra] Downloaded 1 records for 2015-06
2026-08-26 02:12:29,544 - INFO - [Comunidad de Navarra] Downloaded 1 records for 2015-07
2026-08-26 02:12:32,719 - INFO - [Comunidad de Navarra] Downloaded 1 records for 2015-08
2026-08-26 02:12:35,598 - INFO - [Comunidad de Navarra] Downloaded 1 records for 2015-09
2026-08-26 02:12:38,275 - INFO - [Comunidad de Navarra] Downloaded 1 records for 2015-10
2026-08-26 02:12:41,221 - INFO - [Comunidad de Navarra] Downloaded 1 records for 2015-11
2026-08-26 02:12:44,289 - INFO - [Comunidad de Navarra] Downloaded 1 records for 2015-12
2026-08-26 02:12:47,233 - INFO - [Comunidad de Navarra] Downloaded 1 records for 2016-01
2026-08-26 02:12:49,890 - INFO - [Comunidad de Navarra] Downloaded 1 records for 2016-02
2026-08-26 02:12:53,098 - INFO - [Comunidad de Navarra] Downloaded 1 records for 2016-03
2026-08-26 02:12:56,274 - INFO - [Comunidad de Navarra] Downloaded 1 records for 2016-04
2026-08-26 02:12:59,637 - INFO - [Comunidad de Navarra] Downloaded 1 records for 2016-05
2026-08-26 02:13:02,607 - INFO - [Comunidad de Navarra] Downloaded 1 records for 2016-06
2026-08-26 02:13:05,797 - INFO - [Comunidad de Navarra] Downloaded 1 records for 2016-07
2026-08-26 02:13:08,692 - INFO - [Comunidad de Navarra] Downloaded 1 records for 2016-08
2026-08-26 02:13:12,044 - INFO - [Comunidad de Navarra] Downloaded 1 records for 2016-09
2026-08-26 02:13:14,595 - INFO - [Comunidad de Navarra] Downloaded 1 records for 2016-10
2026-08-26 02:13:17,466 - INFO - [Comunidad de Navarra] Downloaded 1 records for 2016-11
2026-08-26 02:13:20,128 - INFO - [Comunidad de Navarra] Downloaded 1 records for 2016-12
2026-08-26 02:13:23,084 - INFO - [Comunidad de Navarra] Downloaded 1 records for 2017-01
2026-08-26 02:13:26,077 - INFO - [Comunidad de Navarra] Downloaded 1 records for 2017-02
2026-08-26 02:13:29,337 - INFO - [Comunidad de Navarra] Downloaded 1 records for 2017-03
2026-08-26 02:13:32,938 - INFO - [Comunidad de Navarra] Downloaded 1 records for 2017-04
2026-08-26 02:13:36,043 - INFO - [Comunidad de Navarra] Downloaded 1 records for 2017-05
2026-08-26 02:13:39,175 - INFO - [Comunidad de Navarra] Downloaded 1 records for 2017-06
2026-08-26 02:13:42,626 - INFO - [Comunidad de Navarra] Downloaded 1 records for 2017-07
2026-08-26 02:13:45,854 - INFO - [Comunidad de Navarra] Downloaded 1 records for 2017-08
2026-08-26 02:13:49,102 - INFO - [Comunidad de Navarra] Downloaded 1 records for 2017-09
2026-08-26 02:13:52,080 - INFO - [Comunidad de Navarra] Downloaded 1 records for 2017-10
2026-08-26 02:13:54,947 - INFO - [Comunidad de Navarra] Downloaded 1 records for 2017-11
2026-08-26 02:13:58,121 - INFO - [Comunidad de Navarra] Downloaded 1 records for 2017-12
2026-08-26 02:14:00,885 - INFO - [Comunidad de Navarra] Downloaded 1 records for 2018-01
2026-08-26 02:14:03,754 - INFO - [Comunidad de Navarra] Downloaded 1 records for 2018-02
2026-08-26 02:14:06,912 - INFO - [Comunidad de Navarra] Downloaded 1 records for 2018-03
2026-08-26 02:14:09,905 - INFO - [Comunidad de Navarra] Downloaded 1 records for 2018-04
2026-08-26 02:14:13,025 - INFO - [Comunidad de Navarra] Downloaded 1 records for 2018-05
2026-08-26 02:14:16,144 - INFO - [Comunidad de Navarra] Downloaded 1 records for 2018-06
2026-08-26 02:14:19,238 - INFO - [Comunidad de Navarra] Downloaded 1 records for 2018-07
2026-08-26 02:14:22,417 - INFO - [Comunidad de Navarra] Downloaded 1 records for 2018-08
2026-08-26 02:14:25,676 - INFO - [Comunidad de Navarra] Downloaded 1 records for 2018-09
2026-08-26 02:14:28,723 - INFO - [Comunidad de Navarra] Downloaded 1 records for 2018-10
2026-08-26 02:14:31,511 - INFO - [Comunidad de Navarra] Downloaded 1 records for 2018-11
2026-08-26 02:14:34,241 - INFO - [Comunidad de Navarra] Downloaded 1 records for 2018-12
2026-08-26 02:14:37,861 - INFO - [Comunidad de Navarra] Downloaded 1 records for 2019-01
2026-08-26 02:14:41,036 - INFO - [Comunidad de Navarra] Downloaded 1 records for 2019-02
2026-08-26 02:14:44,306 - INFO - [Comunidad de Navarra] Downloaded 1 records for 2019-03
2026-08-26 02:14:47,404 - INFO - [Comunidad de Navarra] Downloaded 1 records for 2019-04
2026-08-26 02:14:50,142 - INFO - [Comunidad de Navarra] Downloaded 1 records for 2019-05
2026-08-26 02:14:53,036 - INFO - [Comunidad de Navarra] Downloaded 1 records for 2019-06
2026-08-26 02:14:56,041 - INFO - [Comunidad de Navarra] Downloaded 1 records for 2019-07
2026-08-26 02:14:58,949 - INFO - [Comunidad de Navarra] Downloaded 1 records for 2019-08
2026-08-26 02:15:01,993 - INFO - [Comunidad de Navarra] Downloaded 1 records for 2019-09
2026-08-26 02:15:04,846 - INFO - [Comunidad de Navarra] Downloaded 1 records for 2019-10
2026-08-26 02:15:07,667 - INFO - [Comunidad de Navarra] Downloaded 1 records for 2019-11
2026-08-26 02:15:10,445 - INFO - [Comunidad de Navarra] Downloaded 1 records for 2019-12
2026-08-26 02:15:13,285 - INFO - [Comunidad de Navarra] Downloaded 1 records for 2020-01
2026-08-26 02:15:16,360 - INFO - [Comunidad de Navarra] Downloaded 1 records for 2020-02
2026-08-26 02:15:19,039 - INFO - [Comunidad de Navarra] Downloaded 1 records for 2020-03
2026-08-26 02:15:21,990 - INFO - [Comunidad de Navarra] Downloaded 1 records for 2020-04
2026-08-26 02:15:24,857 - INFO - [Comunidad de Navarra] Downloaded 1 records for 2020-05
2026-08-26 02:15:27,962 - INFO - [Comunidad de Navarra] Downloaded 1 records for 2020-06
2026-08-26 02:15:30,680 - INFO - [Comunidad de Navarra] Downloaded 1 records for 2020-07
2026-08-26 02:15:33,455 - INFO - [Comunidad de Navarra] Downloaded 1 records for 2020-08
2026-08-26 02:15:36,224 - INFO - [Comunidad de Navarra] Downloaded 1 records for 2020-09
2026-08-26 02:15:39,170 - INFO - [Comunidad de Navarra] Downloaded 1 records for 2020-10
2026-08-26 02:15:42,370 - INFO - [Comunidad de Navarra] Downloaded 1 records for 2020-11
2026-08-26 02:15:45,440 - INFO - [Comunidad de Navarra] Downloaded 1 records for 2020-12
2026-08-26 02:15:48,308 - INFO - [Comunidad de Navarra] Downloaded 1 records for 2021-01
2026-08-26 02:15:51,175 - INFO - [Comunidad de Navarra] Downloaded 1 records for 2021-02
2026-08-26 02:15:54,354 - INFO - [Comunidad de Navarra] Downloaded 1 records for 2021-03
2026-08-26 02:15:57,325 - INFO - [Comunidad de Navarra] Downloaded 1 records for 2021-04
2026-08-26 02:16:00,395 - INFO - [Comunidad de Navarra] Downloaded 1 records for 2021-05
2026-08-26 02:16:03,404 - INFO - [Comunidad de Navarra] Downloaded 1 records for 2021-06
2026-08-26 02:16:06,202 - INFO - [Comunidad de Navarra] Downloaded 1 records for 2021-07
2026-08-26 02:16:09,099 - INFO - [Comunidad de Navarra] Downloaded 1 records for 2021-08
2026-08-26 02:16:12,378 - INFO - [Comunidad de Navarra] Downloaded 1 records for 2021-09
2026-08-26 02:16:15,442 - INFO - [Comunidad de Navarra] Downloaded 1 records for 2021-10
2026-08-26 02:16:18,490 - INFO - [Comunidad de Navarra] Downloaded 1 records for 2021-11
2026-08-26 02:16:21,487 - INFO - [Comunidad de Navarra] Downloaded 1 records for 2021-12
2026-08-26 02:16:24,366 - INFO - [Comunidad de Navarra] Downloaded 1 records for 2022-01
2026-08-26 02:16:27,085 - INFO - [Comunidad de Navarra] Downloaded 1 records for 2022-02
2026-08-26 02:16:29,874 - INFO - [Comunidad de Navarra] Downloaded 1 records for 2022-03
2026-08-26 02:16:32,561 - INFO - [Comunidad de Navarra] Downloaded 1 records for 2022-04
2026-08-26 02:16:35,317 - INFO - [Comunidad de Navarra] Downloaded 1 records for 2022-05
2026-08-26 02:16:38,122 - INFO - [Comunidad de Navarra] Downloaded 1 records for 2022-06
2026-08-26 02:16:41,047 - INFO - [Comunidad de Navarra] Downloaded 1 records for 2022-07
2026-08-26 02:16:43,812 - INFO - [Comunidad de Navarra] Downloaded 1 records for 2022-08
2026-08-26 02:16:46,745 - INFO - [Comunidad de Navarra] Downloaded 1 records for 2022-09
2026-08-26 02:16:49,755 - INFO - [Comunidad de Navarra] Downloaded 1 records for 2022-10
2026-08-26 02:16:52,939 - INFO - [Comunidad de Navarra] Downloaded 1 records for 2022-11
2026-08-26 02:16:55,909 - INFO - [Comunidad de Navarra] Downloaded 1 records for 2022-12
2026-08-26 02:16:58,925 - INFO - [Comunidad de Navarra] Downloaded 1 records for 2023-01
2026-08-26 02:17:01,671 - INFO - [Comunidad de Navarra] Downloaded 1 records for 2023-02
2026-08-26 02:17:04,860 - INFO - [Comunidad de Navarra] Downloaded 1 records for 2023-03
2026-08-26 02:17:08,057 - INFO - [Comunidad de Navarra] Downloaded 1 records for 2023-04
2026-08-26 02:17:10,705 - INFO - [Comunidad de Navarra] Downloaded 1 records for 2023-05
2026-08-26 02:17:13,442 - INFO - [Comunidad de Navarra] Downloaded 1 records for 2023-06
2026-08-26 02:17:16,047 - INFO - [Comunidad de Navarra] Downloaded 1 records for 2023-07
2026-08-26 02:17:18,776 - INFO - [Comunidad de Navarra] Downloaded 1 records for 2023-08
2026-08-26 02:17:21,599 - INFO - [Comunidad de Navarra] Downloaded 1 records for 2023-09
2026-08-26 02:17:24,570 - INFO - [Comunidad de Navarra] Downloaded 1 records for 2023-10
2026-08-26 02:17:32,208 - INFO - [Comunidad de Navarra] Downloaded 1 records for 2023-11
2026-08-26 02:17:35,020 - INFO - [Comunidad de Navarra] Downloaded 1 records for 2023-12
2026-08-26 02:17:37,652 - INFO - [Comunidad de Navarra] Downloaded 1 records for 2024-01
2026-08-26 02:17:40,445 - INFO - [Comunidad de Navarra] Downloaded 1 records for 2024-02
2026-08-26 02:17:43,407 - INFO - [Comunidad de Navarra] Downloaded 1 records for 2024-03
2026-08-26 02:17:46,392 - INFO - [Comunidad de Navarra] Downloaded 1 records for 2024-04
2026-08-26 02:17:49,528 - INFO - [Comunidad de Navarra] Downloaded 1 records for 2024-05
2026-08-26 02:18:02,099 - INFO - [Comunidad de Navarra] Downloaded 1 records for 2024-06
2026-08-26 02:18:05,224 - INFO - [Comunidad de Navarra] Downloaded 1 records for 2024-07
2026-08-26 02:18:08,092 - INFO - [Comunidad de Navarra] Downloaded 1 records for 2024-08
2026-08-26 02:18:11,367 - INFO - [Comunidad de Navarra] Downloaded 1 records for 2024-09
2026-08-26 02:18:14,443 - INFO - [Comunidad de Navarra] Downloaded 1 records for 2024-10
2026-08-26 02:18:17,244 - INFO - [Comunidad de Navarra] Downloaded 1 records for 2024-11
2026-08-26 02:18:20,543 - INFO - [Comunidad de Navarra] Downloaded 1 records for 2024-12
2026-08-26 02:18:23,759 - INFO - [Comunidad de Navarra] Downloaded 1 records for 2025-01
2026-08-26 02:18:26,469 - INFO - [Comunidad de Navarra] Downloaded 1 records for 2025-02
2026-08-26 02:18:29,087 - INFO - [Comunidad de Navarra] Downloaded 1 records for 2025-03
2026-08-26 02:18:31,818 - INFO - [Comunidad de Navarra] Downloaded 1 records for 2025-04
2026-08-26 02:18:34,820 - INFO - [Comunidad de Navarra] Downloaded 1 records for 2025-05
2026-08-26 02:18:37,789 - INFO - [Comunidad de Navarra] Downloaded 1 records for 2025-06
2026-08-26 02:18:40,963 - INFO - [Comunidad de Navarra] Downloaded 1 records for 2025-07
2026-08-26 02:18:44,147 - INFO - [Comunidad de Navarra] Downloaded 1 records for 2025-08
2026-08-26 02:18:47,109 - INFO - [Comunidad de Navarra] Downloaded 1 records for 2025-09
2026-08-26 02:18:49,853 - INFO - [Comunidad de Navarra] Downloaded 1 records for 2025-10
2026-08-26 02:18:52,718 - INFO - [Comunidad de Navarra] Downloaded 1 records for 2025-11
2026-08-26 02:18:56,051 - INFO - [Comunidad de Navarra] Downloaded 1 records for 2025-12
2026-08-26 02:18:59,194 - INFO - [Comunidad de Navarra] Downloaded 1 records for 2026-01
2026-08-26 02:19:02,012 - INFO - [Comunidad de Navarra] Downloaded 1 records for 2026-02
2026-08-26 02:19:04,721 - INFO - [Comunidad de Navarra] Downloaded 1 records for 2026-03
2026-08-26 02:19:07,793 - INFO - [Comunidad de Navarra] Downloaded 1 records for 2026-04
2026-08-26 02:19:10,480 - INFO - [Comunidad de Navarra] Downloaded 1 records for 2026-05
2026-08-26 02:19:13,632 - INFO - [Comunidad de Navarra] Downloaded 1 records for 2026-06
2026-08-26 02:19:19,471 - INFO - [Comunidad de Navarra] Downloaded 1 records for 2026-07
2026-08-26 02:19:27,467 - ERROR - Failed https://apidatos.ree.es/en/datos/demanda/evolucion?start_date=2026-08-01T00:00&end_date=2026-08-26T23:59&geo_limit=ccaa&geo_ids=14&time_trunc=day (HTTP 502)
2026-08-26 02:19:27,468 - WARNING - [Comunidad de Navarra] No data returned for 2026-08
2026-08-26 02:19:27,970 - INFO - --- Processing Comunidad Valenciana ---
2026-08-26 02:19:30,540 - INFO - [Comunidad Valenciana] Downloaded 1 records for 2015-01
2026-08-26 02:19:33,829 - INFO - [Comunidad Valenciana] Downloaded 1 records for 2015-02
2026-08-26 02:19:36,925 - INFO - [Comunidad Valenciana] Downloaded 1 records for 2015-03
2026-08-26 02:19:39,947 - INFO - [Comunidad Valenciana] Downloaded 1 records for 2015-04
2026-08-26 02:19:42,934 - INFO - [Comunidad Valenciana] Downloaded 1 records for 2015-05
2026-08-26 02:19:45,785 - INFO - [Comunidad Valenciana] Downloaded 1 records for 2015-06
2026-08-26 02:19:48,651 - INFO - [Comunidad Valenciana] Downloaded 1 records for 2015-07
2026-08-26 02:19:51,580 - INFO - [Comunidad Valenciana] Downloaded 1 records for 2015-08
2026-08-26 02:19:54,387 - INFO - [Comunidad Valenciana] Downloaded 1 records for 2015-09
2026-08-26 02:19:57,465 - INFO - [Comunidad Valenciana] Downloaded 1 records for 2015-10
2026-08-26 02:20:00,433 - INFO - [Comunidad Valenciana] Downloaded 1 records for 2015-11
2026-08-26 02:20:03,300 - INFO - [Comunidad Valenciana] Downloaded 1 records for 2015-12
2026-08-26 02:20:06,368 - INFO - [Comunidad Valenciana] Downloaded 1 records for 2016-01
2026-08-26 02:20:09,444 - INFO - [Comunidad Valenciana] Downloaded 1 records for 2016-02
2026-08-26 02:20:12,056 - INFO - [Comunidad Valenciana] Downloaded 1 records for 2016-03
2026-08-26 02:20:14,971 - INFO - [Comunidad Valenciana] Downloaded 1 records for 2016-04
2026-08-26 02:20:17,684 - INFO - [Comunidad Valenciana] Downloaded 1 records for 2016-05
2026-08-26 02:20:20,643 - INFO - [Comunidad Valenciana] Downloaded 1 records for 2016-06
2026-08-26 02:20:23,777 - INFO - [Comunidad Valenciana] Downloaded 1 records for 2016-07
2026-08-26 02:20:26,777 - INFO - [Comunidad Valenciana] Downloaded 1 records for 2016-08
2026-08-26 02:20:29,764 - INFO - [Comunidad Valenciana] Downloaded 1 records for 2016-09
2026-08-26 02:20:32,992 - INFO - [Comunidad Valenciana] Downloaded 1 records for 2016-10
2026-08-26 02:20:36,126 - INFO - [Comunidad Valenciana] Downloaded 1 records for 2016-11
2026-08-26 02:20:38,932 - INFO - [Comunidad Valenciana] Downloaded 1 records for 2016-12
2026-08-26 02:20:43,549 - INFO - [Comunidad Valenciana] Downloaded 1 records for 2017-01
2026-08-26 02:20:46,618 - INFO - [Comunidad Valenciana] Downloaded 1 records for 2017-02
2026-08-26 02:20:49,495 - INFO - [Comunidad Valenciana] Downloaded 1 records for 2017-03
2026-08-26 02:20:52,552 - INFO - [Comunidad Valenciana] Downloaded 1 records for 2017-04
2026-08-26 02:20:56,649 - INFO - [Comunidad Valenciana] Downloaded 1 records for 2017-05
2026-08-26 02:20:59,517 - INFO - [Comunidad Valenciana] Downloaded 1 records for 2017-06
2026-08-26 02:21:02,272 - INFO - [Comunidad Valenciana] Downloaded 1 records for 2017-07
2026-08-26 02:21:05,353 - INFO - [Comunidad Valenciana] Downloaded 1 records for 2017-08
2026-08-26 02:21:08,322 - INFO - [Comunidad Valenciana] Downloaded 1 records for 2017-09
2026-08-26 02:21:11,292 - INFO - [Comunidad Valenciana] Downloaded 1 records for 2017-10
2026-08-26 02:21:13,979 - INFO - [Comunidad Valenciana] Downloaded 1 records for 2017-11
2026-08-26 02:21:17,106 - INFO - [Comunidad Valenciana] Downloaded 1 records for 2017-12
2026-08-26 02:21:19,741 - INFO - [Comunidad Valenciana] Downloaded 1 records for 2018-01
2026-08-26 02:21:22,968 - INFO - [Comunidad Valenciana] Downloaded 1 records for 2018-02
2026-08-26 02:21:25,981 - INFO - [Comunidad Valenciana] Downloaded 1 records for 2018-03
2026-08-26 02:21:28,910 - INFO - [Comunidad Valenciana] Downloaded 1 records for 2018-04
2026-08-26 02:21:31,773 - INFO - [Comunidad Valenciana] Downloaded 1 records for 2018-05
2026-08-26 02:21:34,439 - INFO - [Comunidad Valenciana] Downloaded 1 records for 2018-06
2026-08-26 02:21:37,175 - INFO - [Comunidad Valenciana] Downloaded 1 records for 2018-07
2026-08-26 02:21:39,901 - INFO - [Comunidad Valenciana] Downloaded 1 records for 2018-08
2026-08-26 02:21:42,937 - INFO - [Comunidad Valenciana] Downloaded 1 records for 2018-09
2026-08-26 02:21:45,881 - INFO - [Comunidad Valenciana] Downloaded 1 records for 2018-10
2026-08-26 02:21:49,032 - INFO - [Comunidad Valenciana] Downloaded 1 records for 2018-11
2026-08-26 02:21:51,602 - INFO - [Comunidad Valenciana] Downloaded 1 records for 2018-12
2026-08-26 02:21:54,262 - INFO - [Comunidad Valenciana] Downloaded 1 records for 2019-01
2026-08-26 02:21:57,069 - INFO - [Comunidad Valenciana] Downloaded 1 records for 2019-02
2026-08-26 02:21:59,707 - INFO - [Comunidad Valenciana] Downloaded 1 records for 2019-03
2026-08-26 02:22:02,383 - INFO - [Comunidad Valenciana] Downloaded 1 records for 2019-04
2026-08-26 02:22:05,158 - INFO - [Comunidad Valenciana] Downloaded 1 records for 2019-05
2026-08-26 02:22:07,949 - INFO - [Comunidad Valenciana] Downloaded 1 records for 2019-06
2026-08-26 02:22:10,682 - INFO - [Comunidad Valenciana] Downloaded 1 records for 2019-07
2026-08-26 02:22:13,600 - INFO - [Comunidad Valenciana] Downloaded 1 records for 2019-08
2026-08-26 02:22:16,448 - INFO - [Comunidad Valenciana] Downloaded 1 records for 2019-09
2026-08-26 02:22:19,099 - INFO - [Comunidad Valenciana] Downloaded 1 records for 2019-10
2026-08-26 02:22:22,054 - INFO - [Comunidad Valenciana] Downloaded 1 records for 2019-11
2026-08-26 02:22:25,434 - INFO - [Comunidad Valenciana] Downloaded 1 records for 2019-12
2026-08-26 02:22:28,409 - INFO - [Comunidad Valenciana] Downloaded 1 records for 2020-01
2026-08-26 02:22:31,272 - INFO - [Comunidad Valenciana] Downloaded 1 records for 2020-02
2026-08-26 02:22:34,243 - INFO - [Comunidad Valenciana] Downloaded 1 records for 2020-03
2026-08-26 02:22:37,021 - INFO - [Comunidad Valenciana] Downloaded 1 records for 2020-04
2026-08-26 02:22:40,065 - INFO - [Comunidad Valenciana] Downloaded 1 records for 2020-05
2026-08-26 02:22:42,863 - INFO - [Comunidad Valenciana] Downloaded 1 records for 2020-06
2026-08-26 02:22:45,572 - INFO - [Comunidad Valenciana] Downloaded 1 records for 2020-07
2026-08-26 02:22:48,488 - INFO - [Comunidad Valenciana] Downloaded 1 records for 2020-08
2026-08-26 02:22:51,672 - INFO - [Comunidad Valenciana] Downloaded 1 records for 2020-09
2026-08-26 02:22:55,029 - INFO - [Comunidad Valenciana] Downloaded 1 records for 2020-10
2026-08-26 02:22:57,696 - INFO - [Comunidad Valenciana] Downloaded 1 records for 2020-11
2026-08-26 02:23:00,559 - INFO - [Comunidad Valenciana] Downloaded 1 records for 2020-12
2026-08-26 02:23:03,631 - INFO - [Comunidad Valenciana] Downloaded 1 records for 2021-01
2026-08-26 02:23:06,714 - INFO - [Comunidad Valenciana] Downloaded 1 records for 2021-02
2026-08-26 02:23:09,571 - INFO - [Comunidad Valenciana] Downloaded 1 records for 2021-03
2026-08-26 02:23:12,545 - INFO - [Comunidad Valenciana] Downloaded 1 records for 2021-04
2026-08-26 02:23:15,102 - INFO - [Comunidad Valenciana] Downloaded 1 records for 2021-05
2026-08-26 02:23:17,930 - INFO - [Comunidad Valenciana] Downloaded 1 records for 2021-06
2026-08-26 02:23:20,704 - INFO - [Comunidad Valenciana] Downloaded 1 records for 2021-07
2026-08-26 02:23:23,499 - INFO - [Comunidad Valenciana] Downloaded 1 records for 2021-08
2026-08-26 02:23:26,263 - INFO - [Comunidad Valenciana] Downloaded 1 records for 2021-09
2026-08-26 02:23:29,233 - INFO - [Comunidad Valenciana] Downloaded 1 records for 2021-10
2026-08-26 02:23:32,404 - INFO - [Comunidad Valenciana] Downloaded 1 records for 2021-11
2026-08-26 02:23:35,479 - INFO - [Comunidad Valenciana] Downloaded 1 records for 2021-12
2026-08-26 02:23:38,654 - INFO - [Comunidad Valenciana] Downloaded 1 records for 2022-01
2026-08-26 02:23:41,730 - INFO - [Comunidad Valenciana] Downloaded 1 records for 2022-02
2026-08-26 02:23:44,805 - INFO - [Comunidad Valenciana] Downloaded 1 records for 2022-03
2026-08-26 02:23:47,767 - INFO - [Comunidad Valenciana] Downloaded 1 records for 2022-04
2026-08-26 02:23:50,941 - INFO - [Comunidad Valenciana] Downloaded 1 records for 2022-05
2026-08-26 02:24:03,583 - INFO - [Comunidad Valenciana] Downloaded 1 records for 2022-06
2026-08-26 02:24:06,511 - INFO - [Comunidad Valenciana] Downloaded 1 records for 2022-07
2026-08-26 02:24:09,182 - INFO - [Comunidad Valenciana] Downloaded 1 records for 2022-08
2026-08-26 02:24:11,935 - INFO - [Comunidad Valenciana] Downloaded 1 records for 2022-09
2026-08-26 02:24:14,789 - INFO - [Comunidad Valenciana] Downloaded 1 records for 2022-10
2026-08-26 02:24:17,881 - INFO - [Comunidad Valenciana] Downloaded 1 records for 2022-11
2026-08-26 02:24:20,523 - INFO - [Comunidad Valenciana] Downloaded 1 records for 2022-12
2026-08-26 02:24:23,133 - INFO - [Comunidad Valenciana] Downloaded 1 records for 2023-01
2026-08-26 02:24:25,857 - INFO - [Comunidad Valenciana] Downloaded 1 records for 2023-02
2026-08-26 02:24:29,028 - INFO - [Comunidad Valenciana] Downloaded 1 records for 2023-03
2026-08-26 02:24:31,757 - INFO - [Comunidad Valenciana] Downloaded 1 records for 2023-04
2026-08-26 02:24:35,076 - INFO - [Comunidad Valenciana] Downloaded 1 records for 2023-05
2026-08-26 02:24:38,469 - INFO - [Comunidad Valenciana] Downloaded 1 records for 2023-06
2026-08-26 02:24:41,437 - INFO - [Comunidad Valenciana] Downloaded 1 records for 2023-07
2026-08-26 02:24:44,691 - INFO - [Comunidad Valenciana] Downloaded 1 records for 2023-08
2026-08-26 02:24:48,437 - INFO - [Comunidad Valenciana] Downloaded 1 records for 2023-09
2026-08-26 02:24:51,463 - INFO - [Comunidad Valenciana] Downloaded 1 records for 2023-10
2026-08-26 02:25:04,225 - INFO - [Comunidad Valenciana] Downloaded 1 records for 2023-11
2026-08-26 02:25:07,131 - INFO - [Comunidad Valenciana] Downloaded 1 records for 2023-12
2026-08-26 02:25:10,148 - INFO - [Comunidad Valenciana] Downloaded 1 records for 2024-01
2026-08-26 02:25:13,027 - INFO - [Comunidad Valenciana] Downloaded 1 records for 2024-02
2026-08-26 02:25:15,909 - INFO - [Comunidad Valenciana] Downloaded 1 records for 2024-03
2026-08-26 02:25:18,634 - INFO - [Comunidad Valenciana] Downloaded 1 records for 2024-04
2026-08-26 02:25:21,565 - INFO - [Comunidad Valenciana] Downloaded 1 records for 2024-05
2026-08-26 02:25:24,642 - INFO - [Comunidad Valenciana] Downloaded 1 records for 2024-06
2026-08-26 02:25:27,612 - INFO - [Comunidad Valenciana] Downloaded 1 records for 2024-07
2026-08-26 02:25:30,889 - INFO - [Comunidad Valenciana] Downloaded 1 records for 2024-08
2026-08-26 02:25:33,855 - INFO - [Comunidad Valenciana] Downloaded 1 records for 2024-09
2026-08-26 02:25:37,951 - INFO - [Comunidad Valenciana] Downloaded 1 records for 2024-10
2026-08-26 02:25:41,286 - INFO - [Comunidad Valenciana] Downloaded 1 records for 2024-11
2026-08-26 02:25:44,618 - INFO - [Comunidad Valenciana] Downloaded 1 records for 2024-12
2026-08-26 02:25:47,786 - INFO - [Comunidad Valenciana] Downloaded 1 records for 2025-01
2026-08-26 02:25:50,755 - INFO - [Comunidad Valenciana] Downloaded 1 records for 2025-02
2026-08-26 02:26:03,588 - INFO - [Comunidad Valenciana] Downloaded 1 records for 2025-03
2026-08-26 02:26:06,467 - INFO - [Comunidad Valenciana] Downloaded 1 records for 2025-04
2026-08-26 02:26:09,392 - INFO - [Comunidad Valenciana] Downloaded 1 records for 2025-05
2026-08-26 02:26:22,695 - INFO - [Comunidad Valenciana] Downloaded 1 records for 2025-06
2026-08-26 02:26:26,150 - INFO - [Comunidad Valenciana] Downloaded 1 records for 2025-07
2026-08-26 02:26:29,668 - INFO - [Comunidad Valenciana] Downloaded 1 records for 2025-08
2026-08-26 02:26:32,762 - INFO - [Comunidad Valenciana] Downloaded 1 records for 2025-09
2026-08-26 02:26:35,527 - INFO - [Comunidad Valenciana] Downloaded 1 records for 2025-10
2026-08-26 02:26:38,997 - INFO - [Comunidad Valenciana] Downloaded 1 records for 2025-11
2026-08-26 02:26:42,163 - INFO - [Comunidad Valenciana] Downloaded 1 records for 2025-12
2026-08-26 02:26:45,098 - INFO - [Comunidad Valenciana] Downloaded 1 records for 2026-01
2026-08-26 02:26:48,305 - INFO - [Comunidad Valenciana] Downloaded 1 records for 2026-02
2026-08-26 02:26:51,182 - INFO - [Comunidad Valenciana] Downloaded 1 records for 2026-03
2026-08-26 02:26:54,353 - INFO - [Comunidad Valenciana] Downloaded 1 records for 2026-04
2026-08-26 02:26:57,423 - INFO - [Comunidad Valenciana] Downloaded 1 records for 2026-05
2026-08-26 02:27:00,262 - INFO - [Comunidad Valenciana] Downloaded 1 records for 2026-06
2026-08-26 02:27:06,023 - INFO - [Comunidad Valenciana] Downloaded 1 records for 2026-07
2026-08-26 02:27:24,250 - ERROR - Failed https://apidatos.ree.es/en/datos/demanda/evolucion?start_date=2026-08-01T00:00&end_date=2026-08-26T23:59&geo_limit=ccaa&geo_ids=15&time_trunc=day (HTTP 502)
2026-08-26 02:27:24,252 - WARNING - [Comunidad Valenciana] No data returned for 2026-08
2026-08-26 02:27:24,757 - INFO - --- Processing Extremadura ---
2026-08-26 02:27:27,529 - INFO - [Extremadura] Downloaded 1 records for 2015-01
2026-08-26 02:27:30,396 - INFO - [Extremadura] Downloaded 1 records for 2015-02
2026-08-26 02:27:33,366 - INFO - [Extremadura] Downloaded 1 records for 2015-03
2026-08-26 02:27:36,730 - INFO - [Extremadura] Downloaded 1 records for 2015-04
2026-08-26 02:27:40,024 - INFO - [Extremadura] Downloaded 1 records for 2015-05
2026-08-26 02:27:53,357 - INFO - [Extremadura] Downloaded 1 records for 2015-06
2026-08-26 02:27:57,028 - INFO - [Extremadura] Downloaded 1 records for 2015-07
2026-08-26 02:28:00,195 - INFO - [Extremadura] Downloaded 1 records for 2015-08
2026-08-26 02:28:03,267 - INFO - [Extremadura] Downloaded 1 records for 2015-09
2026-08-26 02:28:06,854 - INFO - [Extremadura] Downloaded 1 records for 2015-10
2026-08-26 02:28:10,333 - INFO - [Extremadura] Downloaded 1 records for 2015-11
2026-08-26 02:28:23,543 - INFO - [Extremadura] Downloaded 1 records for 2015-12
2026-08-26 02:28:26,922 - INFO - [Extremadura] Downloaded 1 records for 2016-01
2026-08-26 02:28:30,301 - INFO - [Extremadura] Downloaded 1 records for 2016-02
2026-08-26 02:28:33,579 - INFO - [Extremadura] Downloaded 1 records for 2016-03
2026-08-26 02:28:36,753 - INFO - [Extremadura] Downloaded 1 records for 2016-04
2026-08-26 02:28:39,723 - INFO - [Extremadura] Downloaded 1 records for 2016-05
2026-08-26 02:28:43,306 - INFO - [Extremadura] Downloaded 1 records for 2016-06
2026-08-26 02:28:46,178 - INFO - [Extremadura] Downloaded 1 records for 2016-07
2026-08-26 02:28:49,451 - INFO - [Extremadura] Downloaded 1 records for 2016-08
2026-08-26 02:28:52,626 - INFO - [Extremadura] Downloaded 1 records for 2016-09
2026-08-26 02:28:55,756 - INFO - [Extremadura] Downloaded 1 records for 2016-10
2026-08-26 02:28:58,975 - INFO - [Extremadura] Downloaded 1 records for 2016-11
2026-08-26 02:29:02,256 - INFO - [Extremadura] Downloaded 1 records for 2016-12
2026-08-26 02:29:05,223 - INFO - [Extremadura] Downloaded 1 records for 2017-01
2026-08-26 02:29:08,498 - INFO - [Extremadura] Downloaded 1 records for 2017-02
2026-08-26 02:29:12,595 - INFO - [Extremadura] Downloaded 1 records for 2017-03
2026-08-26 02:29:15,676 - INFO - [Extremadura] Downloaded 1 records for 2017-04
2026-08-26 02:29:18,760 - INFO - [Extremadura] Downloaded 1 records for 2017-05
2026-08-26 02:29:21,810 - INFO - [Extremadura] Downloaded 1 records for 2017-06
2026-08-26 02:29:25,099 - INFO - [Extremadura] Downloaded 1 records for 2017-07
2026-08-26 02:29:28,366 - INFO - [Extremadura] Downloaded 1 records for 2017-08
2026-08-26 02:29:31,244 - INFO - [Extremadura] Downloaded 1 records for 2017-09
2026-08-26 02:29:34,406 - INFO - [Extremadura] Downloaded 1 records for 2017-10
2026-08-26 02:29:37,786 - INFO - [Extremadura] Downloaded 1 records for 2017-11
2026-08-26 02:29:40,961 - INFO - [Extremadura] Downloaded 1 records for 2017-12
2026-08-26 02:29:44,136 - INFO - [Extremadura] Downloaded 1 records for 2018-01
2026-08-26 02:29:47,079 - INFO - [Extremadura] Downloaded 1 records for 2018-02
2026-08-26 02:29:49,874 - INFO - [Extremadura] Downloaded 1 records for 2018-03
2026-08-26 02:29:52,739 - INFO - [Extremadura] Downloaded 1 records for 2018-04
2026-08-26 02:29:56,116 - INFO - [Extremadura] Downloaded 1 records for 2018-05
2026-08-26 02:29:59,442 - INFO - [Extremadura] Downloaded 1 records for 2018-06
2026-08-26 02:30:02,979 - INFO - [Extremadura] Downloaded 1 records for 2018-07
2026-08-26 02:30:06,676 - INFO - [Extremadura] Downloaded 1 records for 2018-08
2026-08-26 02:30:09,532 - INFO - [Extremadura] Downloaded 1 records for 2018-09
2026-08-26 02:30:12,809 - INFO - [Extremadura] Downloaded 1 records for 2018-10
2026-08-26 02:30:16,088 - INFO - [Extremadura] Downloaded 1 records for 2018-11
2026-08-26 02:30:19,073 - INFO - [Extremadura] Downloaded 1 records for 2018-12
2026-08-26 02:30:22,332 - INFO - [Extremadura] Downloaded 1 records for 2019-01
2026-08-26 02:30:25,868 - INFO - [Extremadura] Downloaded 1 records for 2019-02
2026-08-26 02:30:29,296 - INFO - [Extremadura] Downloaded 1 records for 2019-03
2026-08-26 02:30:32,269 - INFO - [Extremadura] Downloaded 1 records for 2019-04
2026-08-26 02:30:35,342 - INFO - [Extremadura] Downloaded 1 records for 2019-05
2026-08-26 02:30:39,229 - INFO - [Extremadura] Downloaded 1 records for 2019-06
2026-08-26 02:30:42,608 - INFO - [Extremadura] Downloaded 1 records for 2019-07
2026-08-26 02:30:45,886 - INFO - [Extremadura] Downloaded 1 records for 2019-08
2026-08-26 02:30:48,855 - INFO - [Extremadura] Downloaded 1 records for 2019-09
2026-08-26 02:30:51,828 - INFO - [Extremadura] Downloaded 1 records for 2019-10
2026-08-26 02:30:54,899 - INFO - [Extremadura] Downloaded 1 records for 2019-11
2026-08-26 02:30:58,173 - INFO - [Extremadura] Downloaded 1 records for 2019-12
2026-08-26 02:31:01,246 - INFO - [Extremadura] Downloaded 1 records for 2020-01
2026-08-26 02:31:14,350 - INFO - [Extremadura] Downloaded 1 records for 2020-02
2026-08-26 02:31:17,426 - INFO - [Extremadura] Downloaded 1 records for 2020-03
2026-08-26 02:31:20,498 - INFO - [Extremadura] Downloaded 1 records for 2020-04
2026-08-26 02:31:23,458 - INFO - [Extremadura] Downloaded 1 records for 2020-05
2026-08-26 02:31:26,747 - INFO - [Extremadura] Downloaded 1 records for 2020-06
2026-08-26 02:31:29,716 - INFO - [Extremadura] Downloaded 1 records for 2020-07
2026-08-26 02:31:32,609 - INFO - [Extremadura] Downloaded 1 records for 2020-08
2026-08-26 02:31:35,756 - INFO - [Extremadura] Downloaded 1 records for 2020-09
2026-08-26 02:31:38,831 - INFO - [Extremadura] Downloaded 1 records for 2020-10
2026-08-26 02:31:41,798 - INFO - [Extremadura] Downloaded 1 records for 2020-11
2026-08-26 02:31:44,768 - INFO - [Extremadura] Downloaded 1 records for 2020-12
2026-08-26 02:31:47,738 - INFO - [Extremadura] Downloaded 1 records for 2021-01
2026-08-26 02:31:50,708 - INFO - [Extremadura] Downloaded 1 records for 2021-02
2026-08-26 02:31:53,780 - INFO - [Extremadura] Downloaded 1 records for 2021-03
2026-08-26 02:31:56,747 - INFO - [Extremadura] Downloaded 1 records for 2021-04
2026-08-26 02:31:59,685 - INFO - [Extremadura] Downloaded 1 records for 2021-05
2026-08-26 02:32:02,899 - INFO - [Extremadura] Downloaded 1 records for 2021-06
2026-08-26 02:32:06,023 - INFO - [Extremadura] Downloaded 1 records for 2021-07
2026-08-26 02:32:09,242 - INFO - [Extremadura] Downloaded 1 records for 2021-08
2026-08-26 02:32:12,316 - INFO - [Extremadura] Downloaded 1 records for 2021-09
2026-08-26 02:32:15,591 - INFO - [Extremadura] Downloaded 1 records for 2021-10
2026-08-26 02:32:18,663 - INFO - [Extremadura] Downloaded 1 records for 2021-11
2026-08-26 02:32:21,634 - INFO - [Extremadura] Downloaded 1 records for 2021-12
2026-08-26 02:32:24,910 - INFO - [Extremadura] Downloaded 1 records for 2022-01
2026-08-26 02:32:27,982 - INFO - [Extremadura] Downloaded 1 records for 2022-02
2026-08-26 02:32:30,955 - INFO - [Extremadura] Downloaded 1 records for 2022-03
2026-08-26 02:32:33,984 - INFO - [Extremadura] Downloaded 1 records for 2022-04
2026-08-26 02:32:37,301 - INFO - [Extremadura] Downloaded 1 records for 2022-05
2026-08-26 02:32:40,270 - INFO - [Extremadura] Downloaded 1 records for 2022-06
2026-08-26 02:32:43,242 - INFO - [Extremadura] Downloaded 1 records for 2022-07
2026-08-26 02:32:46,312 - INFO - [Extremadura] Downloaded 1 records for 2022-08
2026-08-26 02:32:49,182 - INFO - [Extremadura] Downloaded 1 records for 2022-09
2026-08-26 02:32:52,150 - INFO - [Extremadura] Downloaded 1 records for 2022-10
2026-08-26 02:32:55,017 - INFO - [Extremadura] Downloaded 1 records for 2022-11
2026-08-26 02:32:58,804 - INFO - [Extremadura] Downloaded 1 records for 2022-12
2026-08-26 02:33:01,676 - INFO - [Extremadura] Downloaded 1 records for 2023-01
2026-08-26 02:33:04,744 - INFO - [Extremadura] Downloaded 1 records for 2023-02
2026-08-26 02:33:07,920 - INFO - [Extremadura] Downloaded 1 records for 2023-03
2026-08-26 02:33:10,894 - INFO - [Extremadura] Downloaded 1 records for 2023-04
2026-08-26 02:33:13,962 - INFO - [Extremadura] Downloaded 1 records for 2023-05
2026-08-26 02:33:17,082 - INFO - [Extremadura] Downloaded 1 records for 2023-06
2026-08-26 02:33:20,106 - INFO - [Extremadura] Downloaded 1 records for 2023-07
2026-08-26 02:33:23,178 - INFO - [Extremadura] Downloaded 1 records for 2023-08
2026-08-26 02:33:26,251 - INFO - [Extremadura] Downloaded 1 records for 2023-09
2026-08-26 02:33:29,220 - INFO - [Extremadura] Downloaded 1 records for 2023-10
2026-08-26 02:33:32,191 - INFO - [Extremadura] Downloaded 1 records for 2023-11
2026-08-26 02:33:35,159 - INFO - [Extremadura] Downloaded 1 records for 2023-12
2026-08-26 02:33:38,232 - INFO - [Extremadura] Downloaded 1 records for 2024-01
2026-08-26 02:33:41,712 - INFO - [Extremadura] Downloaded 1 records for 2024-02
2026-08-26 02:33:44,714 - INFO - [Extremadura] Downloaded 1 records for 2024-03
2026-08-26 02:33:47,856 - INFO - [Extremadura] Downloaded 1 records for 2024-04
2026-08-26 02:33:51,037 - INFO - [Extremadura] Downloaded 1 records for 2024-05
2026-08-26 02:33:54,207 - INFO - [Extremadura] Downloaded 1 records for 2024-06
2026-08-26 02:33:57,279 - INFO - [Extremadura] Downloaded 1 records for 2024-07
2026-08-26 02:34:00,256 - INFO - [Extremadura] Downloaded 1 records for 2024-08
2026-08-26 02:34:03,220 - INFO - [Extremadura] Downloaded 1 records for 2024-09
2026-08-26 02:34:06,290 - INFO - [Extremadura] Downloaded 1 records for 2024-10
2026-08-26 02:34:09,361 - INFO - [Extremadura] Downloaded 1 records for 2024-11
2026-08-26 02:34:12,435 - INFO - [Extremadura] Downloaded 1 records for 2024-12
2026-08-26 02:34:15,610 - INFO - [Extremadura] Downloaded 1 records for 2025-01
2026-08-26 02:34:18,784 - INFO - [Extremadura] Downloaded 1 records for 2025-02
2026-08-26 02:34:21,860 - INFO - [Extremadura] Downloaded 1 records for 2025-03
2026-08-26 02:34:24,929 - INFO - [Extremadura] Downloaded 1 records for 2025-04
2026-08-26 02:34:28,000 - INFO - [Extremadura] Downloaded 1 records for 2025-05
2026-08-26 02:34:30,971 - INFO - [Extremadura] Downloaded 1 records for 2025-06
2026-08-26 02:34:34,030 - INFO - [Extremadura] Downloaded 1 records for 2025-07
2026-08-26 02:34:37,116 - INFO - [Extremadura] Downloaded 1 records for 2025-08
2026-08-26 02:34:40,289 - INFO - [Extremadura] Downloaded 1 records for 2025-09
2026-08-26 02:34:43,463 - INFO - [Extremadura] Downloaded 1 records for 2025-10
2026-08-26 02:34:46,503 - INFO - [Extremadura] Downloaded 1 records for 2025-11
2026-08-26 02:34:49,607 - INFO - [Extremadura] Downloaded 1 records for 2025-12
2026-08-26 02:34:52,678 - INFO - [Extremadura] Downloaded 1 records for 2026-01
2026-08-26 02:34:55,550 - INFO - [Extremadura] Downloaded 1 records for 2026-02
2026-08-26 02:34:58,620 - INFO - [Extremadura] Downloaded 1 records for 2026-03
2026-08-26 02:35:01,590 - INFO - [Extremadura] Downloaded 1 records for 2026-04
2026-08-26 02:35:04,665 - INFO - [Extremadura] Downloaded 1 records for 2026-05
2026-08-26 02:35:07,629 - INFO - [Extremadura] Downloaded 1 records for 2026-06
2026-08-26 02:35:13,571 - INFO - [Extremadura] Downloaded 1 records for 2026-07
2026-08-26 02:35:21,556 - ERROR - Failed https://apidatos.ree.es/en/datos/demanda/evolucion?start_date=2026-08-01T00:00&end_date=2026-08-26T23:59&geo_limit=ccaa&geo_ids=16&time_trunc=day (HTTP 502)
2026-08-26 02:35:21,556 - WARNING - [Extremadura] No data returned for 2026-08
2026-08-26 02:35:22,059 - INFO - --- Processing Galicia ---
2026-08-26 02:35:24,835 - INFO - [Galicia] Downloaded 1 records for 2015-01
2026-08-26 02:35:28,008 - INFO - [Galicia] Downloaded 1 records for 2015-02
2026-08-26 02:35:31,083 - INFO - [Galicia] Downloaded 1 records for 2015-03
2026-08-26 02:35:34,051 - INFO - [Galicia] Downloaded 1 records for 2015-04
2026-08-26 02:35:37,122 - INFO - [Galicia] Downloaded 1 records for 2015-05
2026-08-26 02:35:40,502 - INFO - [Galicia] Downloaded 1 records for 2015-06
2026-08-26 02:35:43,567 - INFO - [Galicia] Downloaded 1 records for 2015-07
2026-08-26 02:35:46,441 - INFO - [Galicia] Downloaded 1 records for 2015-08
2026-08-26 02:35:49,326 - INFO - [Galicia] Downloaded 1 records for 2015-09
2026-08-26 02:35:52,484 - INFO - [Galicia] Downloaded 1 records for 2015-10
2026-08-26 02:35:55,559 - INFO - [Galicia] Downloaded 1 records for 2015-11
2026-08-26 02:35:58,525 - INFO - [Galicia] Downloaded 1 records for 2015-12
2026-08-26 02:36:01,392 - INFO - [Galicia] Downloaded 1 records for 2016-01
2026-08-26 02:36:04,466 - INFO - [Galicia] Downloaded 1 records for 2016-02
2026-08-26 02:36:07,537 - INFO - [Galicia] Downloaded 1 records for 2016-03
2026-08-26 02:36:10,923 - INFO - [Galicia] Downloaded 1 records for 2016-04
2026-08-26 02:36:13,887 - INFO - [Galicia] Downloaded 1 records for 2016-05
2026-08-26 02:36:16,894 - INFO - [Galicia] Downloaded 1 records for 2016-06
2026-08-26 02:36:20,034 - INFO - [Galicia] Downloaded 1 records for 2016-07
2026-08-26 02:36:22,999 - INFO - [Galicia] Downloaded 1 records for 2016-08
2026-08-26 02:36:26,185 - INFO - [Galicia] Downloaded 1 records for 2016-09
2026-08-26 02:36:29,373 - INFO - [Galicia] Downloaded 1 records for 2016-10
2026-08-26 02:36:32,443 - INFO - [Galicia] Downloaded 1 records for 2016-11
2026-08-26 02:36:35,495 - INFO - [Galicia] Downloaded 1 records for 2016-12
2026-08-26 02:36:38,360 - INFO - [Galicia] Downloaded 1 records for 2017-01
2026-08-26 02:36:41,432 - INFO - [Galicia] Downloaded 1 records for 2017-02
2026-08-26 02:36:44,513 - INFO - [Galicia] Downloaded 1 records for 2017-03
2026-08-26 02:36:47,372 - INFO - [Galicia] Downloaded 1 records for 2017-04
2026-08-26 02:36:50,416 - INFO - [Galicia] Downloaded 1 records for 2017-05
2026-08-26 02:36:53,414 - INFO - [Galicia] Downloaded 1 records for 2017-06
2026-08-26 02:36:56,486 - INFO - [Galicia] Downloaded 1 records for 2017-07
2026-08-26 02:36:59,458 - INFO - [Galicia] Downloaded 1 records for 2017-08
2026-08-26 02:37:02,531 - INFO - [Galicia] Downloaded 1 records for 2017-09
2026-08-26 02:37:05,498 - INFO - [Galicia] Downloaded 1 records for 2017-10
2026-08-26 02:37:08,672 - INFO - [Galicia] Downloaded 1 records for 2017-11
2026-08-26 02:37:11,850 - INFO - [Galicia] Downloaded 1 records for 2017-12
2026-08-26 02:37:14,922 - INFO - [Galicia] Downloaded 1 records for 2018-01
2026-08-26 02:37:17,889 - INFO - [Galicia] Downloaded 1 records for 2018-02
2026-08-26 02:37:20,858 - INFO - [Galicia] Downloaded 1 records for 2018-03
2026-08-26 02:37:24,755 - INFO - [Galicia] Downloaded 1 records for 2018-04
2026-08-26 02:37:27,822 - INFO - [Galicia] Downloaded 1 records for 2018-05
2026-08-26 02:37:30,803 - INFO - [Galicia] Downloaded 1 records for 2018-06
2026-08-26 02:37:33,658 - INFO - [Galicia] Downloaded 1 records for 2018-07
2026-08-26 02:37:36,731 - INFO - [Galicia] Downloaded 1 records for 2018-08
2026-08-26 02:37:39,803 - INFO - [Galicia] Downloaded 1 records for 2018-09
2026-08-26 02:37:42,875 - INFO - [Galicia] Downloaded 1 records for 2018-10
2026-08-26 02:37:46,050 - INFO - [Galicia] Downloaded 1 records for 2018-11
2026-08-26 02:37:48,921 - INFO - [Galicia] Downloaded 1 records for 2018-12
2026-08-26 02:37:52,335 - INFO - [Galicia] Downloaded 1 records for 2019-01
2026-08-26 02:37:55,375 - INFO - [Galicia] Downloaded 1 records for 2019-02
2026-08-26 02:37:58,959 - INFO - [Galicia] Downloaded 1 records for 2019-03
2026-08-26 02:38:01,924 - INFO - [Galicia] Downloaded 1 records for 2019-04
2026-08-26 02:38:04,690 - INFO - [Galicia] Downloaded 1 records for 2019-05
2026-08-26 02:38:07,526 - INFO - [Galicia] Downloaded 1 records for 2019-06
2026-08-26 02:38:10,429 - INFO - [Galicia] Downloaded 1 records for 2019-07
2026-08-26 02:38:13,597 - INFO - [Galicia] Downloaded 1 records for 2019-08
2026-08-26 02:38:16,669 - INFO - [Galicia] Downloaded 1 records for 2019-09
2026-08-26 02:38:19,741 - INFO - [Galicia] Downloaded 1 records for 2019-10
2026-08-26 02:38:22,711 - INFO - [Galicia] Downloaded 1 records for 2019-11
2026-08-26 02:38:25,680 - INFO - [Galicia] Downloaded 1 records for 2019-12
2026-08-26 02:38:28,551 - INFO - [Galicia] Downloaded 1 records for 2020-01
2026-08-26 02:38:31,621 - INFO - [Galicia] Downloaded 1 records for 2020-02
2026-08-26 02:38:34,594 - INFO - [Galicia] Downloaded 1 records for 2020-03
2026-08-26 02:38:37,560 - INFO - [Galicia] Downloaded 1 records for 2020-04
2026-08-26 02:38:40,529 - INFO - [Galicia] Downloaded 1 records for 2020-05
2026-08-26 02:38:43,499 - INFO - [Galicia] Downloaded 1 records for 2020-06
2026-08-26 02:38:46,473 - INFO - [Galicia] Downloaded 1 records for 2020-07
2026-08-26 02:38:49,643 - INFO - [Galicia] Downloaded 1 records for 2020-08
2026-08-26 02:38:52,728 - INFO - [Galicia] Downloaded 1 records for 2020-09
2026-08-26 02:38:55,896 - INFO - [Galicia] Downloaded 1 records for 2020-10
2026-08-26 02:38:59,065 - INFO - [Galicia] Downloaded 1 records for 2020-11
2026-08-26 02:39:02,228 - INFO - [Galicia] Downloaded 1 records for 2020-12
2026-08-26 02:39:05,823 - INFO - [Galicia] Downloaded 1 records for 2021-01
2026-08-26 02:39:08,997 - INFO - [Galicia] Downloaded 1 records for 2021-02
2026-08-26 02:39:11,911 - INFO - [Galicia] Downloaded 1 records for 2021-03
2026-08-26 02:39:14,903 - INFO - [Galicia] Downloaded 1 records for 2021-04
2026-08-26 02:39:17,967 - INFO - [Galicia] Downloaded 1 records for 2021-05
2026-08-26 02:39:21,288 - INFO - [Galicia] Downloaded 1 records for 2021-06
2026-08-26 02:39:24,566 - INFO - [Galicia] Downloaded 1 records for 2021-07
2026-08-26 02:39:27,828 - INFO - [Galicia] Downloaded 1 records for 2021-08
2026-08-26 02:39:31,015 - INFO - [Galicia] Downloaded 1 records for 2021-09
2026-08-26 02:39:34,272 - INFO - [Galicia] Downloaded 1 records for 2021-10
2026-08-26 02:39:37,466 - INFO - [Galicia] Downloaded 1 records for 2021-11
2026-08-26 02:39:40,541 - INFO - [Galicia] Downloaded 1 records for 2021-12
2026-08-26 02:39:43,494 - INFO - [Galicia] Downloaded 1 records for 2022-01
2026-08-26 02:39:46,682 - INFO - [Galicia] Downloaded 1 records for 2022-02
2026-08-26 02:39:49,755 - INFO - [Galicia] Downloaded 1 records for 2022-03
2026-08-26 02:39:52,934 - INFO - [Galicia] Downloaded 1 records for 2022-04
2026-08-26 02:39:55,899 - INFO - [Galicia] Downloaded 1 records for 2022-05
2026-08-26 02:39:58,895 - INFO - [Galicia] Downloaded 1 records for 2022-06
2026-08-26 02:40:01,805 - INFO - [Galicia] Downloaded 1 records for 2022-07
2026-08-26 02:40:04,909 - INFO - [Galicia] Downloaded 1 records for 2022-08
2026-08-26 02:40:08,188 - INFO - [Galicia] Downloaded 1 records for 2022-09
2026-08-26 02:40:11,810 - INFO - [Galicia] Downloaded 1 records for 2022-10
2026-08-26 02:40:15,211 - INFO - [Galicia] Downloaded 1 records for 2022-11
2026-08-26 02:40:18,253 - INFO - [Galicia] Downloaded 1 records for 2022-12
2026-08-26 02:40:21,579 - INFO - [Galicia] Downloaded 1 records for 2023-01
2026-08-26 02:40:24,776 - INFO - [Galicia] Downloaded 1 records for 2023-02
2026-08-26 02:40:27,745 - INFO - [Galicia] Downloaded 1 records for 2023-03
2026-08-26 02:40:30,717 - INFO - [Galicia] Downloaded 1 records for 2023-04
2026-08-26 02:40:33,894 - INFO - [Galicia] Downloaded 1 records for 2023-05
2026-08-26 02:40:36,962 - INFO - [Galicia] Downloaded 1 records for 2023-06
2026-08-26 02:40:40,035 - INFO - [Galicia] Downloaded 1 records for 2023-07
2026-08-26 02:40:43,006 - INFO - [Galicia] Downloaded 1 records for 2023-08
2026-08-26 02:40:46,077 - INFO - [Galicia] Downloaded 1 records for 2023-09
2026-08-26 02:40:48,958 - INFO - [Galicia] Downloaded 1 records for 2023-10
2026-08-26 02:40:52,016 - INFO - [Galicia] Downloaded 1 records for 2023-11
2026-08-26 02:40:55,192 - INFO - [Galicia] Downloaded 1 records for 2023-12
2026-08-26 02:40:58,572 - INFO - [Galicia] Downloaded 1 records for 2024-01
2026-08-26 02:41:01,746 - INFO - [Galicia] Downloaded 1 records for 2024-02
2026-08-26 02:41:04,779 - INFO - [Galicia] Downloaded 1 records for 2024-03
2026-08-26 02:41:07,991 - INFO - [Galicia] Downloaded 1 records for 2024-04
2026-08-26 02:41:11,170 - INFO - [Galicia] Downloaded 1 records for 2024-05
2026-08-26 02:41:14,136 - INFO - [Galicia] Downloaded 1 records for 2024-06
2026-08-26 02:41:16,963 - INFO - [Galicia] Downloaded 1 records for 2024-07
2026-08-26 02:41:20,183 - INFO - [Galicia] Downloaded 1 records for 2024-08
2026-08-26 02:41:23,457 - INFO - [Galicia] Downloaded 1 records for 2024-09
2026-08-26 02:41:26,731 - INFO - [Galicia] Downloaded 1 records for 2024-10
2026-08-26 02:41:29,804 - INFO - [Galicia] Downloaded 1 records for 2024-11
2026-08-26 02:41:37,893 - INFO - [Galicia] Downloaded 1 records for 2024-12
2026-08-26 02:41:40,761 - INFO - [Galicia] Downloaded 1 records for 2025-01
2026-08-26 02:41:43,832 - INFO - [Galicia] Downloaded 1 records for 2025-02
2026-08-26 02:41:46,907 - INFO - [Galicia] Downloaded 1 records for 2025-03
2026-08-26 02:41:49,876 - INFO - [Galicia] Downloaded 1 records for 2025-04
2026-08-26 02:41:52,764 - INFO - [Galicia] Downloaded 1 records for 2025-05
2026-08-26 02:41:55,922 - INFO - [Galicia] Downloaded 1 records for 2025-06
2026-08-26 02:41:59,084 - INFO - [Galicia] Downloaded 1 records for 2025-07
2026-08-26 02:42:02,266 - INFO - [Galicia] Downloaded 1 records for 2025-08
2026-08-26 02:42:05,234 - INFO - [Galicia] Downloaded 1 records for 2025-09
2026-08-26 02:42:08,205 - INFO - [Galicia] Downloaded 1 records for 2025-10
2026-08-26 02:42:11,177 - INFO - [Galicia] Downloaded 1 records for 2025-11
2026-08-26 02:42:14,030 - INFO - [Galicia] Downloaded 1 records for 2025-12
2026-08-26 02:42:17,115 - INFO - [Galicia] Downloaded 1 records for 2026-01
2026-08-26 02:42:19,878 - INFO - [Galicia] Downloaded 1 records for 2026-02
2026-08-26 02:42:23,264 - INFO - [Galicia] Downloaded 1 records for 2026-03
2026-08-26 02:42:26,432 - INFO - [Galicia] Downloaded 1 records for 2026-04
2026-08-26 02:42:30,020 - INFO - [Galicia] Downloaded 1 records for 2026-05
2026-08-26 02:42:32,765 - INFO - [Galicia] Downloaded 1 records for 2026-06
2026-08-26 02:42:38,517 - INFO - [Galicia] Downloaded 1 records for 2026-07
2026-08-26 02:42:46,297 - ERROR - Failed https://apidatos.ree.es/en/datos/demanda/evolucion?start_date=2026-08-01T00:00&end_date=2026-08-26T23:59&geo_limit=ccaa&geo_ids=17&time_trunc=day (HTTP 502)
2026-08-26 02:42:46,298 - WARNING - [Galicia] No data returned for 2026-08
2026-08-26 02:42:46,800 - INFO - --- Processing Islas Baleares ---
2026-08-26 02:42:49,476 - INFO - [Islas Baleares] Downloaded 31 records for 2015-01
2026-08-26 02:42:52,553 - INFO - [Islas Baleares] Downloaded 28 records for 2015-02
2026-08-26 02:42:55,519 - INFO - [Islas Baleares] Downloaded 31 records for 2015-03
2026-08-26 02:42:58,385 - INFO - [Islas Baleares] Downloaded 30 records for 2015-04
2026-08-26 02:43:01,458 - INFO - [Islas Baleares] Downloaded 31 records for 2015-05
2026-08-26 02:43:04,426 - INFO - [Islas Baleares] Downloaded 30 records for 2015-06
2026-08-26 02:43:07,500 - INFO - [Islas Baleares] Downloaded 31 records for 2015-07
2026-08-26 02:43:10,775 - INFO - [Islas Baleares] Downloaded 31 records for 2015-08
2026-08-26 02:43:13,745 - INFO - [Islas Baleares] Downloaded 30 records for 2015-09
2026-08-26 02:43:16,716 - INFO - [Islas Baleares] Downloaded 31 records for 2015-10
2026-08-26 02:43:19,810 - INFO - [Islas Baleares] Downloaded 30 records for 2015-11
2026-08-26 02:43:23,041 - INFO - [Islas Baleares] Downloaded 31 records for 2015-12
2026-08-26 02:43:26,445 - INFO - [Islas Baleares] Downloaded 31 records for 2016-01
2026-08-26 02:43:29,514 - INFO - [Islas Baleares] Downloaded 29 records for 2016-02
2026-08-26 02:43:33,157 - INFO - [Islas Baleares] Downloaded 31 records for 2016-03
2026-08-26 02:43:36,069 - INFO - [Islas Baleares] Downloaded 30 records for 2016-04
2026-08-26 02:43:39,246 - INFO - [Islas Baleares] Downloaded 31 records for 2016-05
2026-08-26 02:43:42,425 - INFO - [Islas Baleares] Downloaded 30 records for 2016-06
2026-08-26 02:43:45,492 - INFO - [Islas Baleares] Downloaded 31 records for 2016-07
2026-08-26 02:43:48,675 - INFO - [Islas Baleares] Downloaded 31 records for 2016-08
2026-08-26 02:43:52,456 - INFO - [Islas Baleares] Downloaded 30 records for 2016-09
2026-08-26 02:44:05,768 - INFO - [Islas Baleares] Downloaded 31 records for 2016-10
2026-08-26 02:44:09,148 - INFO - [Islas Baleares] Downloaded 30 records for 2016-11
2026-08-26 02:44:12,019 - INFO - [Islas Baleares] Downloaded 31 records for 2016-12
2026-08-26 02:44:15,186 - INFO - [Islas Baleares] Downloaded 31 records for 2017-01
2026-08-26 02:44:18,258 - INFO - [Islas Baleares] Downloaded 28 records for 2017-02
2026-08-26 02:44:21,291 - INFO - [Islas Baleares] Downloaded 31 records for 2017-03
2026-08-26 02:44:24,304 - INFO - [Islas Baleares] Downloaded 30 records for 2017-04
2026-08-26 02:44:27,372 - INFO - [Islas Baleares] Downloaded 31 records for 2017-05
2026-08-26 02:44:30,517 - INFO - [Islas Baleares] Downloaded 30 records for 2017-06
2026-08-26 02:44:33,966 - INFO - [Islas Baleares] Downloaded 31 records for 2017-07
2026-08-26 02:44:37,104 - INFO - [Islas Baleares] Downloaded 31 records for 2017-08
2026-08-26 02:44:40,685 - INFO - [Islas Baleares] Downloaded 30 records for 2017-09
2026-08-26 02:44:43,861 - INFO - [Islas Baleares] Downloaded 31 records for 2017-10
2026-08-26 02:44:46,841 - INFO - [Islas Baleares] Downloaded 30 records for 2017-11
2026-08-26 02:44:49,905 - INFO - [Islas Baleares] Downloaded 31 records for 2017-12
2026-08-26 02:45:03,113 - INFO - [Islas Baleares] Downloaded 31 records for 2018-01
2026-08-26 02:45:06,182 - INFO - [Islas Baleares] Downloaded 28 records for 2018-02
2026-08-26 02:45:09,257 - INFO - [Islas Baleares] Downloaded 31 records for 2018-03
2026-08-26 02:45:12,620 - INFO - [Islas Baleares] Downloaded 30 records for 2018-04
2026-08-26 02:45:15,812 - INFO - [Islas Baleares] Downloaded 31 records for 2018-05
2026-08-26 02:45:18,889 - INFO - [Islas Baleares] Downloaded 30 records for 2018-06
2026-08-26 02:45:22,061 - INFO - [Islas Baleares] Downloaded 31 records for 2018-07
2026-08-26 02:45:25,233 - INFO - [Islas Baleares] Downloaded 31 records for 2018-08
2026-08-26 02:45:28,511 - INFO - [Islas Baleares] Downloaded 30 records for 2018-09
2026-08-26 02:45:31,584 - INFO - [Islas Baleares] Downloaded 31 records for 2018-10
2026-08-26 02:45:34,661 - INFO - [Islas Baleares] Downloaded 30 records for 2018-11
2026-08-26 02:45:38,136 - INFO - [Islas Baleares] Downloaded 31 records for 2018-12
2026-08-26 02:45:41,425 - INFO - [Islas Baleares] Downloaded 31 records for 2019-01
2026-08-26 02:45:54,416 - INFO - [Islas Baleares] Downloaded 28 records for 2019-02
2026-08-26 02:45:57,500 - INFO - [Islas Baleares] Downloaded 31 records for 2019-03
2026-08-26 02:46:00,766 - INFO - [Islas Baleares] Downloaded 30 records for 2019-04
2026-08-26 02:46:03,943 - INFO - [Islas Baleares] Downloaded 31 records for 2019-05
2026-08-26 02:46:07,128 - INFO - [Islas Baleares] Downloaded 30 records for 2019-06
2026-08-26 02:46:10,395 - INFO - [Islas Baleares] Downloaded 31 records for 2019-07
2026-08-26 02:46:13,570 - INFO - [Islas Baleares] Downloaded 31 records for 2019-08
2026-08-26 02:46:16,742 - INFO - [Islas Baleares] Downloaded 30 records for 2019-09
2026-08-26 02:46:19,812 - INFO - [Islas Baleares] Downloaded 31 records for 2019-10
2026-08-26 02:46:22,887 - INFO - [Islas Baleares] Downloaded 30 records for 2019-11
2026-08-26 02:46:25,855 - INFO - [Islas Baleares] Downloaded 31 records for 2019-12
2026-08-26 02:46:28,925 - INFO - [Islas Baleares] Downloaded 31 records for 2020-01
2026-08-26 02:46:31,842 - INFO - [Islas Baleares] Downloaded 29 records for 2020-02
2026-08-26 02:46:34,661 - INFO - [Islas Baleares] Downloaded 31 records for 2020-03
2026-08-26 02:46:37,644 - INFO - [Islas Baleares] Downloaded 30 records for 2020-04
2026-08-26 02:46:40,995 - INFO - [Islas Baleares] Downloaded 31 records for 2020-05
2026-08-26 02:46:44,101 - INFO - [Islas Baleares] Downloaded 30 records for 2020-06
2026-08-26 02:46:47,262 - INFO - [Islas Baleares] Downloaded 31 records for 2020-07
2026-08-26 02:46:50,434 - INFO - [Islas Baleares] Downloaded 31 records for 2020-08
2026-08-26 02:46:53,605 - INFO - [Islas Baleares] Downloaded 30 records for 2020-09
2026-08-26 02:46:56,679 - INFO - [Islas Baleares] Downloaded 31 records for 2020-10
2026-08-26 02:46:59,663 - INFO - [Islas Baleares] Downloaded 30 records for 2020-11
2026-08-26 02:47:02,823 - INFO - [Islas Baleares] Downloaded 31 records for 2020-12
2026-08-26 02:47:05,997 - INFO - [Islas Baleares] Downloaded 31 records for 2021-01
2026-08-26 02:47:09,177 - INFO - [Islas Baleares] Downloaded 28 records for 2021-02
2026-08-26 02:47:12,554 - INFO - [Islas Baleares] Downloaded 31 records for 2021-03
2026-08-26 02:47:16,029 - INFO - [Islas Baleares] Downloaded 30 records for 2021-04
2026-08-26 02:47:19,118 - INFO - [Islas Baleares] Downloaded 31 records for 2021-05
2026-08-26 02:47:22,181 - INFO - [Islas Baleares] Downloaded 30 records for 2021-06
2026-08-26 02:47:25,253 - INFO - [Islas Baleares] Downloaded 31 records for 2021-07
2026-08-26 02:47:28,425 - INFO - [Islas Baleares] Downloaded 31 records for 2021-08
2026-08-26 02:47:31,703 - INFO - [Islas Baleares] Downloaded 30 records for 2021-09
2026-08-26 02:47:34,778 - INFO - [Islas Baleares] Downloaded 31 records for 2021-10
2026-08-26 02:47:37,748 - INFO - [Islas Baleares] Downloaded 30 records for 2021-11
2026-08-26 02:47:40,880 - INFO - [Islas Baleares] Downloaded 31 records for 2021-12
2026-08-26 02:47:43,788 - INFO - [Islas Baleares] Downloaded 31 records for 2022-01
2026-08-26 02:47:46,966 - INFO - [Islas Baleares] Downloaded 28 records for 2022-02
2026-08-26 02:47:49,928 - INFO - [Islas Baleares] Downloaded 31 records for 2022-03
2026-08-26 02:47:53,002 - INFO - [Islas Baleares] Downloaded 30 records for 2022-04
2026-08-26 02:47:56,174 - INFO - [Islas Baleares] Downloaded 31 records for 2022-05
2026-08-26 02:47:59,147 - INFO - [Islas Baleares] Downloaded 30 records for 2022-06
2026-08-26 02:48:02,218 - INFO - [Islas Baleares] Downloaded 31 records for 2022-07
2026-08-26 02:48:05,188 - INFO - [Islas Baleares] Downloaded 31 records for 2022-08
2026-08-26 02:48:08,161 - INFO - [Islas Baleares] Downloaded 30 records for 2022-09
2026-08-26 02:48:11,230 - INFO - [Islas Baleares] Downloaded 31 records for 2022-10
2026-08-26 02:48:14,200 - INFO - [Islas Baleares] Downloaded 30 records for 2022-11
2026-08-26 02:48:17,273 - INFO - [Islas Baleares] Downloaded 31 records for 2022-12
2026-08-26 02:48:20,533 - INFO - [Islas Baleares] Downloaded 31 records for 2023-01
2026-08-26 02:48:23,724 - INFO - [Islas Baleares] Downloaded 28 records for 2023-02
2026-08-26 02:48:36,627 - INFO - [Islas Baleares] Downloaded 31 records for 2023-03
2026-08-26 02:48:40,511 - INFO - [Islas Baleares] Downloaded 30 records for 2023-04
2026-08-26 02:48:43,581 - INFO - [Islas Baleares] Downloaded 31 records for 2023-05
2026-08-26 02:48:46,763 - INFO - [Islas Baleares] Downloaded 30 records for 2023-06
2026-08-26 02:48:49,937 - INFO - [Islas Baleares] Downloaded 31 records for 2023-07
2026-08-26 02:48:53,324 - INFO - [Islas Baleares] Downloaded 31 records for 2023-08
2026-08-26 02:48:56,389 - INFO - [Islas Baleares] Downloaded 30 records for 2023-09
2026-08-26 02:48:59,361 - INFO - [Islas Baleares] Downloaded 31 records for 2023-10
2026-08-26 02:49:02,440 - INFO - [Islas Baleares] Downloaded 30 records for 2023-11
2026-08-26 02:49:05,305 - INFO - [Islas Baleares] Downloaded 31 records for 2023-12
2026-08-26 02:49:08,679 - INFO - [Islas Baleares] Downloaded 31 records for 2024-01
2026-08-26 02:49:11,751 - INFO - [Islas Baleares] Downloaded 29 records for 2024-02
2026-08-26 02:49:15,029 - INFO - [Islas Baleares] Downloaded 31 records for 2024-03
2026-08-26 02:49:18,308 - INFO - [Islas Baleares] Downloaded 30 records for 2024-04
2026-08-26 02:49:21,583 - INFO - [Islas Baleares] Downloaded 31 records for 2024-05
2026-08-26 02:49:24,692 - INFO - [Islas Baleares] Downloaded 30 records for 2024-06
2026-08-26 02:49:27,658 - INFO - [Islas Baleares] Downloaded 31 records for 2024-07
2026-08-26 02:49:30,902 - INFO - [Islas Baleares] Downloaded 31 records for 2024-08
2026-08-26 02:49:34,178 - INFO - [Islas Baleares] Downloaded 30 records for 2024-09
2026-08-26 02:49:37,455 - INFO - [Islas Baleares] Downloaded 31 records for 2024-10
2026-08-26 02:49:40,527 - INFO - [Islas Baleares] Downloaded 30 records for 2024-11
2026-08-26 02:49:53,741 - INFO - [Islas Baleares] Downloaded 31 records for 2024-12
2026-08-26 02:49:57,115 - INFO - [Islas Baleares] Downloaded 31 records for 2025-01
2026-08-26 02:50:00,290 - INFO - [Islas Baleares] Downloaded 28 records for 2025-02
2026-08-26 02:50:03,671 - INFO - [Islas Baleares] Downloaded 31 records for 2025-03
2026-08-26 02:50:07,151 - INFO - [Islas Baleares] Downloaded 30 records for 2025-04
2026-08-26 02:50:10,428 - INFO - [Islas Baleares] Downloaded 31 records for 2025-05
2026-08-26 02:50:13,709 - INFO - [Islas Baleares] Downloaded 30 records for 2025-06
2026-08-26 02:50:16,906 - INFO - [Islas Baleares] Downloaded 31 records for 2025-07
2026-08-26 02:50:20,162 - INFO - [Islas Baleares] Downloaded 31 records for 2025-08
2026-08-26 02:50:23,229 - INFO - [Islas Baleares] Downloaded 30 records for 2025-09
2026-08-26 02:50:26,605 - INFO - [Islas Baleares] Downloaded 31 records for 2025-10
2026-08-26 02:50:29,884 - INFO - [Islas Baleares] Downloaded 30 records for 2025-11
2026-08-26 02:50:43,171 - INFO - [Islas Baleares] Downloaded 31 records for 2025-12
2026-08-26 02:50:46,454 - INFO - [Islas Baleares] Downloaded 31 records for 2026-01
2026-08-26 02:50:49,649 - INFO - [Islas Baleares] Downloaded 28 records for 2026-02
2026-08-26 02:50:52,726 - INFO - [Islas Baleares] Downloaded 31 records for 2026-03
2026-08-26 02:50:55,896 - INFO - [Islas Baleares] Downloaded 30 records for 2026-04
2026-08-26 02:50:58,865 - INFO - [Islas Baleares] Downloaded 31 records for 2026-05
2026-08-26 02:51:02,151 - INFO - [Islas Baleares] Downloaded 30 records for 2026-06
2026-08-26 02:51:07,937 - INFO - [Islas Baleares] Downloaded 31 records for 2026-07
2026-08-26 02:51:10,744 - INFO - [Islas Baleares] Downloaded 25 records for 2026-08
2026-08-26 02:51:11,244 - INFO - --- Processing Islas Canarias ---
2026-08-26 02:51:13,920 - INFO - [Islas Canarias] Downloaded 31 records for 2015-01
2026-08-26 02:51:16,885 - INFO - [Islas Canarias] Downloaded 28 records for 2015-02
2026-08-26 02:51:19,858 - INFO - [Islas Canarias] Downloaded 31 records for 2015-03
2026-08-26 02:51:22,931 - INFO - [Islas Canarias] Downloaded 30 records for 2015-04
2026-08-26 02:51:26,105 - INFO - [Islas Canarias] Downloaded 31 records for 2015-05
2026-08-26 02:51:29,163 - INFO - [Islas Canarias] Downloaded 30 records for 2015-06
2026-08-26 02:51:32,346 - INFO - [Islas Canarias] Downloaded 31 records for 2015-07
2026-08-26 02:51:35,311 - INFO - [Islas Canarias] Downloaded 31 records for 2015-08
2026-08-26 02:51:38,395 - INFO - [Islas Canarias] Downloaded 30 records for 2015-09
2026-08-26 02:51:41,475 - INFO - [Islas Canarias] Downloaded 31 records for 2015-10
2026-08-26 02:51:44,544 - INFO - [Islas Canarias] Downloaded 30 records for 2015-11
2026-08-26 02:51:47,505 - INFO - [Islas Canarias] Downloaded 31 records for 2015-12
2026-08-26 02:51:50,558 - INFO - [Islas Canarias] Downloaded 31 records for 2016-01
2026-08-26 02:51:53,651 - INFO - [Islas Canarias] Downloaded 29 records for 2016-02
2026-08-26 02:51:56,620 - INFO - [Islas Canarias] Downloaded 31 records for 2016-03
2026-08-26 02:51:59,596 - INFO - [Islas Canarias] Downloaded 30 records for 2016-04
2026-08-26 02:52:02,868 - INFO - [Islas Canarias] Downloaded 31 records for 2016-05
2026-08-26 02:52:06,153 - INFO - [Islas Canarias] Downloaded 30 records for 2016-06
2026-08-26 02:52:09,319 - INFO - [Islas Canarias] Downloaded 31 records for 2016-07
2026-08-26 02:52:12,391 - INFO - [Islas Canarias] Downloaded 31 records for 2016-08
2026-08-26 02:52:15,873 - INFO - [Islas Canarias] Downloaded 30 records for 2016-09
2026-08-26 02:52:19,355 - INFO - [Islas Canarias] Downloaded 31 records for 2016-10
2026-08-26 02:52:22,324 - INFO - [Islas Canarias] Downloaded 30 records for 2016-11
2026-08-26 02:52:26,112 - INFO - [Islas Canarias] Downloaded 31 records for 2016-12
2026-08-26 02:52:29,394 - INFO - [Islas Canarias] Downloaded 31 records for 2017-01
2026-08-26 02:52:32,359 - INFO - [Islas Canarias] Downloaded 28 records for 2017-02
2026-08-26 02:52:35,391 - INFO - [Islas Canarias] Downloaded 31 records for 2017-03
2026-08-26 02:52:38,605 - INFO - [Islas Canarias] Downloaded 30 records for 2017-04
2026-08-26 02:52:41,784 - INFO - [Islas Canarias] Downloaded 31 records for 2017-05
2026-08-26 02:52:44,859 - INFO - [Islas Canarias] Downloaded 30 records for 2017-06
2026-08-26 02:52:47,895 - INFO - [Islas Canarias] Downloaded 31 records for 2017-07
2026-08-26 02:52:51,206 - INFO - [Islas Canarias] Downloaded 31 records for 2017-08
2026-08-26 02:53:03,594 - INFO - [Islas Canarias] Downloaded 30 records for 2017-09
2026-08-26 02:53:16,699 - INFO - [Islas Canarias] Downloaded 31 records for 2017-10
2026-08-26 02:53:19,978 - INFO - [Islas Canarias] Downloaded 30 records for 2017-11
2026-08-26 02:53:23,255 - INFO - [Islas Canarias] Downloaded 31 records for 2017-12
2026-08-26 02:53:26,155 - INFO - [Islas Canarias] Downloaded 31 records for 2018-01
2026-08-26 02:53:29,504 - INFO - [Islas Canarias] Downloaded 28 records for 2018-02
2026-08-26 02:53:32,675 - INFO - [Islas Canarias] Downloaded 31 records for 2018-03
2026-08-26 02:53:35,747 - INFO - [Islas Canarias] Downloaded 30 records for 2018-04
2026-08-26 02:53:38,719 - INFO - [Islas Canarias] Downloaded 31 records for 2018-05
2026-08-26 02:53:41,897 - INFO - [Islas Canarias] Downloaded 30 records for 2018-06
2026-08-26 02:53:44,963 - INFO - [Islas Canarias] Downloaded 31 records for 2018-07
2026-08-26 02:53:48,040 - INFO - [Islas Canarias] Downloaded 31 records for 2018-08
2026-08-26 02:53:51,526 - INFO - [Islas Canarias] Downloaded 30 records for 2018-09
2026-08-26 02:53:54,897 - INFO - [Islas Canarias] Downloaded 31 records for 2018-10
2026-08-26 02:53:57,764 - INFO - [Islas Canarias] Downloaded 30 records for 2018-11
2026-08-26 02:54:00,820 - INFO - [Islas Canarias] Downloaded 31 records for 2018-12
2026-08-26 02:54:04,010 - INFO - [Islas Canarias] Downloaded 31 records for 2019-01
2026-08-26 02:54:07,091 - INFO - [Islas Canarias] Downloaded 28 records for 2019-02
2026-08-26 02:54:10,256 - INFO - [Islas Canarias] Downloaded 31 records for 2019-03
2026-08-26 02:54:13,336 - INFO - [Islas Canarias] Downloaded 30 records for 2019-04
2026-08-26 02:54:16,712 - INFO - [Islas Canarias] Downloaded 31 records for 2019-05
2026-08-26 02:54:19,678 - INFO - [Islas Canarias] Downloaded 30 records for 2019-06
2026-08-26 02:54:22,956 - INFO - [Islas Canarias] Downloaded 31 records for 2019-07
2026-08-26 02:54:26,235 - INFO - [Islas Canarias] Downloaded 31 records for 2019-08
2026-08-26 02:54:29,304 - INFO - [Islas Canarias] Downloaded 30 records for 2019-09
2026-08-26 02:54:32,478 - INFO - [Islas Canarias] Downloaded 31 records for 2019-10
2026-08-26 02:54:35,557 - INFO - [Islas Canarias] Downloaded 30 records for 2019-11
2026-08-26 02:54:38,929 - INFO - [Islas Canarias] Downloaded 31 records for 2019-12
2026-08-26 02:54:41,802 - INFO - [Islas Canarias] Downloaded 31 records for 2020-01
2026-08-26 02:54:44,871 - INFO - [Islas Canarias] Downloaded 29 records for 2020-02
2026-08-26 02:54:48,047 - INFO - [Islas Canarias] Downloaded 31 records for 2020-03
2026-08-26 02:54:51,117 - INFO - [Islas Canarias] Downloaded 30 records for 2020-04
2026-08-26 02:54:54,196 - INFO - [Islas Canarias] Downloaded 31 records for 2020-05
2026-08-26 02:54:56,771 - INFO - [Islas Canarias] Downloaded 30 records for 2020-06
2026-08-26 02:54:59,719 - INFO - [Islas Canarias] Downloaded 31 records for 2020-07
2026-08-26 02:55:02,765 - INFO - [Islas Canarias] Downloaded 31 records for 2020-08
2026-08-26 02:55:05,866 - INFO - [Islas Canarias] Downloaded 30 records for 2020-09
2026-08-26 02:55:08,793 - INFO - [Islas Canarias] Downloaded 31 records for 2020-10
2026-08-26 02:55:12,009 - INFO - [Islas Canarias] Downloaded 30 records for 2020-11
2026-08-26 02:55:15,080 - INFO - [Islas Canarias] Downloaded 31 records for 2020-12
2026-08-26 02:55:18,152 - INFO - [Islas Canarias] Downloaded 31 records for 2021-01
2026-08-26 02:55:21,119 - INFO - [Islas Canarias] Downloaded 28 records for 2021-02
2026-08-26 02:55:23,991 - INFO - [Islas Canarias] Downloaded 31 records for 2021-03
2026-08-26 02:55:27,375 - INFO - [Islas Canarias] Downloaded 30 records for 2021-04
2026-08-26 02:55:30,322 - INFO - [Islas Canarias] Downloaded 31 records for 2021-05
2026-08-26 02:55:33,313 - INFO - [Islas Canarias] Downloaded 30 records for 2021-06
2026-08-26 02:55:36,586 - INFO - [Islas Canarias] Downloaded 31 records for 2021-07
2026-08-26 02:55:39,975 - INFO - [Islas Canarias] Downloaded 31 records for 2021-08
2026-08-26 02:55:43,141 - INFO - [Islas Canarias] Downloaded 30 records for 2021-09
2026-08-26 02:55:46,208 - INFO - [Islas Canarias] Downloaded 31 records for 2021-10
2026-08-26 02:55:49,595 - INFO - [Islas Canarias] Downloaded 30 records for 2021-11
2026-08-26 02:55:52,766 - INFO - [Islas Canarias] Downloaded 31 records for 2021-12
2026-08-26 02:55:55,838 - INFO - [Islas Canarias] Downloaded 31 records for 2022-01
2026-08-26 02:55:59,216 - INFO - [Islas Canarias] Downloaded 28 records for 2022-02
2026-08-26 02:56:02,268 - INFO - [Islas Canarias] Downloaded 31 records for 2022-03
2026-08-26 02:56:05,209 - INFO - [Islas Canarias] Downloaded 30 records for 2022-04
2026-08-26 02:56:08,328 - INFO - [Islas Canarias] Downloaded 31 records for 2022-05
2026-08-26 02:56:11,408 - INFO - [Islas Canarias] Downloaded 30 records for 2022-06
2026-08-26 02:56:14,476 - INFO - [Islas Canarias] Downloaded 31 records for 2022-07
2026-08-26 02:56:17,450 - INFO - [Islas Canarias] Downloaded 31 records for 2022-08
2026-08-26 02:56:20,316 - INFO - [Islas Canarias] Downloaded 30 records for 2022-09
2026-08-26 02:56:23,483 - INFO - [Islas Canarias] Downloaded 31 records for 2022-10
2026-08-26 02:56:26,556 - INFO - [Islas Canarias] Downloaded 30 records for 2022-11
2026-08-26 02:56:29,731 - INFO - [Islas Canarias] Downloaded 31 records for 2022-12
2026-08-26 02:56:33,089 - INFO - [Islas Canarias] Downloaded 31 records for 2023-01
2026-08-26 02:56:36,164 - INFO - [Islas Canarias] Downloaded 28 records for 2023-02
2026-08-26 02:56:39,261 - INFO - [Islas Canarias] Downloaded 31 records for 2023-03
2026-08-26 02:56:42,433 - INFO - [Islas Canarias] Downloaded 30 records for 2023-04
2026-08-26 02:56:45,613 - INFO - [Islas Canarias] Downloaded 31 records for 2023-05
2026-08-26 02:56:48,493 - INFO - [Islas Canarias] Downloaded 30 records for 2023-06
2026-08-26 02:56:51,862 - INFO - [Islas Canarias] Downloaded 31 records for 2023-07
2026-08-26 02:56:55,128 - INFO - [Islas Canarias] Downloaded 31 records for 2023-08
2026-08-26 02:56:58,308 - INFO - [Islas Canarias] Downloaded 30 records for 2023-09
2026-08-26 02:57:01,684 - INFO - [Islas Canarias] Downloaded 31 records for 2023-10
2026-08-26 02:57:04,759 - INFO - [Islas Canarias] Downloaded 30 records for 2023-11
2026-08-26 02:57:07,932 - INFO - [Islas Canarias] Downloaded 31 records for 2023-12
2026-08-26 02:57:10,899 - INFO - [Islas Canarias] Downloaded 31 records for 2024-01
2026-08-26 02:57:13,897 - INFO - [Islas Canarias] Downloaded 29 records for 2024-02
2026-08-26 02:57:17,143 - INFO - [Islas Canarias] Downloaded 31 records for 2024-03
2026-08-26 02:57:20,120 - INFO - [Islas Canarias] Downloaded 30 records for 2024-04
2026-08-26 02:57:24,419 - INFO - [Islas Canarias] Downloaded 31 records for 2024-05
2026-08-26 02:57:27,590 - INFO - [Islas Canarias] Downloaded 30 records for 2024-06
2026-08-26 02:57:31,788 - INFO - [Islas Canarias] Downloaded 31 records for 2024-07
2026-08-26 02:57:34,965 - INFO - [Islas Canarias] Downloaded 31 records for 2024-08
2026-08-26 02:57:38,035 - INFO - [Islas Canarias] Downloaded 30 records for 2024-09
2026-08-26 02:57:41,318 - INFO - [Islas Canarias] Downloaded 31 records for 2024-10
2026-08-26 02:57:44,362 - INFO - [Islas Canarias] Downloaded 30 records for 2024-11
2026-08-26 02:57:47,359 - INFO - [Islas Canarias] Downloaded 31 records for 2024-12
2026-08-26 02:57:50,427 - INFO - [Islas Canarias] Downloaded 31 records for 2025-01
2026-08-26 02:57:53,498 - INFO - [Islas Canarias] Downloaded 28 records for 2025-02
2026-08-26 02:57:56,677 - INFO - [Islas Canarias] Downloaded 31 records for 2025-03
2026-08-26 02:57:59,740 - INFO - [Islas Canarias] Downloaded 30 records for 2025-04
2026-08-26 02:58:03,116 - INFO - [Islas Canarias] Downloaded 31 records for 2025-05
2026-08-26 02:58:06,709 - INFO - [Islas Canarias] Downloaded 30 records for 2025-06
2026-08-26 02:58:09,989 - INFO - [Islas Canarias] Downloaded 31 records for 2025-07
2026-08-26 02:58:13,264 - INFO - [Islas Canarias] Downloaded 31 records for 2025-08
2026-08-26 02:58:16,523 - INFO - [Islas Canarias] Downloaded 30 records for 2025-09
2026-08-26 02:58:19,612 - INFO - [Islas Canarias] Downloaded 31 records for 2025-10
2026-08-26 02:58:22,683 - INFO - [Islas Canarias] Downloaded 30 records for 2025-11
2026-08-26 02:58:25,859 - INFO - [Islas Canarias] Downloaded 31 records for 2025-12
2026-08-26 02:58:28,928 - INFO - [Islas Canarias] Downloaded 31 records for 2026-01
2026-08-26 02:58:32,412 - INFO - [Islas Canarias] Downloaded 28 records for 2026-02
2026-08-26 02:58:35,690 - INFO - [Islas Canarias] Downloaded 31 records for 2026-03
2026-08-26 02:58:38,762 - INFO - [Islas Canarias] Downloaded 30 records for 2026-04
2026-08-26 02:58:41,835 - INFO - [Islas Canarias] Downloaded 31 records for 2026-05
2026-08-26 02:58:44,802 - INFO - [Islas Canarias] Downloaded 30 records for 2026-06
2026-08-26 02:58:50,948 - INFO - [Islas Canarias] Downloaded 31 records for 2026-07
2026-08-26 02:58:53,918 - INFO - [Islas Canarias] Downloaded 25 records for 2026-08
2026-08-26 02:58:54,419 - INFO - --- Processing La Rioja ---
2026-08-26 02:58:56,885 - INFO - [La Rioja] Downloaded 1 records for 2015-01
2026-08-26 02:59:00,032 - INFO - [La Rioja] Downloaded 1 records for 2015-02
2026-08-26 02:59:03,132 - INFO - [La Rioja] Downloaded 1 records for 2015-03
2026-08-26 02:59:06,205 - INFO - [La Rioja] Downloaded 1 records for 2015-04
2026-08-26 02:59:09,173 - INFO - [La Rioja] Downloaded 1 records for 2015-05
2026-08-26 02:59:12,348 - INFO - [La Rioja] Downloaded 1 records for 2015-06
2026-08-26 02:59:15,318 - INFO - [La Rioja] Downloaded 1 records for 2015-07
2026-08-26 02:59:18,314 - INFO - [La Rioja] Downloaded 1 records for 2015-08
2026-08-26 02:59:21,462 - INFO - [La Rioja] Downloaded 1 records for 2015-09
2026-08-26 02:59:24,635 - INFO - [La Rioja] Downloaded 1 records for 2015-10
2026-08-26 02:59:27,708 - INFO - [La Rioja] Downloaded 1 records for 2015-11
2026-08-26 02:59:30,577 - INFO - [La Rioja] Downloaded 1 records for 2015-12
2026-08-26 02:59:33,956 - INFO - [La Rioja] Downloaded 1 records for 2016-01
2026-08-26 02:59:36,841 - INFO - [La Rioja] Downloaded 1 records for 2016-02
2026-08-26 02:59:39,996 - INFO - [La Rioja] Downloaded 1 records for 2016-03
2026-08-26 02:59:43,334 - INFO - [La Rioja] Downloaded 1 records for 2016-04
2026-08-26 02:59:46,384 - INFO - [La Rioja] Downloaded 1 records for 2016-05
2026-08-26 02:59:49,229 - INFO - [La Rioja] Downloaded 1 records for 2016-06
2026-08-26 02:59:52,099 - INFO - [La Rioja] Downloaded 1 records for 2016-07
2026-08-26 02:59:55,060 - INFO - [La Rioja] Downloaded 1 records for 2016-08
2026-08-26 02:59:57,822 - INFO - [La Rioja] Downloaded 1 records for 2016-09
2026-08-26 03:00:00,893 - INFO - [La Rioja] Downloaded 1 records for 2016-10
2026-08-26 03:00:03,858 - INFO - [La Rioja] Downloaded 1 records for 2016-11
2026-08-26 03:00:06,830 - INFO - [La Rioja] Downloaded 1 records for 2016-12
2026-08-26 03:00:10,002 - INFO - [La Rioja] Downloaded 1 records for 2017-01
2026-08-26 03:00:13,074 - INFO - [La Rioja] Downloaded 1 records for 2017-02
2026-08-26 03:00:16,258 - INFO - [La Rioja] Downloaded 1 records for 2017-03
2026-08-26 03:00:19,217 - INFO - [La Rioja] Downloaded 1 records for 2017-04
2026-08-26 03:00:22,189 - INFO - [La Rioja] Downloaded 1 records for 2017-05
2026-08-26 03:00:25,162 - INFO - [La Rioja] Downloaded 1 records for 2017-06
2026-08-26 03:00:28,332 - INFO - [La Rioja] Downloaded 1 records for 2017-07
2026-08-26 03:00:31,185 - INFO - [La Rioja] Downloaded 1 records for 2017-08
2026-08-26 03:00:34,271 - INFO - [La Rioja] Downloaded 1 records for 2017-09
2026-08-26 03:00:37,343 - INFO - [La Rioja] Downloaded 1 records for 2017-10
2026-08-26 03:00:40,420 - INFO - [La Rioja] Downloaded 1 records for 2017-11
2026-08-26 03:00:43,794 - INFO - [La Rioja] Downloaded 1 records for 2017-12
2026-08-26 03:00:46,972 - INFO - [La Rioja] Downloaded 1 records for 2018-01
2026-08-26 03:00:50,246 - INFO - [La Rioja] Downloaded 1 records for 2018-02
2026-08-26 03:00:53,116 - INFO - [La Rioja] Downloaded 1 records for 2018-03
2026-08-26 03:00:55,986 - INFO - [La Rioja] Downloaded 1 records for 2018-04
2026-08-26 03:00:59,052 - INFO - [La Rioja] Downloaded 1 records for 2018-05
2026-08-26 03:01:02,000 - INFO - [La Rioja] Downloaded 1 records for 2018-06
2026-08-26 03:01:04,993 - INFO - [La Rioja] Downloaded 1 records for 2018-07
2026-08-26 03:01:08,448 - INFO - [La Rioja] Downloaded 1 records for 2018-08
2026-08-26 03:01:11,551 - INFO - [La Rioja] Downloaded 1 records for 2018-09
2026-08-26 03:01:14,596 - INFO - [La Rioja] Downloaded 1 records for 2018-10
2026-08-26 03:01:17,486 - INFO - [La Rioja] Downloaded 1 records for 2018-11
2026-08-26 03:01:20,559 - INFO - [La Rioja] Downloaded 1 records for 2018-12
2026-08-26 03:01:23,632 - INFO - [La Rioja] Downloaded 1 records for 2019-01
2026-08-26 03:01:26,804 - INFO - [La Rioja] Downloaded 1 records for 2019-02
2026-08-26 03:01:29,755 - INFO - [La Rioja] Downloaded 1 records for 2019-03
2026-08-26 03:01:42,891 - INFO - [La Rioja] Downloaded 1 records for 2019-04
2026-08-26 03:01:46,159 - INFO - [La Rioja] Downloaded 1 records for 2019-05
2026-08-26 03:01:49,337 - INFO - [La Rioja] Downloaded 1 records for 2019-06
2026-08-26 03:01:52,410 - INFO - [La Rioja] Downloaded 1 records for 2019-07
2026-08-26 03:01:55,383 - INFO - [La Rioja] Downloaded 1 records for 2019-08
2026-08-26 03:01:58,455 - INFO - [La Rioja] Downloaded 1 records for 2019-09
2026-08-26 03:02:01,418 - INFO - [La Rioja] Downloaded 1 records for 2019-10
2026-08-26 03:02:04,217 - INFO - [La Rioja] Downloaded 1 records for 2019-11
2026-08-26 03:02:07,255 - INFO - [La Rioja] Downloaded 1 records for 2019-12
2026-08-26 03:02:10,107 - INFO - [La Rioja] Downloaded 1 records for 2020-01
2026-08-26 03:02:13,194 - INFO - [La Rioja] Downloaded 1 records for 2020-02
2026-08-26 03:02:16,266 - INFO - [La Rioja] Downloaded 1 records for 2020-03
2026-08-26 03:02:19,543 - INFO - [La Rioja] Downloaded 1 records for 2020-04
2026-08-26 03:02:22,518 - INFO - [La Rioja] Downloaded 1 records for 2020-05
2026-08-26 03:02:25,790 - INFO - [La Rioja] Downloaded 1 records for 2020-06
2026-08-26 03:02:28,865 - INFO - [La Rioja] Downloaded 1 records for 2020-07
2026-08-26 03:02:31,935 - INFO - [La Rioja] Downloaded 1 records for 2020-08
2026-08-26 03:02:34,911 - INFO - [La Rioja] Downloaded 1 records for 2020-09
2026-08-26 03:02:37,774 - INFO - [La Rioja] Downloaded 1 records for 2020-10
2026-08-26 03:02:40,504 - INFO - [La Rioja] Downloaded 1 records for 2020-11
2026-08-26 03:02:43,779 - INFO - [La Rioja] Downloaded 1 records for 2020-12
2026-08-26 03:02:47,076 - INFO - [La Rioja] Downloaded 1 records for 2021-01
2026-08-26 03:02:49,954 - INFO - [La Rioja] Downloaded 1 records for 2021-02
2026-08-26 03:02:52,841 - INFO - [La Rioja] Downloaded 1 records for 2021-03
2026-08-26 03:02:55,897 - INFO - [La Rioja] Downloaded 1 records for 2021-04
2026-08-26 03:02:58,549 - INFO - [La Rioja] Downloaded 1 records for 2021-05
2026-08-26 03:03:01,202 - INFO - [La Rioja] Downloaded 1 records for 2021-06
2026-08-26 03:03:04,095 - INFO - [La Rioja] Downloaded 1 records for 2021-07
2026-08-26 03:03:07,365 - INFO - [La Rioja] Downloaded 1 records for 2021-08
2026-08-26 03:03:10,390 - INFO - [La Rioja] Downloaded 1 records for 2021-09
2026-08-26 03:03:13,316 - INFO - [La Rioja] Downloaded 1 records for 2021-10
2026-08-26 03:03:16,060 - INFO - [La Rioja] Downloaded 1 records for 2021-11
2026-08-26 03:03:19,045 - INFO - [La Rioja] Downloaded 1 records for 2021-12
2026-08-26 03:03:22,068 - INFO - [La Rioja] Downloaded 1 records for 2022-01
2026-08-26 03:03:25,308 - INFO - [La Rioja] Downloaded 1 records for 2022-02
2026-08-26 03:03:28,581 - INFO - [La Rioja] Downloaded 1 records for 2022-03
2026-08-26 03:03:31,353 - INFO - [La Rioja] Downloaded 1 records for 2022-04
2026-08-26 03:03:34,109 - INFO - [La Rioja] Downloaded 1 records for 2022-05
2026-08-26 03:03:36,866 - INFO - [La Rioja] Downloaded 1 records for 2022-06
2026-08-26 03:03:39,524 - INFO - [La Rioja] Downloaded 1 records for 2022-07
2026-08-26 03:03:42,396 - INFO - [La Rioja] Downloaded 1 records for 2022-08
2026-08-26 03:03:45,268 - INFO - [La Rioja] Downloaded 1 records for 2022-09
2026-08-26 03:03:47,935 - INFO - [La Rioja] Downloaded 1 records for 2022-10
2026-08-26 03:03:50,778 - INFO - [La Rioja] Downloaded 1 records for 2022-11
2026-08-26 03:03:53,651 - INFO - [La Rioja] Downloaded 1 records for 2022-12
2026-08-26 03:03:56,616 - INFO - [La Rioja] Downloaded 1 records for 2023-01
2026-08-26 03:03:59,510 - INFO - [La Rioja] Downloaded 1 records for 2023-02
2026-08-26 03:04:02,109 - INFO - [La Rioja] Downloaded 1 records for 2023-03
2026-08-26 03:04:04,987 - INFO - [La Rioja] Downloaded 1 records for 2023-04
2026-08-26 03:04:07,981 - INFO - [La Rioja] Downloaded 1 records for 2023-05
2026-08-26 03:04:10,941 - INFO - [La Rioja] Downloaded 1 records for 2023-06
2026-08-26 03:04:14,389 - INFO - [La Rioja] Downloaded 1 records for 2023-07
2026-08-26 03:04:17,040 - INFO - [La Rioja] Downloaded 1 records for 2023-08
2026-08-26 03:04:19,660 - INFO - [La Rioja] Downloaded 1 records for 2023-09
2026-08-26 03:04:22,714 - INFO - [La Rioja] Downloaded 1 records for 2023-10
2026-08-26 03:04:25,601 - INFO - [La Rioja] Downloaded 1 records for 2023-11
2026-08-26 03:04:28,585 - INFO - [La Rioja] Downloaded 1 records for 2023-12
2026-08-26 03:04:31,539 - INFO - [La Rioja] Downloaded 1 records for 2024-01
2026-08-26 03:04:34,511 - INFO - [La Rioja] Downloaded 1 records for 2024-02
2026-08-26 03:04:37,581 - INFO - [La Rioja] Downloaded 1 records for 2024-03
2026-08-26 03:04:40,448 - INFO - [La Rioja] Downloaded 1 records for 2024-04
2026-08-26 03:04:43,419 - INFO - [La Rioja] Downloaded 1 records for 2024-05
2026-08-26 03:04:46,552 - INFO - [La Rioja] Downloaded 1 records for 2024-06
2026-08-26 03:04:49,430 - INFO - [La Rioja] Downloaded 1 records for 2024-07
2026-08-26 03:04:52,228 - INFO - [La Rioja] Downloaded 1 records for 2024-08
2026-08-26 03:04:55,610 - INFO - [La Rioja] Downloaded 1 records for 2024-09
2026-08-26 03:04:58,885 - INFO - [La Rioja] Downloaded 1 records for 2024-10
2026-08-26 03:05:01,646 - INFO - [La Rioja] Downloaded 1 records for 2024-11
2026-08-26 03:05:04,513 - INFO - [La Rioja] Downloaded 1 records for 2024-12
2026-08-26 03:05:07,484 - INFO - [La Rioja] Downloaded 1 records for 2025-01
2026-08-26 03:05:10,350 - INFO - [La Rioja] Downloaded 1 records for 2025-02
2026-08-26 03:05:13,320 - INFO - [La Rioja] Downloaded 1 records for 2025-03
2026-08-26 03:05:15,952 - INFO - [La Rioja] Downloaded 1 records for 2025-04
2026-08-26 03:05:18,747 - INFO - [La Rioja] Downloaded 1 records for 2025-05
2026-08-26 03:05:21,593 - INFO - [La Rioja] Downloaded 1 records for 2025-06
2026-08-26 03:05:24,477 - INFO - [La Rioja] Downloaded 1 records for 2025-07
2026-08-26 03:05:27,547 - INFO - [La Rioja] Downloaded 1 records for 2025-08
2026-08-26 03:05:30,628 - INFO - [La Rioja] Downloaded 1 records for 2025-09
2026-08-26 03:05:33,290 - INFO - [La Rioja] Downloaded 1 records for 2025-10
2026-08-26 03:05:36,259 - INFO - [La Rioja] Downloaded 1 records for 2025-11
2026-08-26 03:05:39,128 - INFO - [La Rioja] Downloaded 1 records for 2025-12
2026-08-26 03:05:41,921 - INFO - [La Rioja] Downloaded 1 records for 2026-01
2026-08-26 03:05:44,562 - INFO - [La Rioja] Downloaded 1 records for 2026-02
2026-08-26 03:05:47,536 - INFO - [La Rioja] Downloaded 1 records for 2026-03
2026-08-26 03:05:50,234 - INFO - [La Rioja] Downloaded 1 records for 2026-04
2026-08-26 03:05:52,875 - INFO - [La Rioja] Downloaded 1 records for 2026-05
2026-08-26 03:05:56,050 - INFO - [La Rioja] Downloaded 1 records for 2026-06
2026-08-26 03:06:04,010 - INFO - [La Rioja] Downloaded 1 records for 2026-07
2026-08-26 03:06:11,483 - ERROR - Failed https://apidatos.ree.es/en/datos/demanda/evolucion?start_date=2026-08-01T00:00&end_date=2026-08-26T23:59&geo_limit=ccaa&geo_ids=20&time_trunc=day (HTTP 502)
2026-08-26 03:06:11,484 - WARNING - [La Rioja] No data returned for 2026-08
2026-08-26 03:06:11,986 - INFO - --- Processing Región de Murcia ---
2026-08-26 03:06:14,146 - INFO - [Región de Murcia] Downloaded 1 records for 2015-01
2026-08-26 03:06:16,857 - INFO - [Región de Murcia] Downloaded 1 records for 2015-02
2026-08-26 03:06:19,576 - INFO - [Región de Murcia] Downloaded 1 records for 2015-03
2026-08-26 03:06:24,273 - INFO - [Región de Murcia] Downloaded 1 records for 2015-04
2026-08-26 03:06:27,462 - INFO - [Región de Murcia] Downloaded 1 records for 2015-05
2026-08-26 03:06:30,467 - INFO - [Región de Murcia] Downloaded 1 records for 2015-06
2026-08-26 03:06:33,415 - INFO - [Región de Murcia] Downloaded 1 records for 2015-07
2026-08-26 03:06:36,422 - INFO - [Región de Murcia] Downloaded 1 records for 2015-08
2026-08-26 03:06:39,066 - INFO - [Región de Murcia] Downloaded 1 records for 2015-09
2026-08-26 03:06:41,866 - INFO - [Región de Murcia] Downloaded 1 records for 2015-10
2026-08-26 03:06:44,636 - INFO - [Región de Murcia] Downloaded 1 records for 2015-11
2026-08-26 03:06:47,356 - INFO - [Región de Murcia] Downloaded 1 records for 2015-12
2026-08-26 03:06:50,050 - INFO - [Región de Murcia] Downloaded 1 records for 2016-01
2026-08-26 03:06:52,942 - INFO - [Región de Murcia] Downloaded 1 records for 2016-02
2026-08-26 03:06:55,714 - INFO - [Región de Murcia] Downloaded 1 records for 2016-03
2026-08-26 03:06:58,488 - INFO - [Región de Murcia] Downloaded 1 records for 2016-04
2026-08-26 03:07:01,755 - INFO - [Región de Murcia] Downloaded 1 records for 2016-05
2026-08-26 03:07:04,476 - INFO - [Región de Murcia] Downloaded 1 records for 2016-06
2026-08-26 03:07:07,195 - INFO - [Región de Murcia] Downloaded 1 records for 2016-07
2026-08-26 03:07:09,950 - INFO - [Región de Murcia] Downloaded 1 records for 2016-08
2026-08-26 03:07:12,962 - INFO - [Región de Murcia] Downloaded 1 records for 2016-09
2026-08-26 03:07:15,693 - INFO - [Región de Murcia] Downloaded 1 records for 2016-10
2026-08-26 03:07:18,557 - INFO - [Región de Murcia] Downloaded 1 records for 2016-11
2026-08-26 03:07:21,284 - INFO - [Región de Murcia] Downloaded 1 records for 2016-12
2026-08-26 03:07:24,089 - INFO - [Región de Murcia] Downloaded 1 records for 2017-01
2026-08-26 03:07:27,059 - INFO - [Región de Murcia] Downloaded 1 records for 2017-02
2026-08-26 03:07:30,181 - INFO - [Región de Murcia] Downloaded 1 records for 2017-03
2026-08-26 03:07:34,954 - INFO - [Región de Murcia] Downloaded 1 records for 2017-04
2026-08-26 03:07:37,564 - INFO - [Región de Murcia] Downloaded 1 records for 2017-05
2026-08-26 03:07:40,138 - INFO - [Región de Murcia] Downloaded 1 records for 2017-06
2026-08-26 03:07:42,651 - INFO - [Región de Murcia] Downloaded 1 records for 2017-07
2026-08-26 03:07:45,260 - INFO - [Región de Murcia] Downloaded 1 records for 2017-08
2026-08-26 03:07:47,931 - INFO - [Región de Murcia] Downloaded 1 records for 2017-09
2026-08-26 03:07:50,783 - INFO - [Región de Murcia] Downloaded 1 records for 2017-10
2026-08-26 03:07:53,791 - INFO - [Región de Murcia] Downloaded 1 records for 2017-11
2026-08-26 03:07:56,658 - INFO - [Región de Murcia] Downloaded 1 records for 2017-12
2026-08-26 03:07:59,787 - INFO - [Región de Murcia] Downloaded 1 records for 2018-01
2026-08-26 03:08:02,772 - INFO - [Región de Murcia] Downloaded 1 records for 2018-02
2026-08-26 03:08:05,759 - INFO - [Región de Murcia] Downloaded 1 records for 2018-03
2026-08-26 03:08:08,342 - INFO - [Región de Murcia] Downloaded 1 records for 2018-04
2026-08-26 03:08:11,297 - INFO - [Región de Murcia] Downloaded 1 records for 2018-05
2026-08-26 03:08:14,164 - INFO - [Región de Murcia] Downloaded 1 records for 2018-06
2026-08-26 03:08:17,356 - INFO - [Región de Murcia] Downloaded 1 records for 2018-07
2026-08-26 03:08:20,000 - INFO - [Región de Murcia] Downloaded 1 records for 2018-08
2026-08-26 03:08:22,706 - INFO - [Región de Murcia] Downloaded 1 records for 2018-09
2026-08-26 03:08:25,857 - INFO - [Región de Murcia] Downloaded 1 records for 2018-10
2026-08-26 03:08:28,641 - INFO - [Región de Murcia] Downloaded 1 records for 2018-11
2026-08-26 03:08:31,483 - INFO - [Región de Murcia] Downloaded 1 records for 2018-12
2026-08-26 03:08:34,133 - INFO - [Región de Murcia] Downloaded 1 records for 2019-01
2026-08-26 03:08:36,898 - INFO - [Región de Murcia] Downloaded 1 records for 2019-02
2026-08-26 03:08:39,866 - INFO - [Región de Murcia] Downloaded 1 records for 2019-03
2026-08-26 03:08:42,837 - INFO - [Región de Murcia] Downloaded 1 records for 2019-04
2026-08-26 03:08:45,716 - INFO - [Región de Murcia] Downloaded 1 records for 2019-05
2026-08-26 03:08:48,453 - INFO - [Región de Murcia] Downloaded 1 records for 2019-06
2026-08-26 03:08:51,085 - INFO - [Región de Murcia] Downloaded 1 records for 2019-07
2026-08-26 03:08:53,763 - INFO - [Región de Murcia] Downloaded 1 records for 2019-08
2026-08-26 03:08:56,801 - INFO - [Región de Murcia] Downloaded 1 records for 2019-09
2026-08-26 03:08:59,542 - INFO - [Región de Murcia] Downloaded 1 records for 2019-10
2026-08-26 03:09:02,487 - INFO - [Región de Murcia] Downloaded 1 records for 2019-11
2026-08-26 03:09:05,367 - INFO - [Región de Murcia] Downloaded 1 records for 2019-12
2026-08-26 03:09:08,236 - INFO - [Región de Murcia] Downloaded 1 records for 2020-01
2026-08-26 03:09:11,200 - INFO - [Región de Murcia] Downloaded 1 records for 2020-02
2026-08-26 03:09:14,071 - INFO - [Región de Murcia] Downloaded 1 records for 2020-03
2026-08-26 03:09:17,252 - INFO - [Región de Murcia] Downloaded 1 records for 2020-04
2026-08-26 03:09:20,161 - INFO - [Región de Murcia] Downloaded 1 records for 2020-05
2026-08-26 03:09:23,251 - INFO - [Región de Murcia] Downloaded 1 records for 2020-06
2026-08-26 03:09:26,369 - INFO - [Región de Murcia] Downloaded 1 records for 2020-07
2026-08-26 03:09:29,431 - INFO - [Región de Murcia] Downloaded 1 records for 2020-08
2026-08-26 03:09:32,644 - INFO - [Región de Murcia] Downloaded 1 records for 2020-09
2026-08-26 03:09:35,400 - INFO - [Región de Murcia] Downloaded 1 records for 2020-10
2026-08-26 03:09:37,985 - INFO - [Región de Murcia] Downloaded 1 records for 2020-11
2026-08-26 03:09:40,560 - INFO - [Región de Murcia] Downloaded 1 records for 2020-12
2026-08-26 03:09:43,461 - INFO - [Región de Murcia] Downloaded 1 records for 2021-01
2026-08-26 03:09:46,386 - INFO - [Región de Murcia] Downloaded 1 records for 2021-02
2026-08-26 03:09:49,125 - INFO - [Región de Murcia] Downloaded 1 records for 2021-03
2026-08-26 03:09:52,063 - INFO - [Región de Murcia] Downloaded 1 records for 2021-04
2026-08-26 03:09:55,361 - INFO - [Región de Murcia] Downloaded 1 records for 2021-05
2026-08-26 03:09:58,281 - INFO - [Región de Murcia] Downloaded 1 records for 2021-06
2026-08-26 03:10:00,887 - INFO - [Región de Murcia] Downloaded 1 records for 2021-07
2026-08-26 03:10:03,631 - INFO - [Región de Murcia] Downloaded 1 records for 2021-08
2026-08-26 03:10:06,403 - INFO - [Región de Murcia] Downloaded 1 records for 2021-09
2026-08-26 03:10:09,475 - INFO - [Región de Murcia] Downloaded 1 records for 2021-10
2026-08-26 03:10:12,393 - INFO - [Región de Murcia] Downloaded 1 records for 2021-11
2026-08-26 03:10:15,007 - INFO - [Región de Murcia] Downloaded 1 records for 2021-12
2026-08-26 03:10:17,950 - INFO - [Región de Murcia] Downloaded 1 records for 2022-01
2026-08-26 03:10:21,043 - INFO - [Región de Murcia] Downloaded 1 records for 2022-02
2026-08-26 03:10:24,023 - INFO - [Región de Murcia] Downloaded 1 records for 2022-03
2026-08-26 03:10:26,969 - INFO - [Región de Murcia] Downloaded 1 records for 2022-04
2026-08-26 03:10:29,952 - INFO - [Región de Murcia] Downloaded 1 records for 2022-05
2026-08-26 03:10:32,685 - INFO - [Región de Murcia] Downloaded 1 records for 2022-06
2026-08-26 03:10:35,532 - INFO - [Región de Murcia] Downloaded 1 records for 2022-07
2026-08-26 03:10:38,568 - INFO - [Región de Murcia] Downloaded 1 records for 2022-08
2026-08-26 03:10:41,322 - INFO - [Región de Murcia] Downloaded 1 records for 2022-09
2026-08-26 03:10:43,983 - INFO - [Región de Murcia] Downloaded 1 records for 2022-10
2026-08-26 03:10:46,729 - INFO - [Región de Murcia] Downloaded 1 records for 2022-11
2026-08-26 03:10:49,603 - INFO - [Región de Murcia] Downloaded 1 records for 2022-12
2026-08-26 03:10:52,279 - INFO - [Región de Murcia] Downloaded 1 records for 2023-01
2026-08-26 03:10:55,208 - INFO - [Región de Murcia] Downloaded 1 records for 2023-02
2026-08-26 03:10:57,808 - INFO - [Región de Murcia] Downloaded 1 records for 2023-03
2026-08-26 03:11:00,673 - INFO - [Región de Murcia] Downloaded 1 records for 2023-04
2026-08-26 03:11:03,542 - INFO - [Región de Murcia] Downloaded 1 records for 2023-05
2026-08-26 03:11:06,309 - INFO - [Región de Murcia] Downloaded 1 records for 2023-06
2026-08-26 03:11:08,979 - INFO - [Región de Murcia] Downloaded 1 records for 2023-07
2026-08-26 03:11:12,044 - INFO - [Región de Murcia] Downloaded 1 records for 2023-08
2026-08-26 03:11:14,878 - INFO - [Región de Murcia] Downloaded 1 records for 2023-09
2026-08-26 03:11:17,338 - INFO - [Región de Murcia] Downloaded 1 records for 2023-10
2026-08-26 03:11:19,929 - INFO - [Región de Murcia] Downloaded 1 records for 2023-11
2026-08-26 03:11:22,792 - INFO - [Región de Murcia] Downloaded 1 records for 2023-12
2026-08-26 03:11:25,303 - INFO - [Región de Murcia] Downloaded 1 records for 2024-01
2026-08-26 03:11:27,842 - INFO - [Región de Murcia] Downloaded 1 records for 2024-02
2026-08-26 03:11:30,473 - INFO - [Región de Murcia] Downloaded 1 records for 2024-03
2026-08-26 03:11:33,272 - INFO - [Región de Murcia] Downloaded 1 records for 2024-04
2026-08-26 03:11:35,845 - INFO - [Región de Murcia] Downloaded 1 records for 2024-05
2026-08-26 03:11:38,420 - INFO - [Región de Murcia] Downloaded 1 records for 2024-06
2026-08-26 03:11:41,330 - INFO - [Región de Murcia] Downloaded 1 records for 2024-07
2026-08-26 03:11:44,194 - INFO - [Región de Murcia] Downloaded 1 records for 2024-08
2026-08-26 03:11:47,266 - INFO - [Región de Murcia] Downloaded 1 records for 2024-09
2026-08-26 03:11:50,254 - INFO - [Región de Murcia] Downloaded 1 records for 2024-10
2026-08-26 03:11:52,909 - INFO - [Región de Murcia] Downloaded 1 records for 2024-11
2026-08-26 03:11:55,869 - INFO - [Región de Murcia] Downloaded 1 records for 2024-12
2026-08-26 03:11:58,795 - INFO - [Región de Murcia] Downloaded 1 records for 2025-01
2026-08-26 03:12:01,710 - INFO - [Región de Murcia] Downloaded 1 records for 2025-02
2026-08-26 03:12:04,486 - INFO - [Región de Murcia] Downloaded 1 records for 2025-03
2026-08-26 03:12:07,138 - INFO - [Región de Murcia] Downloaded 1 records for 2025-04
2026-08-26 03:12:10,102 - INFO - [Región de Murcia] Downloaded 1 records for 2025-05
2026-08-26 03:12:23,019 - INFO - [Región de Murcia] Downloaded 1 records for 2025-06
2026-08-26 03:12:25,975 - INFO - [Región de Murcia] Downloaded 1 records for 2025-07
2026-08-26 03:12:28,847 - INFO - [Región de Murcia] Downloaded 1 records for 2025-08
2026-08-26 03:12:31,584 - INFO - [Región de Murcia] Downloaded 1 records for 2025-09
2026-08-26 03:12:34,648 - INFO - [Región de Murcia] Downloaded 1 records for 2025-10
2026-08-26 03:12:37,757 - INFO - [Región de Murcia] Downloaded 1 records for 2025-11
2026-08-26 03:12:40,649 - INFO - [Región de Murcia] Downloaded 1 records for 2025-12
2026-08-26 03:12:43,195 - INFO - [Región de Murcia] Downloaded 1 records for 2026-01
2026-08-26 03:12:46,602 - INFO - [Región de Murcia] Downloaded 1 records for 2026-02
2026-08-26 03:12:49,183 - INFO - [Región de Murcia] Downloaded 1 records for 2026-03
2026-08-26 03:12:51,700 - INFO - [Región de Murcia] Downloaded 1 records for 2026-04
2026-08-26 03:12:54,445 - INFO - [Región de Murcia] Downloaded 1 records for 2026-05
2026-08-26 03:12:57,209 - INFO - [Región de Murcia] Downloaded 1 records for 2026-06
2026-08-26 03:13:04,706 - INFO - [Región de Murcia] Downloaded 1 records for 2026-07
2026-08-26 03:13:12,363 - ERROR - Failed https://apidatos.ree.es/en/datos/demanda/evolucion?start_date=2026-08-01T00:00&end_date=2026-08-26T23:59&geo_limit=ccaa&geo_ids=21&time_trunc=day (HTTP 502)
2026-08-26 03:13:12,364 - WARNING - [Región de Murcia] No data returned for 2026-08
