2026-08-24 19:25:30,444 - INFO - Starting grid data download pipeline...
2026-08-24 19:25:30,445 - INFO - --- Starting download for gen_hydro (ID: 546) ---
2026-08-24 19:25:30,445 - INFO - Fetching gen_hydro for 2024-01
2026-08-24 19:25:35,704 - INFO - Fetching gen_hydro for 2024-02
2026-08-24 19:25:42,368 - INFO - Fetching gen_hydro for 2024-03
2026-08-24 19:25:47,200 - INFO - Fetching gen_hydro for 2024-04
2026-08-24 19:25:52,184 - INFO - Fetching gen_hydro for 2024-05
2026-08-24 19:25:56,791 - INFO - Fetching gen_hydro for 2024-06
2026-08-24 19:26:01,974 - INFO - Fetching gen_hydro for 2024-07
2026-08-24 19:26:06,457 - INFO - Fetching gen_hydro for 2024-08
2026-08-24 19:26:10,952 - INFO - Fetching gen_hydro for 2024-09
2026-08-24 19:26:15,559 - INFO - Fetching gen_hydro for 2024-10
2026-08-24 19:26:21,755 - INFO - Fetching gen_hydro for 2024-11
2026-08-24 19:26:27,602 - INFO - Fetching gen_hydro for 2024-12
2026-08-24 19:26:31,924 - INFO - Saved 8784 records to data/processed/grid_telemetry\gen_hydro.csv
2026-08-24 19:26:31,926 - INFO - --- Starting download for gen_coal (ID: 547) ---
2026-08-24 19:26:31,926 - INFO - Fetching gen_coal for 2024-01
2026-08-24 19:26:38,120 - INFO - Fetching gen_coal for 2024-02
2026-08-24 19:26:42,775 - INFO - Fetching gen_coal for 2024-03
2026-08-24 19:26:49,602 - INFO - Fetching gen_coal for 2024-04
2026-08-24 19:26:56,367 - INFO - Fetching gen_coal for 2024-05
2026-08-24 19:27:04,634 - INFO - Fetching gen_coal for 2024-06
2026-08-24 19:27:10,973 - INFO - Fetching gen_coal for 2024-07
2026-08-24 19:27:16,830 - INFO - Fetching gen_coal for 2024-08
2026-08-24 19:27:22,765 - INFO - Fetching gen_coal for 2024-09
2026-08-24 19:27:27,973 - INFO - Fetching gen_coal for 2024-10
2026-08-24 19:27:33,929 - INFO - Fetching gen_coal for 2024-11
2026-08-24 19:27:38,722 - INFO - Fetching gen_coal for 2024-12
2026-08-24 19:27:43,700 - INFO - Saved 8784 records to data/processed/grid_telemetry\gen_coal.csv
2026-08-24 19:27:43,702 - INFO - --- Starting download for gen_nuclear (ID: 549) ---
2026-08-24 19:27:43,702 - INFO - Fetching gen_nuclear for 2024-01
2026-08-24 19:27:48,258 - INFO - Fetching gen_nuclear for 2024-02
2026-08-24 19:27:52,761 - INFO - Fetching gen_nuclear for 2024-03
2026-08-24 19:27:58,045 - INFO - Fetching gen_nuclear for 2024-04
2026-08-24 19:28:03,815 - INFO - Fetching gen_nuclear for 2024-05
2026-08-24 19:28:11,664 - INFO - Fetching gen_nuclear for 2024-06
2026-08-24 19:28:16,523 - INFO - Fetching gen_nuclear for 2024-07
2026-08-24 19:28:21,746 - INFO - Fetching gen_nuclear for 2024-08
2026-08-24 19:28:26,236 - INFO - Fetching gen_nuclear for 2024-09
2026-08-24 19:28:31,352 - INFO - Fetching gen_nuclear for 2024-10
2026-08-24 19:28:39,641 - INFO - Fetching gen_nuclear for 2024-11
2026-08-24 19:28:46,293 - INFO - Fetching gen_nuclear for 2024-12
2026-08-24 19:29:00,909 - INFO - Saved 8784 records to data/processed/grid_telemetry\gen_nuclear.csv
2026-08-24 19:29:00,912 - INFO - --- Starting download for gen_ccgt (ID: 550) ---
2026-08-24 19:29:00,912 - INFO - Fetching gen_ccgt for 2024-01
2026-08-24 19:29:06,226 - INFO - Fetching gen_ccgt for 2024-02
2026-08-24 19:29:13,695 - INFO - Fetching gen_ccgt for 2024-03
2026-08-24 19:29:21,605 - INFO - Fetching gen_ccgt for 2024-04
2026-08-24 19:29:29,604 - INFO - Fetching gen_ccgt for 2024-05
2026-08-24 19:29:34,405 - INFO - Fetching gen_ccgt for 2024-06
2026-08-24 19:29:59,106 - INFO - Fetching gen_ccgt for 2024-07
2026-08-24 19:30:06,313 - INFO - Fetching gen_ccgt for 2024-08
2026-08-24 19:30:14,235 - INFO - Fetching gen_ccgt for 2024-09
2026-08-24 19:30:20,862 - INFO - Fetching gen_ccgt for 2024-10
2026-08-24 19:30:27,561 - INFO - Fetching gen_ccgt for 2024-11
2026-08-24 19:30:38,987 - INFO - Fetching gen_ccgt for 2024-12
2026-08-24 19:30:45,270 - INFO - Saved 8784 records to data/processed/grid_telemetry\gen_ccgt.csv
2026-08-24 19:30:45,272 - INFO - --- Starting download for gen_wind (ID: 551) ---
2026-08-24 19:30:45,273 - INFO - Fetching gen_wind for 2024-01
2026-08-24 19:30:53,710 - INFO - Fetching gen_wind for 2024-02
2026-08-24 19:30:59,813 - INFO - Fetching gen_wind for 2024-03
2026-08-24 19:31:06,161 - INFO - Fetching gen_wind for 2024-04
2026-08-24 19:31:11,479 - INFO - Fetching gen_wind for 2024-05
2026-08-24 19:31:17,798 - INFO - Fetching gen_wind for 2024-06
2026-08-24 19:31:23,415 - INFO - Fetching gen_wind for 2024-07
2026-08-24 19:31:28,975 - INFO - Fetching gen_wind for 2024-08
2026-08-24 19:31:34,477 - INFO - Fetching gen_wind for 2024-09
2026-08-24 19:31:40,382 - INFO - Fetching gen_wind for 2024-10
2026-08-24 19:31:47,166 - INFO - Fetching gen_wind for 2024-11
2026-08-24 19:31:53,189 - INFO - Fetching gen_wind for 2024-12
2026-08-24 19:31:58,603 - INFO - Saved 8784 records to data/processed/grid_telemetry\gen_wind.csv
2026-08-24 19:31:58,605 - INFO - --- Starting download for gen_solar (ID: 552) ---
2026-08-24 19:31:58,605 - INFO - Fetching gen_solar for 2024-01
2026-08-24 19:31:59,138 - INFO - Fetching gen_solar for 2024-02
2026-08-24 19:31:59,728 - INFO - Fetching gen_solar for 2024-03
2026-08-24 19:32:00,118 - INFO - Fetching gen_solar for 2024-04
2026-08-24 19:32:00,583 - INFO - Fetching gen_solar for 2024-05
2026-08-24 19:32:01,053 - INFO - Fetching gen_solar for 2024-06
2026-08-24 19:32:02,502 - INFO - Fetching gen_solar for 2024-07
2026-08-24 19:32:02,959 - INFO - Fetching gen_solar for 2024-08
2026-08-24 19:32:04,956 - INFO - Fetching gen_solar for 2024-09
2026-08-24 19:32:05,492 - INFO - Fetching gen_solar for 2024-10
2026-08-24 19:32:06,183 - INFO - Fetching gen_solar for 2024-11
2026-08-24 19:32:06,638 - INFO - Fetching gen_solar for 2024-12
2026-08-24 19:32:08,263 - INFO - Saved 279 records to data/processed/grid_telemetry\gen_solar.csv
2026-08-24 19:32:08,263 - INFO - --- Starting download for gen_solar_thermal (ID: 1294) ---
2026-08-24 19:32:08,263 - INFO - Fetching gen_solar_thermal for 2024-01
2026-08-24 19:32:14,162 - INFO - Fetching gen_solar_thermal for 2024-02
2026-08-24 19:32:20,400 - INFO - Fetching gen_solar_thermal for 2024-03
2026-08-24 19:32:25,740 - INFO - Fetching gen_solar_thermal for 2024-04
2026-08-24 19:32:30,357 - INFO - Fetching gen_solar_thermal for 2024-05
2026-08-24 19:32:35,565 - INFO - Fetching gen_solar_thermal for 2024-06
2026-08-24 19:32:40,985 - INFO - Fetching gen_solar_thermal for 2024-07
2026-08-24 19:32:46,138 - INFO - Fetching gen_solar_thermal for 2024-08
2026-08-24 19:32:51,711 - INFO - Fetching gen_solar_thermal for 2024-09
2026-08-24 19:33:07,880 - INFO - Fetching gen_solar_thermal for 2024-10
2026-08-24 19:33:25,012 - INFO - Fetching gen_solar_thermal for 2024-11
2026-08-24 19:33:38,017 - INFO - Fetching gen_solar_thermal for 2024-12
2026-08-24 19:33:53,764 - INFO - Saved 8784 records to data/processed/grid_telemetry\gen_solar_thermal.csv
2026-08-24 19:33:53,765 - INFO - --- Starting download for gen_solar_pv (ID: 1295) ---
2026-08-24 19:33:53,765 - INFO - Fetching gen_solar_pv for 2024-01
2026-08-24 19:34:04,693 - INFO - Fetching gen_solar_pv for 2024-02
2026-08-24 19:34:29,292 - INFO - Fetching gen_solar_pv for 2024-03
2026-08-24 19:34:34,932 - INFO - Fetching gen_solar_pv for 2024-04
2026-08-24 19:34:39,697 - INFO - Fetching gen_solar_pv for 2024-05
2026-08-24 19:34:44,154 - INFO - Fetching gen_solar_pv for 2024-06
2026-08-24 19:34:50,831 - INFO - Fetching gen_solar_pv for 2024-07
2026-08-24 19:34:55,761 - INFO - Fetching gen_solar_pv for 2024-08
2026-08-24 19:35:02,813 - INFO - Fetching gen_solar_pv for 2024-09
2026-08-24 19:35:07,340 - INFO - Fetching gen_solar_pv for 2024-10
2026-08-24 19:35:13,236 - INFO - Fetching gen_solar_pv for 2024-11
2026-08-24 19:35:17,805 - INFO - Fetching gen_solar_pv for 2024-12
2026-08-24 19:35:23,439 - INFO - Saved 8784 records to data/processed/grid_telemetry\gen_solar_pv.csv
2026-08-24 19:35:23,441 - INFO - --- Starting download for interchanges (ID: 553) ---
2026-08-24 19:35:23,441 - INFO - Fetching interchanges for 2024-01
2026-08-24 19:35:28,277 - INFO - Fetching interchanges for 2024-02
2026-08-24 19:35:34,642 - INFO - Fetching interchanges for 2024-03
2026-08-24 19:35:42,637 - INFO - Fetching interchanges for 2024-04
2026-08-24 19:35:47,410 - INFO - Fetching interchanges for 2024-05
2026-08-24 19:35:58,607 - INFO - Fetching interchanges for 2024-06
2026-08-24 19:36:04,037 - INFO - Fetching interchanges for 2024-07
2026-08-24 19:36:10,956 - INFO - Fetching interchanges for 2024-08
2026-08-24 19:36:15,590 - INFO - Fetching interchanges for 2024-09
2026-08-24 19:36:20,370 - INFO - Fetching interchanges for 2024-10
2026-08-24 19:36:28,026 - INFO - Fetching interchanges for 2024-11
2026-08-24 19:36:35,804 - INFO - Fetching interchanges for 2024-12
2026-08-24 19:36:42,877 - INFO - Saved 8784 records to data/processed/grid_telemetry\interchanges.csv
2026-08-24 19:36:42,878 - INFO - --- Starting download for demand_national (ID: 1293) ---
2026-08-24 19:36:42,879 - INFO - Fetching demand_national for 2024-01
2026-08-24 19:36:47,243 - INFO - Fetching demand_national for 2024-02
2026-08-24 19:36:52,357 - INFO - Fetching demand_national for 2024-03
2026-08-24 19:36:57,974 - INFO - Fetching demand_national for 2024-04
2026-08-24 19:37:04,614 - INFO - Fetching demand_national for 2024-05
2026-08-24 19:37:09,363 - INFO - Fetching demand_national for 2024-06
2026-08-24 19:37:14,127 - INFO - Fetching demand_national for 2024-07
2026-08-24 19:37:19,784 - INFO - Fetching demand_national for 2024-08
2026-08-24 19:37:25,369 - INFO - Fetching demand_national for 2024-09
2026-08-24 19:37:33,807 - INFO - Fetching demand_national for 2024-10
2026-08-24 19:37:39,679 - INFO - Fetching demand_national for 2024-11
2026-08-24 19:37:44,639 - INFO - Fetching demand_national for 2024-12
2026-08-24 19:37:49,665 - INFO - Saved 8784 records to data/processed/grid_telemetry\demand_national.csv
2026-08-24 19:37:49,667 - INFO - --- Starting download for demand_baleares (ID: 10244) ---
2026-08-24 19:37:49,667 - INFO - Fetching demand_baleares for 2024-01
2026-08-24 19:37:51,905 - INFO - Fetching demand_baleares for 2024-02
2026-08-24 19:37:54,166 - INFO - Fetching demand_baleares for 2024-03
2026-08-24 19:37:56,421 - INFO - Fetching demand_baleares for 2024-04
2026-08-24 19:37:59,142 - INFO - Fetching demand_baleares for 2024-05
2026-08-24 19:38:01,603 - INFO - Fetching demand_baleares for 2024-06
2026-08-24 19:38:04,508 - INFO - Fetching demand_baleares for 2024-07
2026-08-24 19:38:06,832 - INFO - Fetching demand_baleares for 2024-08
2026-08-24 19:38:09,043 - INFO - Fetching demand_baleares for 2024-09
2026-08-24 19:38:16,464 - INFO - Fetching demand_baleares for 2024-10
2026-08-24 19:38:19,113 - INFO - Fetching demand_baleares for 2024-11
2026-08-24 19:38:21,555 - INFO - Fetching demand_baleares for 2024-12
2026-08-24 19:38:24,801 - INFO - Saved 8784 records to data/processed/grid_telemetry\demand_baleares.csv
2026-08-24 19:38:24,802 - INFO - --- Starting download for demand_canarias (ID: 10243) ---
2026-08-24 19:38:24,802 - INFO - Fetching demand_canarias for 2024-01
2026-08-24 19:38:35,969 - INFO - Fetching demand_canarias for 2024-02
2026-08-24 19:38:48,023 - INFO - Fetching demand_canarias for 2024-03
2026-08-24 19:39:05,489 - INFO - Fetching demand_canarias for 2024-04
2026-08-24 19:39:15,201 - INFO - Fetching demand_canarias for 2024-05
2026-08-24 19:39:22,913 - INFO - Fetching demand_canarias for 2024-06
2026-08-24 19:39:31,336 - INFO - Fetching demand_canarias for 2024-07
2026-08-24 19:39:40,839 - INFO - Fetching demand_canarias for 2024-08
2026-08-24 19:39:46,375 - INFO - Fetching demand_canarias for 2024-09
2026-08-24 19:39:51,596 - INFO - Fetching demand_canarias for 2024-10
2026-08-24 19:39:57,081 - INFO - Fetching demand_canarias for 2024-11
2026-08-24 19:40:02,298 - INFO - Fetching demand_canarias for 2024-12
2026-08-24 19:40:07,153 - INFO - Saved 52704 records to data/processed/grid_telemetry\demand_canarias.csv
2026-08-24 19:40:07,155 - INFO - --- Starting download for demand_ccaa_monthly (ID: 10339) ---
2026-08-24 19:40:07,155 - INFO - Fetching demand_ccaa_monthly for 2024-01
2026-08-24 19:40:08,847 - INFO - Fetching demand_ccaa_monthly for 2024-02
2026-08-24 19:40:10,502 - INFO - Fetching demand_ccaa_monthly for 2024-03
2026-08-24 19:40:12,065 - INFO - Fetching demand_ccaa_monthly for 2024-04
2026-08-24 19:40:13,668 - INFO - Fetching demand_ccaa_monthly for 2024-05
2026-08-24 19:40:15,180 - INFO - Fetching demand_ccaa_monthly for 2024-06
2026-08-24 19:40:16,863 - INFO - Fetching demand_ccaa_monthly for 2024-07
2026-08-24 19:40:18,663 - INFO - Fetching demand_ccaa_monthly for 2024-08
2026-08-24 19:40:20,312 - INFO - Fetching demand_ccaa_monthly for 2024-09
2026-08-24 19:40:22,304 - INFO - Fetching demand_ccaa_monthly for 2024-10
2026-08-24 19:40:23,803 - INFO - Fetching demand_ccaa_monthly for 2024-11
2026-08-24 19:40:25,300 - INFO - Fetching demand_ccaa_monthly for 2024-12
2026-08-24 19:40:27,018 - INFO - Saved 228 records to data/processed/grid_telemetry\demand_ccaa_monthly.csv
2026-08-24 19:40:27,019 - INFO - Pipeline complete.
2026-08-24 19:47:32,018 - INFO - Starting grid data download pipeline for ALL years...
2026-08-24 19:47:32,018 - INFO - --- Starting download for gen_hydro (ID: 546) ---
2026-08-24 19:47:32,035 - INFO - Fetching gen_hydro for 2015-01
2026-08-24 19:47:39,614 - INFO - Fetching gen_hydro for 2015-02
2026-08-24 19:47:43,328 - INFO - Fetching gen_hydro for 2015-03
2026-08-24 19:47:46,537 - INFO - Fetching gen_hydro for 2015-04
2026-08-24 19:47:49,947 - INFO - Fetching gen_hydro for 2015-05
2026-08-24 19:47:53,122 - INFO - Fetching gen_hydro for 2015-06
2026-08-24 19:47:57,578 - INFO - Fetching gen_hydro for 2015-07
2026-08-24 19:48:00,560 - INFO - Fetching gen_hydro for 2015-08
2026-08-24 19:48:03,634 - INFO - Fetching gen_hydro for 2015-09
2026-08-24 19:48:06,859 - INFO - Fetching gen_hydro for 2015-10
2026-08-24 19:48:10,347 - INFO - Fetching gen_hydro for 2015-11
2026-08-24 19:48:15,889 - INFO - Fetching gen_hydro for 2015-12
2026-08-24 19:48:18,801 - INFO - Fetching gen_hydro for 2016-01
2026-08-24 19:48:22,208 - INFO - Fetching gen_hydro for 2016-02
2026-08-24 19:48:25,094 - INFO - Fetching gen_hydro for 2016-03
2026-08-24 19:48:28,167 - INFO - Fetching gen_hydro for 2016-04
2026-08-24 19:48:31,524 - INFO - Fetching gen_hydro for 2016-05
2026-08-24 19:48:34,816 - INFO - Fetching gen_hydro for 2016-06
2026-08-24 19:48:38,844 - INFO - Fetching gen_hydro for 2016-07
2026-08-24 19:48:41,836 - INFO - Fetching gen_hydro for 2016-08
2026-08-24 19:48:45,947 - INFO - Fetching gen_hydro for 2016-09
2026-08-24 19:48:48,961 - INFO - Fetching gen_hydro for 2016-10
2026-08-24 19:48:52,821 - INFO - Fetching gen_hydro for 2016-11
2026-08-24 19:48:55,723 - INFO - Fetching gen_hydro for 2016-12
2026-08-24 19:49:00,117 - INFO - Fetching gen_hydro for 2017-01
2026-08-24 19:49:03,232 - INFO - Fetching gen_hydro for 2017-02
2026-08-24 19:49:06,137 - INFO - Fetching gen_hydro for 2017-03
2026-08-24 19:49:09,757 - INFO - Fetching gen_hydro for 2017-04
2026-08-24 19:49:13,733 - INFO - Fetching gen_hydro for 2017-05
2026-08-24 19:49:17,511 - INFO - Fetching gen_hydro for 2017-06
2026-08-24 19:49:20,942 - INFO - Fetching gen_hydro for 2017-07
2026-08-24 19:49:24,050 - INFO - Fetching gen_hydro for 2017-08
2026-08-24 19:49:27,408 - INFO - Fetching gen_hydro for 2017-09
2026-08-24 19:49:31,796 - INFO - Fetching gen_hydro for 2017-10
2026-08-24 19:49:35,363 - INFO - Fetching gen_hydro for 2017-11
2026-08-24 19:49:38,563 - INFO - Fetching gen_hydro for 2017-12
2026-08-24 19:49:41,370 - INFO - Fetching gen_hydro for 2018-01
2026-08-24 19:49:44,071 - INFO - Fetching gen_hydro for 2018-02
2026-08-24 19:49:47,768 - INFO - Fetching gen_hydro for 2018-03
2026-08-24 19:49:50,853 - INFO - Fetching gen_hydro for 2018-04
2026-08-24 19:49:53,758 - INFO - Fetching gen_hydro for 2018-05
2026-08-24 19:49:58,040 - INFO - Fetching gen_hydro for 2018-06
2026-08-24 19:50:01,589 - INFO - Fetching gen_hydro for 2018-07
2026-08-24 19:50:04,398 - INFO - Fetching gen_hydro for 2018-08
2026-08-24 19:50:07,167 - INFO - Fetching gen_hydro for 2018-09
2026-08-24 19:50:10,011 - INFO - Fetching gen_hydro for 2018-10
2026-08-24 19:50:15,084 - INFO - Fetching gen_hydro for 2018-11
2026-08-24 19:50:19,350 - INFO - Fetching gen_hydro for 2018-12
2026-08-24 19:50:23,140 - INFO - Fetching gen_hydro for 2019-01
2026-08-24 19:50:26,292 - INFO - Fetching gen_hydro for 2019-02
2026-08-24 19:50:29,486 - INFO - Fetching gen_hydro for 2019-03
2026-08-24 19:50:32,795 - INFO - Fetching gen_hydro for 2019-04
2026-08-24 19:50:39,653 - INFO - Fetching gen_hydro for 2019-05
2026-08-24 19:50:42,582 - INFO - Fetching gen_hydro for 2019-06
2026-08-24 19:50:46,602 - INFO - Fetching gen_hydro for 2019-07
2026-08-24 19:50:49,933 - INFO - Fetching gen_hydro for 2019-08
2026-08-24 19:50:55,150 - INFO - Fetching gen_hydro for 2019-09
2026-08-24 19:50:58,097 - INFO - Fetching gen_hydro for 2019-10
2026-08-24 19:51:01,433 - INFO - Fetching gen_hydro for 2019-11
2026-08-24 19:51:04,405 - INFO - Fetching gen_hydro for 2019-12
2026-08-24 19:51:07,584 - INFO - Fetching gen_hydro for 2020-01
2026-08-24 19:51:11,604 - INFO - Fetching gen_hydro for 2020-02
2026-08-24 19:51:15,230 - INFO - Fetching gen_hydro for 2020-03
2026-08-24 19:51:18,535 - INFO - Fetching gen_hydro for 2020-04
2026-08-24 19:51:21,870 - INFO - Fetching gen_hydro for 2020-05
2026-08-24 19:51:24,998 - INFO - Fetching gen_hydro for 2020-06
2026-08-24 19:51:27,959 - INFO - Fetching gen_hydro for 2020-07
2026-08-24 19:51:30,812 - INFO - Fetching gen_hydro for 2020-08
2026-08-24 19:51:33,849 - INFO - Fetching gen_hydro for 2020-09
2026-08-24 19:51:36,962 - INFO - Fetching gen_hydro for 2020-10
2026-08-24 19:51:40,760 - INFO - Fetching gen_hydro for 2020-11
2026-08-24 19:51:44,652 - INFO - Fetching gen_hydro for 2020-12
2026-08-24 19:51:47,648 - INFO - Fetching gen_hydro for 2021-01
2026-08-24 19:51:50,713 - INFO - Fetching gen_hydro for 2021-02
2026-08-24 19:51:54,470 - INFO - Fetching gen_hydro for 2021-03
2026-08-24 19:51:57,918 - INFO - Fetching gen_hydro for 2021-04
2026-08-24 19:52:02,083 - INFO - Fetching gen_hydro for 2021-05
2026-08-24 19:52:06,485 - INFO - Fetching gen_hydro for 2021-06
2026-08-24 19:52:10,424 - INFO - Fetching gen_hydro for 2021-07
2026-08-24 19:52:13,846 - INFO - Fetching gen_hydro for 2021-08
2026-08-24 19:52:17,061 - INFO - Fetching gen_hydro for 2021-09
2026-08-24 19:52:20,808 - INFO - Fetching gen_hydro for 2021-10
2026-08-24 19:52:24,204 - INFO - Fetching gen_hydro for 2021-11
2026-08-24 19:52:26,966 - INFO - Fetching gen_hydro for 2021-12
2026-08-24 19:52:30,028 - INFO - Fetching gen_hydro for 2022-01
2026-08-24 19:52:32,897 - INFO - Fetching gen_hydro for 2022-02
2026-08-24 19:52:37,345 - INFO - Fetching gen_hydro for 2022-03
2026-08-24 19:52:40,284 - INFO - Fetching gen_hydro for 2022-04
2026-08-24 19:52:43,261 - INFO - Fetching gen_hydro for 2022-05
2026-08-24 19:52:46,791 - INFO - Fetching gen_hydro for 2022-06
2026-08-24 19:52:52,192 - INFO - Fetching gen_hydro for 2022-07
2026-08-24 19:52:56,931 - INFO - Fetching gen_hydro for 2022-08
2026-08-24 19:53:02,607 - INFO - Fetching gen_hydro for 2022-09
2026-08-24 19:53:07,950 - INFO - Fetching gen_hydro for 2022-10
2026-08-24 19:53:13,719 - INFO - Fetching gen_hydro for 2022-11
2026-08-24 19:53:19,021 - INFO - Fetching gen_hydro for 2022-12
2026-08-24 19:53:24,336 - INFO - Fetching gen_hydro for 2023-01
2026-08-24 19:53:29,548 - INFO - Fetching gen_hydro for 2023-02
2026-08-24 19:53:38,381 - INFO - Fetching gen_hydro for 2023-03
2026-08-24 19:53:43,490 - INFO - Fetching gen_hydro for 2023-04
2026-08-24 19:53:48,418 - INFO - Fetching gen_hydro for 2023-05
2026-08-24 19:53:53,442 - INFO - Fetching gen_hydro for 2023-06
2026-08-24 19:53:58,318 - INFO - Fetching gen_hydro for 2023-07
2026-08-24 19:54:04,236 - INFO - Fetching gen_hydro for 2023-08
2026-08-24 19:54:09,679 - INFO - Fetching gen_hydro for 2023-09
2026-08-24 19:54:14,440 - INFO - Fetching gen_hydro for 2023-10
2026-08-24 19:54:20,475 - INFO - Fetching gen_hydro for 2023-11
2026-08-24 19:54:33,265 - INFO - Fetching gen_hydro for 2023-12
2026-08-24 19:54:38,964 - INFO - Fetching gen_hydro for 2024-01
2026-08-24 19:54:46,092 - INFO - Fetching gen_hydro for 2024-02
2026-08-24 19:54:50,152 - INFO - Fetching gen_hydro for 2024-03
2026-08-24 19:54:56,161 - INFO - Fetching gen_hydro for 2024-04
2026-08-24 19:55:01,671 - INFO - Fetching gen_hydro for 2024-05
2026-08-24 19:55:06,569 - INFO - Fetching gen_hydro for 2024-06
2026-08-24 19:55:12,641 - INFO - Fetching gen_hydro for 2024-07
2026-08-24 19:55:17,037 - INFO - Fetching gen_hydro for 2024-08
2026-08-24 19:55:21,831 - INFO - Fetching gen_hydro for 2024-09
2026-08-24 19:55:26,489 - INFO - Fetching gen_hydro for 2024-10
2026-08-24 19:55:33,155 - INFO - Fetching gen_hydro for 2024-11
2026-08-24 19:55:38,056 - INFO - Fetching gen_hydro for 2024-12
2026-08-24 19:55:42,533 - INFO - Fetching gen_hydro for 2025-01
2026-08-24 19:55:47,732 - INFO - Fetching gen_hydro for 2025-02
2026-08-24 19:55:52,750 - INFO - Fetching gen_hydro for 2025-03
2026-08-24 19:55:57,872 - INFO - Fetching gen_hydro for 2025-04
2026-08-24 19:56:03,048 - INFO - Fetching gen_hydro for 2025-05
2026-08-24 19:56:08,585 - INFO - Fetching gen_hydro for 2025-06
2026-08-24 19:56:13,277 - INFO - Fetching gen_hydro for 2025-07
2026-08-24 19:56:21,605 - INFO - Fetching gen_hydro for 2025-08
2026-08-24 19:56:26,910 - INFO - Fetching gen_hydro for 2025-09
2026-08-24 19:56:32,015 - INFO - Fetching gen_hydro for 2025-10
2026-08-24 19:56:38,265 - INFO - Fetching gen_hydro for 2025-11
2026-08-24 19:56:44,701 - INFO - Fetching gen_hydro for 2025-12
2026-08-24 19:56:50,381 - INFO - Saved 96432 records to data/processed/grid_telemetry\gen_hydro.csv
2026-08-24 19:56:50,386 - INFO - --- Starting download for gen_coal (ID: 547) ---
2026-08-24 19:56:50,404 - INFO - Fetching gen_coal for 2015-01
2026-08-24 19:56:53,917 - INFO - Fetching gen_coal for 2015-02
2026-08-24 19:56:56,823 - INFO - Fetching gen_coal for 2015-03
2026-08-24 19:57:00,293 - INFO - Fetching gen_coal for 2015-04
2026-08-24 19:57:04,491 - INFO - Fetching gen_coal for 2015-05
2026-08-24 19:57:08,263 - INFO - Fetching gen_coal for 2015-06
2026-08-24 19:57:11,200 - INFO - Fetching gen_coal for 2015-07
2026-08-24 19:57:14,011 - INFO - Fetching gen_coal for 2015-08
2026-08-24 19:57:16,991 - INFO - Fetching gen_coal for 2015-09
2026-08-24 19:57:21,326 - INFO - Fetching gen_coal for 2015-10
2026-08-24 19:57:25,240 - INFO - Fetching gen_coal for 2015-11
2026-08-24 19:57:28,493 - INFO - Fetching gen_coal for 2015-12
2026-08-24 19:57:31,892 - INFO - Fetching gen_coal for 2016-01
2026-08-24 19:57:35,808 - INFO - Fetching gen_coal for 2016-02
2026-08-24 19:57:38,690 - INFO - Fetching gen_coal for 2016-03
2026-08-24 19:57:41,748 - INFO - Fetching gen_coal for 2016-04
2026-08-24 19:57:45,936 - INFO - Fetching gen_coal for 2016-05
2026-08-24 19:57:49,111 - INFO - Fetching gen_coal for 2016-06
2026-08-24 19:57:52,261 - INFO - Fetching gen_coal for 2016-07
2026-08-24 19:57:55,526 - INFO - Fetching gen_coal for 2016-08
2026-08-24 19:57:59,033 - INFO - Fetching gen_coal for 2016-09
2026-08-24 19:58:02,147 - INFO - Fetching gen_coal for 2016-10
2026-08-24 19:58:06,221 - INFO - Fetching gen_coal for 2016-11
2026-08-24 19:58:09,217 - INFO - Fetching gen_coal for 2016-12
2026-08-24 19:58:12,289 - INFO - Fetching gen_coal for 2017-01
2026-08-24 19:58:15,351 - INFO - Fetching gen_coal for 2017-02
2026-08-24 19:58:18,099 - INFO - Fetching gen_coal for 2017-03
2026-08-24 19:58:21,588 - INFO - Fetching gen_coal for 2017-04
2026-08-24 19:58:25,963 - INFO - Fetching gen_coal for 2017-05
2026-08-24 19:58:29,346 - INFO - Fetching gen_coal for 2017-06
2026-08-24 19:58:32,459 - INFO - Fetching gen_coal for 2017-07
2026-08-24 19:58:35,898 - INFO - Fetching gen_coal for 2017-08
2026-08-24 19:58:39,038 - INFO - Fetching gen_coal for 2017-09
2026-08-24 19:58:49,325 - INFO - Fetching gen_coal for 2017-10
2026-08-24 19:58:53,424 - INFO - Fetching gen_coal for 2017-11
2026-08-24 19:58:56,398 - INFO - Fetching gen_coal for 2017-12
2026-08-24 19:59:00,197 - INFO - Fetching gen_coal for 2018-01
2026-08-24 19:59:03,035 - INFO - Fetching gen_coal for 2018-02
2026-08-24 19:59:06,249 - INFO - Fetching gen_coal for 2018-03
2026-08-24 19:59:10,427 - INFO - Fetching gen_coal for 2018-04
2026-08-24 19:59:13,854 - INFO - Fetching gen_coal for 2018-05
2026-08-24 19:59:16,864 - INFO - Fetching gen_coal for 2018-06
2026-08-24 19:59:20,079 - INFO - Fetching gen_coal for 2018-07
2026-08-24 19:59:23,202 - INFO - Fetching gen_coal for 2018-08
2026-08-24 19:59:26,420 - INFO - Fetching gen_coal for 2018-09
2026-08-24 19:59:29,324 - INFO - Fetching gen_coal for 2018-10
2026-08-24 19:59:33,581 - INFO - Fetching gen_coal for 2018-11
2026-08-24 19:59:36,475 - INFO - Fetching gen_coal for 2018-12
2026-08-24 19:59:39,481 - INFO - Fetching gen_coal for 2019-01
2026-08-24 19:59:42,971 - INFO - Fetching gen_coal for 2019-02
2026-08-24 19:59:46,694 - INFO - Fetching gen_coal for 2019-03
2026-08-24 19:59:50,554 - INFO - Fetching gen_coal for 2019-04
2026-08-24 19:59:53,589 - INFO - Fetching gen_coal for 2019-05
2026-08-24 19:59:56,897 - INFO - Fetching gen_coal for 2019-06
2026-08-24 20:00:00,735 - INFO - Fetching gen_coal for 2019-07
2026-08-24 20:00:04,071 - INFO - Fetching gen_coal for 2019-08
2026-08-24 20:00:08,035 - INFO - Fetching gen_coal for 2019-09
2026-08-24 20:00:12,603 - INFO - Fetching gen_coal for 2019-10
2026-08-24 20:00:17,015 - INFO - Fetching gen_coal for 2019-11
2026-08-24 20:00:20,432 - INFO - Fetching gen_coal for 2019-12
2026-08-24 20:00:24,558 - INFO - Fetching gen_coal for 2020-01
2026-08-24 20:00:27,694 - INFO - Fetching gen_coal for 2020-02
2026-08-24 20:00:31,114 - INFO - Fetching gen_coal for 2020-03
2026-08-24 20:00:34,564 - INFO - Fetching gen_coal for 2020-04
2026-08-24 20:00:37,707 - INFO - Fetching gen_coal for 2020-05
2026-08-24 20:00:41,044 - INFO - Fetching gen_coal for 2020-06
2026-08-24 20:00:44,189 - INFO - Fetching gen_coal for 2020-07
2026-08-24 20:00:47,492 - INFO - Fetching gen_coal for 2020-08
2026-08-24 20:00:50,842 - INFO - Fetching gen_coal for 2020-09
2026-08-24 20:00:53,854 - INFO - Fetching gen_coal for 2020-10
2026-08-24 20:00:58,834 - INFO - Fetching gen_coal for 2020-11
2026-08-24 20:01:01,885 - INFO - Fetching gen_coal for 2020-12
2026-08-24 20:01:05,255 - INFO - Fetching gen_coal for 2021-01
2026-08-24 20:01:08,801 - INFO - Fetching gen_coal for 2021-02
2026-08-24 20:01:11,769 - INFO - Fetching gen_coal for 2021-03
2026-08-24 20:01:15,431 - INFO - Fetching gen_coal for 2021-04
2026-08-24 20:01:19,260 - INFO - Fetching gen_coal for 2021-05
2026-08-24 20:01:23,310 - INFO - Fetching gen_coal for 2021-06
2026-08-24 20:01:26,167 - INFO - Fetching gen_coal for 2021-07
2026-08-24 20:01:29,885 - INFO - Fetching gen_coal for 2021-08
2026-08-24 20:01:33,130 - INFO - Fetching gen_coal for 2021-09
2026-08-24 20:01:36,068 - INFO - Fetching gen_coal for 2021-10
2026-08-24 20:01:39,625 - INFO - Fetching gen_coal for 2021-11
2026-08-24 20:01:43,198 - INFO - Fetching gen_coal for 2021-12
2026-08-24 20:01:46,529 - INFO - Fetching gen_coal for 2022-01
2026-08-24 20:01:49,988 - INFO - Fetching gen_coal for 2022-02
2026-08-24 20:01:53,504 - INFO - Fetching gen_coal for 2022-03
2026-08-24 20:01:56,347 - INFO - Fetching gen_coal for 2022-04
2026-08-24 20:01:59,956 - INFO - Fetching gen_coal for 2022-05
2026-08-24 20:02:03,778 - INFO - Fetching gen_coal for 2022-06
2026-08-24 20:02:08,756 - INFO - Fetching gen_coal for 2022-07
2026-08-24 20:02:13,876 - INFO - Fetching gen_coal for 2022-08
2026-08-24 20:02:20,168 - INFO - Fetching gen_coal for 2022-09
2026-08-24 20:02:25,580 - INFO - Fetching gen_coal for 2022-10
2026-08-24 20:02:31,120 - INFO - Fetching gen_coal for 2022-11
2026-08-24 20:02:36,949 - INFO - Fetching gen_coal for 2022-12
2026-08-24 20:02:41,632 - INFO - Fetching gen_coal for 2023-01
2026-08-24 20:02:46,343 - INFO - Fetching gen_coal for 2023-02
2026-08-24 20:02:51,441 - INFO - Fetching gen_coal for 2023-03
2026-08-24 20:02:56,845 - INFO - Fetching gen_coal for 2023-04
2026-08-24 20:03:02,119 - INFO - Fetching gen_coal for 2023-05
2026-08-24 20:03:07,040 - INFO - Fetching gen_coal for 2023-06
2026-08-24 20:03:12,184 - INFO - Fetching gen_coal for 2023-07
2026-08-24 20:03:17,336 - INFO - Fetching gen_coal for 2023-08
2026-08-24 20:03:21,814 - INFO - Fetching gen_coal for 2023-09
2026-08-24 20:03:28,269 - INFO - Fetching gen_coal for 2023-10
2026-08-24 20:03:34,153 - INFO - Fetching gen_coal for 2023-11
2026-08-24 20:03:39,549 - INFO - Fetching gen_coal for 2023-12
2026-08-24 20:03:44,841 - INFO - Fetching gen_coal for 2024-01
2026-08-24 20:03:49,987 - INFO - Fetching gen_coal for 2024-02
2026-08-24 20:03:55,158 - INFO - Fetching gen_coal for 2024-03
2026-08-24 20:03:59,954 - INFO - Fetching gen_coal for 2024-04
2026-08-24 20:04:04,518 - INFO - Fetching gen_coal for 2024-05
2026-08-24 20:04:09,085 - INFO - Fetching gen_coal for 2024-06
2026-08-24 20:04:13,384 - INFO - Fetching gen_coal for 2024-07
2026-08-24 20:04:22,433 - INFO - Fetching gen_coal for 2024-08
2026-08-24 20:04:27,783 - INFO - Fetching gen_coal for 2024-09
2026-08-24 20:04:32,831 - INFO - Fetching gen_coal for 2024-10
2026-08-24 20:04:38,894 - INFO - Fetching gen_coal for 2024-11
2026-08-24 20:04:44,265 - INFO - Fetching gen_coal for 2024-12
2026-08-24 20:04:49,342 - INFO - Fetching gen_coal for 2025-01
2026-08-24 20:04:54,902 - INFO - Fetching gen_coal for 2025-02
2026-08-24 20:04:59,508 - INFO - Fetching gen_coal for 2025-03
2026-08-24 20:05:06,315 - INFO - Fetching gen_coal for 2025-04
2026-08-24 20:05:11,109 - INFO - Fetching gen_coal for 2025-05
2026-08-24 20:05:17,643 - INFO - Fetching gen_coal for 2025-06
2026-08-24 20:05:22,777 - INFO - Fetching gen_coal for 2025-07
2026-08-24 20:05:46,486 - INFO - Fetching gen_coal for 2025-08
2026-08-24 20:06:07,661 - INFO - Fetching gen_coal for 2025-09
2026-08-24 20:06:29,636 - INFO - Fetching gen_coal for 2025-10
2026-08-24 20:06:34,984 - INFO - Fetching gen_coal for 2025-11
2026-08-24 20:06:51,994 - INFO - Fetching gen_coal for 2025-12
2026-08-24 20:07:07,789 - INFO - Saved 96432 records to data/processed/grid_telemetry\gen_coal.csv
2026-08-24 20:07:07,792 - INFO - --- Starting download for gen_nuclear (ID: 549) ---
2026-08-24 20:07:07,801 - INFO - Fetching gen_nuclear for 2015-01
2026-08-24 20:07:11,232 - INFO - Fetching gen_nuclear for 2015-02
2026-08-24 20:07:14,433 - INFO - Fetching gen_nuclear for 2015-03
2026-08-24 20:07:17,398 - INFO - Fetching gen_nuclear for 2015-04
2026-08-24 20:07:20,680 - INFO - Fetching gen_nuclear for 2015-05
2026-08-24 20:07:23,623 - INFO - Fetching gen_nuclear for 2015-06
2026-08-24 20:07:26,752 - INFO - Fetching gen_nuclear for 2015-07
2026-08-24 20:07:30,333 - INFO - Fetching gen_nuclear for 2015-08
2026-08-24 20:07:33,486 - INFO - Fetching gen_nuclear for 2015-09
2026-08-24 20:07:37,181 - INFO - Fetching gen_nuclear for 2015-10
2026-08-24 20:07:40,978 - INFO - Fetching gen_nuclear for 2015-11
2026-08-24 20:07:44,676 - INFO - Fetching gen_nuclear for 2015-12
2026-08-24 20:07:47,445 - INFO - Fetching gen_nuclear for 2016-01
2026-08-24 20:07:50,622 - INFO - Fetching gen_nuclear for 2016-02
2026-08-24 20:07:53,755 - INFO - Fetching gen_nuclear for 2016-03
2026-08-24 20:07:58,118 - INFO - Fetching gen_nuclear for 2016-04
2026-08-24 20:08:01,316 - INFO - Fetching gen_nuclear for 2016-05
2026-08-24 20:08:04,942 - INFO - Fetching gen_nuclear for 2016-06
2026-08-24 20:08:08,501 - INFO - Fetching gen_nuclear for 2016-07
2026-08-24 20:08:12,315 - INFO - Fetching gen_nuclear for 2016-08
2026-08-24 20:08:15,404 - INFO - Fetching gen_nuclear for 2016-09
2026-08-24 20:08:18,601 - INFO - Fetching gen_nuclear for 2016-10
2026-08-24 20:08:23,476 - INFO - Fetching gen_nuclear for 2016-11
2026-08-24 20:08:28,430 - INFO - Fetching gen_nuclear for 2016-12
2026-08-24 20:08:31,672 - INFO - Fetching gen_nuclear for 2017-01
2026-08-24 20:08:34,696 - INFO - Fetching gen_nuclear for 2017-02
2026-08-24 20:08:37,822 - INFO - Fetching gen_nuclear for 2017-03
2026-08-24 20:08:48,257 - INFO - Fetching gen_nuclear for 2017-04
2026-08-24 20:08:52,200 - INFO - Fetching gen_nuclear for 2017-05
2026-08-24 20:08:55,565 - INFO - Fetching gen_nuclear for 2017-06
2026-08-24 20:08:59,599 - INFO - Fetching gen_nuclear for 2017-07
2026-08-24 20:09:02,613 - INFO - Fetching gen_nuclear for 2017-08
2026-08-24 20:09:05,463 - INFO - Fetching gen_nuclear for 2017-09
2026-08-24 20:09:11,202 - INFO - Fetching gen_nuclear for 2017-10
2026-08-24 20:09:15,566 - INFO - Fetching gen_nuclear for 2017-11
2026-08-24 20:09:19,490 - INFO - Fetching gen_nuclear for 2017-12
2026-08-24 20:09:23,298 - INFO - Fetching gen_nuclear for 2018-01
2026-08-24 20:09:26,066 - INFO - Fetching gen_nuclear for 2018-02
2026-08-24 20:09:29,121 - INFO - Fetching gen_nuclear for 2018-03
2026-08-24 20:09:32,073 - INFO - Fetching gen_nuclear for 2018-04
2026-08-24 20:09:36,371 - INFO - Fetching gen_nuclear for 2018-05
2026-08-24 20:09:39,728 - INFO - Fetching gen_nuclear for 2018-06
2026-08-24 20:09:43,656 - INFO - Fetching gen_nuclear for 2018-07
2026-08-24 20:09:47,072 - INFO - Fetching gen_nuclear for 2018-08
2026-08-24 20:09:50,311 - INFO - Fetching gen_nuclear for 2018-09
2026-08-24 20:09:53,248 - INFO - Fetching gen_nuclear for 2018-10
2026-08-24 20:09:56,659 - INFO - Fetching gen_nuclear for 2018-11
2026-08-24 20:09:59,786 - INFO - Fetching gen_nuclear for 2018-12
2026-08-24 20:10:03,889 - INFO - Fetching gen_nuclear for 2019-01
2026-08-24 20:10:07,312 - INFO - Fetching gen_nuclear for 2019-02
2026-08-24 20:10:10,953 - INFO - Fetching gen_nuclear for 2019-03
2026-08-24 20:10:14,320 - INFO - Fetching gen_nuclear for 2019-04
2026-08-24 20:10:17,550 - INFO - Fetching gen_nuclear for 2019-05
2026-08-24 20:10:20,660 - INFO - Fetching gen_nuclear for 2019-06
2026-08-24 20:10:23,700 - INFO - Fetching gen_nuclear for 2019-07
2026-08-24 20:10:26,902 - INFO - Fetching gen_nuclear for 2019-08
2026-08-24 20:10:30,708 - INFO - Fetching gen_nuclear for 2019-09
2026-08-24 20:10:34,364 - INFO - Fetching gen_nuclear for 2019-10
2026-08-24 20:10:37,908 - INFO - Fetching gen_nuclear for 2019-11
2026-08-24 20:10:41,162 - INFO - Fetching gen_nuclear for 2019-12
2026-08-24 20:10:44,206 - INFO - Fetching gen_nuclear for 2020-01
2026-08-24 20:10:47,597 - INFO - Fetching gen_nuclear for 2020-02
2026-08-24 20:10:50,749 - INFO - Fetching gen_nuclear for 2020-03
2026-08-24 20:10:54,030 - INFO - Fetching gen_nuclear for 2020-04
2026-08-24 20:10:57,593 - INFO - Fetching gen_nuclear for 2020-05
2026-08-24 20:11:00,914 - INFO - Fetching gen_nuclear for 2020-06
2026-08-24 20:11:03,643 - INFO - Fetching gen_nuclear for 2020-07
2026-08-24 20:11:06,743 - INFO - Fetching gen_nuclear for 2020-08
2026-08-24 20:11:10,935 - INFO - Fetching gen_nuclear for 2020-09
2026-08-24 20:11:13,966 - INFO - Fetching gen_nuclear for 2020-10
2026-08-24 20:11:17,176 - INFO - Fetching gen_nuclear for 2020-11
2026-08-24 20:11:19,906 - INFO - Fetching gen_nuclear for 2020-12
2026-08-24 20:11:22,819 - INFO - Fetching gen_nuclear for 2021-01
2026-08-24 20:11:27,378 - INFO - Fetching gen_nuclear for 2021-02
2026-08-24 20:11:30,341 - INFO - Fetching gen_nuclear for 2021-03
2026-08-24 20:11:33,600 - INFO - Fetching gen_nuclear for 2021-04
2026-08-24 20:11:36,724 - INFO - Fetching gen_nuclear for 2021-05
2026-08-24 20:11:39,511 - INFO - Fetching gen_nuclear for 2021-06
2026-08-24 20:11:43,664 - INFO - Fetching gen_nuclear for 2021-07
2026-08-24 20:11:47,131 - INFO - Fetching gen_nuclear for 2021-08
2026-08-24 20:11:50,455 - INFO - Fetching gen_nuclear for 2021-09
2026-08-24 20:11:53,477 - INFO - Fetching gen_nuclear for 2021-10
2026-08-24 20:11:56,725 - INFO - Fetching gen_nuclear for 2021-11
2026-08-24 20:12:00,139 - INFO - Fetching gen_nuclear for 2021-12
2026-08-24 20:12:03,198 - INFO - Fetching gen_nuclear for 2022-01
2026-08-24 20:12:06,087 - INFO - Fetching gen_nuclear for 2022-02
2026-08-24 20:12:10,635 - INFO - Fetching gen_nuclear for 2022-03
2026-08-24 20:12:13,663 - INFO - Fetching gen_nuclear for 2022-04
2026-08-24 20:12:16,909 - INFO - Fetching gen_nuclear for 2022-05
2026-08-24 20:12:22,676 - INFO - Fetching gen_nuclear for 2022-06
2026-08-24 20:12:27,544 - INFO - Fetching gen_nuclear for 2022-07
2026-08-24 20:12:33,756 - INFO - Fetching gen_nuclear for 2022-08
2026-08-24 20:12:38,485 - INFO - Fetching gen_nuclear for 2022-09
2026-08-24 20:12:43,539 - INFO - Fetching gen_nuclear for 2022-10
2026-08-24 20:12:49,699 - INFO - Fetching gen_nuclear for 2022-11
2026-08-24 20:12:54,756 - INFO - Fetching gen_nuclear for 2022-12
2026-08-24 20:13:00,133 - INFO - Fetching gen_nuclear for 2023-01
2026-08-24 20:13:06,120 - INFO - Fetching gen_nuclear for 2023-02
2026-08-24 20:13:10,799 - INFO - Fetching gen_nuclear for 2023-03
2026-08-24 20:13:15,641 - INFO - Fetching gen_nuclear for 2023-04
2026-08-24 20:13:20,756 - INFO - Fetching gen_nuclear for 2023-05
2026-08-24 20:13:27,241 - INFO - Fetching gen_nuclear for 2023-06
2026-08-24 20:13:32,472 - INFO - Fetching gen_nuclear for 2023-07
2026-08-24 20:13:36,483 - INFO - Fetching gen_nuclear for 2023-08
2026-08-24 20:13:41,303 - INFO - Fetching gen_nuclear for 2023-09
2026-08-24 20:13:56,451 - INFO - Fetching gen_nuclear for 2023-10
2026-08-24 20:14:02,435 - INFO - Fetching gen_nuclear for 2023-11
2026-08-24 20:14:07,646 - INFO - Fetching gen_nuclear for 2023-12
2026-08-24 20:14:12,479 - INFO - Fetching gen_nuclear for 2024-01
2026-08-24 20:14:17,515 - INFO - Fetching gen_nuclear for 2024-02
2026-08-24 20:14:23,010 - INFO - Fetching gen_nuclear for 2024-03
2026-08-24 20:14:28,220 - INFO - Fetching gen_nuclear for 2024-04
2026-08-24 20:14:32,546 - INFO - Fetching gen_nuclear for 2024-05
2026-08-24 20:14:37,070 - INFO - Fetching gen_nuclear for 2024-06
2026-08-24 20:14:41,750 - INFO - Fetching gen_nuclear for 2024-07
2026-08-24 20:14:46,773 - INFO - Fetching gen_nuclear for 2024-08
2026-08-24 20:14:52,147 - INFO - Fetching gen_nuclear for 2024-09
2026-08-24 20:14:56,830 - INFO - Fetching gen_nuclear for 2024-10
2026-08-24 20:15:01,933 - INFO - Fetching gen_nuclear for 2024-11
2026-08-24 20:15:06,830 - INFO - Fetching gen_nuclear for 2024-12
2026-08-24 20:15:10,845 - INFO - Fetching gen_nuclear for 2025-01
2026-08-24 20:15:15,405 - INFO - Fetching gen_nuclear for 2025-02
2026-08-24 20:15:20,629 - INFO - Fetching gen_nuclear for 2025-03
2026-08-24 20:15:25,899 - INFO - Fetching gen_nuclear for 2025-04
2026-08-24 20:18:51,579 - ERROR - Error for indicator 549: [WinError 10053] An established connection was aborted by the software in your host machine. Retrying in 2s...
2026-08-24 20:18:56,069 - INFO - Fetching gen_nuclear for 2025-05
2026-08-24 20:19:02,902 - INFO - Fetching gen_nuclear for 2025-06
2026-08-24 20:19:07,184 - INFO - Fetching gen_nuclear for 2025-07
2026-08-24 20:19:12,262 - INFO - Fetching gen_nuclear for 2025-08
2026-08-24 20:19:16,979 - INFO - Fetching gen_nuclear for 2025-09
2026-08-24 20:19:24,245 - INFO - Fetching gen_nuclear for 2025-10
2026-08-24 20:19:35,055 - INFO - Fetching gen_nuclear for 2025-11
2026-08-24 20:19:42,131 - INFO - Fetching gen_nuclear for 2025-12
2026-08-24 20:19:46,571 - INFO - Saved 96432 records to data/processed/grid_telemetry\gen_nuclear.csv
2026-08-24 20:19:46,575 - INFO - --- Starting download for gen_ccgt (ID: 550) ---
2026-08-24 20:19:46,585 - INFO - Fetching gen_ccgt for 2015-01
2026-08-24 20:19:50,154 - INFO - Fetching gen_ccgt for 2015-02
2026-08-24 20:19:53,014 - INFO - Fetching gen_ccgt for 2015-03
2026-08-24 20:19:55,973 - INFO - Fetching gen_ccgt for 2015-04
2026-08-24 20:19:59,078 - INFO - Fetching gen_ccgt for 2015-05
2026-08-24 20:20:02,404 - INFO - Fetching gen_ccgt for 2015-06
2026-08-24 20:20:05,294 - INFO - Fetching gen_ccgt for 2015-07
2026-08-24 20:20:07,995 - INFO - Fetching gen_ccgt for 2015-08
2026-08-24 20:20:11,020 - INFO - Fetching gen_ccgt for 2015-09
2026-08-24 20:20:14,753 - INFO - Fetching gen_ccgt for 2015-10
2026-08-24 20:20:17,828 - INFO - Fetching gen_ccgt for 2015-11
2026-08-24 20:20:20,624 - INFO - Fetching gen_ccgt for 2015-12
2026-08-24 20:20:30,250 - INFO - Fetching gen_ccgt for 2016-01
2026-08-24 20:20:33,505 - INFO - Fetching gen_ccgt for 2016-02
2026-08-24 20:20:37,049 - INFO - Fetching gen_ccgt for 2016-03
2026-08-24 20:20:40,962 - INFO - Fetching gen_ccgt for 2016-04
2026-08-24 20:20:45,161 - INFO - Fetching gen_ccgt for 2016-05
2026-08-24 20:20:48,418 - INFO - Fetching gen_ccgt for 2016-06
2026-08-24 20:20:51,950 - INFO - Fetching gen_ccgt for 2016-07
2026-08-24 20:20:55,266 - INFO - Fetching gen_ccgt for 2016-08
2026-08-24 20:20:58,104 - INFO - Fetching gen_ccgt for 2016-09
2026-08-24 20:21:01,611 - INFO - Fetching gen_ccgt for 2016-10
2026-08-24 20:21:04,906 - INFO - Fetching gen_ccgt for 2016-11
2026-08-24 20:21:07,910 - INFO - Fetching gen_ccgt for 2016-12
2026-08-24 20:21:10,736 - INFO - Fetching gen_ccgt for 2017-01
2026-08-24 20:21:13,565 - INFO - Fetching gen_ccgt for 2017-02
2026-08-24 20:21:16,303 - INFO - Fetching gen_ccgt for 2017-03
2026-08-24 20:21:20,438 - INFO - Fetching gen_ccgt for 2017-04
2026-08-24 20:21:23,165 - INFO - Fetching gen_ccgt for 2017-05
2026-08-24 20:21:26,953 - INFO - Fetching gen_ccgt for 2017-06
2026-08-24 20:21:31,312 - INFO - Fetching gen_ccgt for 2017-07
2026-08-24 20:21:34,411 - INFO - Fetching gen_ccgt for 2017-08
2026-08-24 20:21:37,563 - INFO - Fetching gen_ccgt for 2017-09
2026-08-24 20:21:40,397 - INFO - Fetching gen_ccgt for 2017-10
2026-08-24 20:21:51,993 - INFO - Fetching gen_ccgt for 2017-11
2026-08-24 20:21:54,785 - INFO - Fetching gen_ccgt for 2017-12
2026-08-24 20:21:58,035 - INFO - Fetching gen_ccgt for 2018-01
2026-08-24 20:22:00,770 - INFO - Fetching gen_ccgt for 2018-02
2026-08-24 20:22:03,800 - INFO - Fetching gen_ccgt for 2018-03
2026-08-24 20:22:07,053 - INFO - Fetching gen_ccgt for 2018-04
2026-08-24 20:22:09,899 - INFO - Fetching gen_ccgt for 2018-05
2026-08-24 20:22:12,698 - INFO - Fetching gen_ccgt for 2018-06
2026-08-24 20:22:15,618 - INFO - Fetching gen_ccgt for 2018-07
2026-08-24 20:22:19,287 - INFO - Fetching gen_ccgt for 2018-08
2026-08-24 20:22:24,978 - INFO - Fetching gen_ccgt for 2018-09
2026-08-24 20:22:30,995 - INFO - Fetching gen_ccgt for 2018-10
2026-08-24 20:22:34,227 - INFO - Fetching gen_ccgt for 2018-11
2026-08-24 20:22:37,013 - INFO - Fetching gen_ccgt for 2018-12
2026-08-24 20:22:40,377 - INFO - Fetching gen_ccgt for 2019-01
2026-08-24 20:22:43,693 - INFO - Fetching gen_ccgt for 2019-02
2026-08-24 20:22:46,922 - INFO - Fetching gen_ccgt for 2019-03
2026-08-24 20:22:50,604 - INFO - Fetching gen_ccgt for 2019-04
2026-08-24 20:22:54,399 - INFO - Fetching gen_ccgt for 2019-05
2026-08-24 20:22:57,261 - INFO - Fetching gen_ccgt for 2019-06
2026-08-24 20:23:02,836 - INFO - Fetching gen_ccgt for 2019-07
2026-08-24 20:23:05,788 - INFO - Fetching gen_ccgt for 2019-08
2026-08-24 20:23:09,148 - INFO - Fetching gen_ccgt for 2019-09
2026-08-24 20:23:11,926 - INFO - Fetching gen_ccgt for 2019-10
2026-08-24 20:23:15,292 - INFO - Fetching gen_ccgt for 2019-11
2026-08-24 20:23:19,211 - INFO - Fetching gen_ccgt for 2019-12
2026-08-24 20:23:23,430 - INFO - Fetching gen_ccgt for 2020-01
2026-08-24 20:23:26,221 - INFO - Fetching gen_ccgt for 2020-02
2026-08-24 20:23:29,437 - INFO - Fetching gen_ccgt for 2020-03
2026-08-24 20:23:32,950 - INFO - Fetching gen_ccgt for 2020-04
2026-08-24 20:23:35,960 - INFO - Fetching gen_ccgt for 2020-05
2026-08-24 20:23:39,520 - INFO - Fetching gen_ccgt for 2020-06
2026-08-24 20:23:42,637 - INFO - Fetching gen_ccgt for 2020-07
2026-08-24 20:23:45,503 - INFO - Fetching gen_ccgt for 2020-08
2026-08-24 20:23:48,516 - INFO - Fetching gen_ccgt for 2020-09
2026-08-24 20:23:52,246 - INFO - Fetching gen_ccgt for 2020-10
2026-08-24 20:23:55,659 - INFO - Fetching gen_ccgt for 2020-11
2026-08-24 20:23:58,913 - INFO - Fetching gen_ccgt for 2020-12
2026-08-24 20:24:01,971 - INFO - Fetching gen_ccgt for 2021-01
2026-08-24 20:24:05,787 - INFO - Fetching gen_ccgt for 2021-02
2026-08-24 20:24:08,796 - INFO - Fetching gen_ccgt for 2021-03
2026-08-24 20:24:15,399 - INFO - Fetching gen_ccgt for 2021-04
2026-08-24 20:24:18,278 - INFO - Fetching gen_ccgt for 2021-05
2026-08-24 20:24:22,328 - INFO - Fetching gen_ccgt for 2021-06
2026-08-24 20:24:25,585 - INFO - Fetching gen_ccgt for 2021-07
2026-08-24 20:24:28,965 - INFO - Fetching gen_ccgt for 2021-08
2026-08-24 20:24:32,446 - INFO - Fetching gen_ccgt for 2021-09
2026-08-24 20:24:36,485 - INFO - Fetching gen_ccgt for 2021-10
2026-08-24 20:24:41,896 - INFO - Fetching gen_ccgt for 2021-11
2026-08-24 20:24:46,438 - INFO - Fetching gen_ccgt for 2021-12
2026-08-24 20:24:49,335 - INFO - Fetching gen_ccgt for 2022-01
2026-08-24 20:24:53,004 - INFO - Fetching gen_ccgt for 2022-02
2026-08-24 20:25:01,592 - INFO - Fetching gen_ccgt for 2022-03
2026-08-24 20:25:05,654 - INFO - Fetching gen_ccgt for 2022-04
2026-08-24 20:25:08,536 - INFO - Fetching gen_ccgt for 2022-05
2026-08-24 20:25:11,884 - INFO - Fetching gen_ccgt for 2022-06
2026-08-24 20:25:15,892 - INFO - Fetching gen_ccgt for 2022-07
2026-08-24 20:25:20,639 - INFO - Fetching gen_ccgt for 2022-08
2026-08-24 20:25:25,117 - INFO - Fetching gen_ccgt for 2022-09
2026-08-24 20:25:30,026 - INFO - Fetching gen_ccgt for 2022-10
2026-08-24 20:25:35,342 - INFO - Fetching gen_ccgt for 2022-11
2026-08-24 20:25:40,417 - INFO - Fetching gen_ccgt for 2022-12
2026-08-24 20:25:45,136 - INFO - Fetching gen_ccgt for 2023-01
2026-08-24 20:25:49,489 - INFO - Fetching gen_ccgt for 2023-02
2026-08-24 20:25:56,129 - INFO - Fetching gen_ccgt for 2023-03
2026-08-24 20:26:01,639 - INFO - Fetching gen_ccgt for 2023-04
2026-08-24 20:26:06,284 - INFO - Fetching gen_ccgt for 2023-05
2026-08-24 20:26:10,875 - INFO - Fetching gen_ccgt for 2023-06
2026-08-24 20:26:16,567 - INFO - Fetching gen_ccgt for 2023-07
2026-08-24 20:26:22,110 - INFO - Fetching gen_ccgt for 2023-08
2026-08-24 20:26:26,891 - INFO - Fetching gen_ccgt for 2023-09
2026-08-24 20:26:32,558 - INFO - Fetching gen_ccgt for 2023-10
2026-08-24 20:26:38,668 - INFO - Fetching gen_ccgt for 2023-11
2026-08-24 20:26:43,559 - INFO - Fetching gen_ccgt for 2023-12
2026-08-24 20:26:48,226 - INFO - Fetching gen_ccgt for 2024-01
2026-08-24 20:26:52,812 - INFO - Fetching gen_ccgt for 2024-02
2026-08-24 20:26:58,284 - INFO - Fetching gen_ccgt for 2024-03
2026-08-24 20:27:03,896 - INFO - Fetching gen_ccgt for 2024-04
2026-08-24 20:27:08,372 - INFO - Fetching gen_ccgt for 2024-05
2026-08-24 20:27:12,570 - INFO - Fetching gen_ccgt for 2024-06
2026-08-24 20:27:16,891 - INFO - Fetching gen_ccgt for 2024-07
2026-08-24 20:27:22,076 - INFO - Fetching gen_ccgt for 2024-08
2026-08-24 20:27:27,011 - INFO - Fetching gen_ccgt for 2024-09
2026-08-24 20:27:32,466 - INFO - Fetching gen_ccgt for 2024-10
2026-08-24 20:27:38,453 - INFO - Fetching gen_ccgt for 2024-11
2026-08-24 20:27:43,398 - INFO - Fetching gen_ccgt for 2024-12
2026-08-24 20:27:49,359 - INFO - Fetching gen_ccgt for 2025-01
2026-08-24 20:27:54,656 - INFO - Fetching gen_ccgt for 2025-02
2026-08-24 20:27:59,044 - INFO - Fetching gen_ccgt for 2025-03
2026-08-24 20:28:03,455 - INFO - Fetching gen_ccgt for 2025-04
2026-08-24 20:28:07,779 - INFO - Fetching gen_ccgt for 2025-05
2026-08-24 20:28:13,020 - INFO - Fetching gen_ccgt for 2025-06
2026-08-24 20:28:17,692 - INFO - Fetching gen_ccgt for 2025-07
2026-08-24 20:28:22,303 - INFO - Fetching gen_ccgt for 2025-08
2026-08-24 20:28:27,230 - INFO - Fetching gen_ccgt for 2025-09
2026-08-24 20:28:32,080 - INFO - Fetching gen_ccgt for 2025-10
2026-08-24 20:28:40,346 - INFO - Fetching gen_ccgt for 2025-11
2026-08-24 20:28:45,016 - INFO - Fetching gen_ccgt for 2025-12
2026-08-24 20:28:49,391 - INFO - Saved 96432 records to data/processed/grid_telemetry\gen_ccgt.csv
2026-08-24 20:28:49,395 - INFO - --- Starting download for gen_wind (ID: 551) ---
2026-08-24 20:28:49,405 - INFO - Fetching gen_wind for 2015-01
2026-08-24 20:28:52,256 - INFO - Fetching gen_wind for 2015-02
2026-08-24 20:28:55,247 - INFO - Fetching gen_wind for 2015-03
2026-08-24 20:28:58,035 - INFO - Fetching gen_wind for 2015-04
2026-08-24 20:29:01,348 - INFO - Fetching gen_wind for 2015-05
2026-08-24 20:29:04,996 - INFO - Fetching gen_wind for 2015-06
2026-08-24 20:29:08,503 - INFO - Fetching gen_wind for 2015-07
2026-08-24 20:29:12,066 - INFO - Fetching gen_wind for 2015-08
2026-08-24 20:29:14,994 - INFO - Fetching gen_wind for 2015-09
2026-08-24 20:29:17,734 - INFO - Fetching gen_wind for 2015-10
2026-08-24 20:29:21,246 - INFO - Fetching gen_wind for 2015-11
2026-08-24 20:29:24,074 - INFO - Fetching gen_wind for 2015-12
2026-08-24 20:29:27,372 - INFO - Fetching gen_wind for 2016-01
2026-08-24 20:29:31,172 - INFO - Fetching gen_wind for 2016-02
2026-08-24 20:29:34,302 - INFO - Fetching gen_wind for 2016-03
2026-08-24 20:29:37,581 - INFO - Fetching gen_wind for 2016-04
2026-08-24 20:29:58,023 - INFO - Fetching gen_wind for 2016-05
2026-08-24 20:30:01,664 - INFO - Fetching gen_wind for 2016-06
2026-08-24 20:30:06,630 - INFO - Fetching gen_wind for 2016-07
2026-08-24 20:30:09,890 - INFO - Fetching gen_wind for 2016-08
2026-08-24 20:30:12,957 - INFO - Fetching gen_wind for 2016-09
2026-08-24 20:30:15,823 - INFO - Fetching gen_wind for 2016-10
2026-08-24 20:30:19,369 - INFO - Fetching gen_wind for 2016-11
2026-08-24 20:30:22,339 - INFO - Fetching gen_wind for 2016-12
2026-08-24 20:30:25,372 - INFO - Fetching gen_wind for 2017-01
2026-08-24 20:30:28,291 - INFO - Fetching gen_wind for 2017-02
2026-08-24 20:30:31,061 - INFO - Fetching gen_wind for 2017-03
2026-08-24 20:30:34,969 - INFO - Fetching gen_wind for 2017-04
2026-08-24 20:30:38,230 - INFO - Fetching gen_wind for 2017-05
2026-08-24 20:30:42,728 - INFO - Fetching gen_wind for 2017-06
2026-08-24 20:30:45,856 - INFO - Fetching gen_wind for 2017-07
2026-08-24 20:30:49,665 - INFO - Fetching gen_wind for 2017-08
2026-08-24 20:30:52,771 - INFO - Fetching gen_wind for 2017-09
2026-08-24 20:30:55,894 - INFO - Fetching gen_wind for 2017-10
2026-08-24 20:30:59,504 - INFO - Fetching gen_wind for 2017-11
2026-08-24 20:31:02,615 - INFO - Fetching gen_wind for 2017-12
2026-08-24 20:31:08,447 - INFO - Fetching gen_wind for 2018-01
2026-08-24 20:31:11,987 - INFO - Fetching gen_wind for 2018-02
2026-08-24 20:31:15,861 - INFO - Fetching gen_wind for 2018-03
2026-08-24 20:31:19,046 - INFO - Fetching gen_wind for 2018-04
2026-08-24 20:31:23,542 - INFO - Fetching gen_wind for 2018-05
2026-08-24 20:31:27,437 - INFO - Fetching gen_wind for 2018-06
2026-08-24 20:31:32,498 - INFO - Fetching gen_wind for 2018-07
2026-08-24 20:31:35,762 - INFO - Fetching gen_wind for 2018-08
2026-08-24 20:31:38,913 - INFO - Fetching gen_wind for 2018-09
2026-08-24 20:31:41,683 - INFO - Fetching gen_wind for 2018-10
2026-08-24 20:31:45,602 - INFO - Fetching gen_wind for 2018-11
2026-08-24 20:31:49,276 - INFO - Fetching gen_wind for 2018-12
2026-08-24 20:31:52,257 - INFO - Fetching gen_wind for 2019-01
2026-08-24 20:31:55,194 - INFO - Fetching gen_wind for 2019-02
2026-08-24 20:31:58,492 - INFO - Fetching gen_wind for 2019-03
2026-08-24 20:32:02,463 - INFO - Fetching gen_wind for 2019-04
2026-08-24 20:32:05,948 - INFO - Fetching gen_wind for 2019-05
2026-08-24 20:32:09,799 - INFO - Fetching gen_wind for 2019-06
2026-08-24 20:32:12,707 - INFO - Fetching gen_wind for 2019-07
2026-08-24 20:32:17,496 - INFO - Fetching gen_wind for 2019-08
2026-08-24 20:32:21,920 - INFO - Fetching gen_wind for 2019-09
2026-08-24 20:32:24,715 - INFO - Fetching gen_wind for 2019-10
2026-08-24 20:32:29,267 - INFO - Fetching gen_wind for 2019-11
2026-08-24 20:32:32,326 - INFO - Fetching gen_wind for 2019-12
2026-08-24 20:32:35,298 - INFO - Fetching gen_wind for 2020-01
2026-08-24 20:32:38,657 - INFO - Fetching gen_wind for 2020-02
2026-08-24 20:32:41,997 - INFO - Fetching gen_wind for 2020-03
2026-08-24 20:32:45,611 - INFO - Fetching gen_wind for 2020-04
2026-08-24 20:32:48,565 - INFO - Fetching gen_wind for 2020-05
2026-08-24 20:32:51,743 - INFO - Fetching gen_wind for 2020-06
2026-08-24 20:32:54,728 - INFO - Fetching gen_wind for 2020-07
2026-08-24 20:32:58,014 - INFO - Fetching gen_wind for 2020-08
2026-08-24 20:33:04,243 - INFO - Fetching gen_wind for 2020-09
2026-08-24 20:33:08,404 - INFO - Fetching gen_wind for 2020-10
2026-08-24 20:33:12,951 - INFO - Fetching gen_wind for 2020-11
2026-08-24 20:33:16,153 - INFO - Fetching gen_wind for 2020-12
2026-08-24 20:33:19,291 - INFO - Fetching gen_wind for 2021-01
2026-08-24 20:33:23,195 - INFO - Fetching gen_wind for 2021-02
2026-08-24 20:33:25,920 - INFO - Fetching gen_wind for 2021-03
2026-08-24 20:33:29,015 - INFO - Fetching gen_wind for 2021-04
2026-08-24 20:33:32,214 - INFO - Fetching gen_wind for 2021-05
2026-08-24 20:33:36,115 - INFO - Fetching gen_wind for 2021-06
2026-08-24 20:33:39,006 - INFO - Fetching gen_wind for 2021-07
2026-08-24 20:33:41,894 - INFO - Fetching gen_wind for 2021-08
2026-08-24 20:33:44,795 - INFO - Fetching gen_wind for 2021-09
2026-08-24 20:33:47,819 - INFO - Fetching gen_wind for 2021-10
2026-08-24 20:33:52,379 - INFO - Fetching gen_wind for 2021-11
2026-08-24 20:33:55,623 - INFO - Fetching gen_wind for 2021-12
2026-08-24 20:33:58,589 - INFO - Fetching gen_wind for 2022-01
2026-08-24 20:34:01,764 - INFO - Fetching gen_wind for 2022-02
2026-08-24 20:34:04,835 - INFO - Fetching gen_wind for 2022-03
2026-08-24 20:34:07,946 - INFO - Fetching gen_wind for 2022-04
2026-08-24 20:34:10,883 - INFO - Fetching gen_wind for 2022-05
2026-08-24 20:34:14,688 - INFO - Fetching gen_wind for 2022-06
2026-08-24 20:34:18,869 - INFO - Fetching gen_wind for 2022-07
2026-08-24 20:34:23,207 - INFO - Fetching gen_wind for 2022-08
2026-08-24 20:34:27,936 - INFO - Fetching gen_wind for 2022-09
2026-08-24 20:34:32,365 - INFO - Fetching gen_wind for 2022-10
2026-08-24 20:34:42,334 - INFO - Fetching gen_wind for 2022-11
2026-08-24 20:34:46,998 - INFO - Fetching gen_wind for 2022-12
2026-08-24 20:34:51,155 - INFO - Fetching gen_wind for 2023-01
2026-08-24 20:34:57,730 - INFO - Fetching gen_wind for 2023-02
2026-08-24 20:35:03,918 - INFO - Fetching gen_wind for 2023-03
2026-08-24 20:35:08,542 - INFO - Fetching gen_wind for 2023-04
2026-08-24 20:35:12,769 - INFO - Fetching gen_wind for 2023-05
2026-08-24 20:35:19,193 - INFO - Fetching gen_wind for 2023-06
2026-08-24 20:35:28,009 - INFO - Fetching gen_wind for 2023-07
2026-08-24 20:35:33,209 - INFO - Fetching gen_wind for 2023-08
2026-08-24 20:35:37,823 - INFO - Fetching gen_wind for 2023-09
2026-08-24 20:35:42,781 - INFO - Fetching gen_wind for 2023-10
2026-08-24 20:35:47,749 - INFO - Fetching gen_wind for 2023-11
2026-08-24 20:35:52,782 - INFO - Fetching gen_wind for 2023-12
2026-08-24 20:35:57,936 - INFO - Fetching gen_wind for 2024-01
2026-08-24 20:36:02,854 - INFO - Fetching gen_wind for 2024-02
2026-08-24 20:36:07,225 - INFO - Fetching gen_wind for 2024-03
2026-08-24 20:36:12,067 - INFO - Fetching gen_wind for 2024-04
2026-08-24 20:36:16,723 - INFO - Fetching gen_wind for 2024-05
2026-08-24 20:36:21,277 - INFO - Fetching gen_wind for 2024-06
2026-08-24 20:36:25,745 - INFO - Fetching gen_wind for 2024-07
2026-08-24 20:36:32,132 - INFO - Fetching gen_wind for 2024-08
2026-08-24 20:36:37,097 - INFO - Fetching gen_wind for 2024-09
2026-08-24 20:36:42,093 - INFO - Fetching gen_wind for 2024-10
2026-08-24 20:36:48,006 - INFO - Fetching gen_wind for 2024-11
2026-08-24 20:36:53,419 - INFO - Fetching gen_wind for 2024-12
2026-08-24 20:36:57,880 - INFO - Fetching gen_wind for 2025-01
2026-08-24 20:37:04,912 - INFO - Fetching gen_wind for 2025-02
2026-08-24 20:37:13,476 - INFO - Fetching gen_wind for 2025-03
2026-08-24 20:37:17,843 - INFO - Fetching gen_wind for 2025-04
2026-08-24 20:37:22,082 - INFO - Fetching gen_wind for 2025-05
2026-08-24 20:37:26,834 - INFO - Fetching gen_wind for 2025-06
2026-08-24 20:37:31,704 - INFO - Fetching gen_wind for 2025-07
2026-08-24 20:37:37,327 - INFO - Fetching gen_wind for 2025-08
2026-08-24 20:37:43,742 - INFO - Fetching gen_wind for 2025-09
2026-08-24 20:37:48,018 - INFO - Fetching gen_wind for 2025-10
2026-08-24 20:37:54,063 - INFO - Fetching gen_wind for 2025-11
2026-08-24 20:37:58,390 - INFO - Fetching gen_wind for 2025-12
2026-08-24 20:38:03,437 - INFO - Saved 96432 records to data/processed/grid_telemetry\gen_wind.csv
2026-08-24 20:38:03,441 - INFO - --- Starting download for gen_solar (ID: 552) ---
2026-08-24 20:38:03,444 - INFO - Fetching gen_solar for 2015-01
2026-08-24 20:38:06,481 - INFO - Fetching gen_solar for 2015-02
2026-08-24 20:38:09,908 - INFO - Fetching gen_solar for 2015-03
2026-08-24 20:38:14,557 - INFO - Fetching gen_solar for 2015-04
2026-08-24 20:38:17,870 - INFO - Fetching gen_solar for 2015-05
2026-08-24 20:38:21,010 - INFO - Fetching gen_solar for 2015-06
2026-08-24 20:38:22,630 - INFO - Fetching gen_solar for 2015-07
2026-08-24 20:38:22,969 - INFO - Fetching gen_solar for 2015-08
2026-08-24 20:38:23,271 - INFO - Fetching gen_solar for 2015-09
2026-08-24 20:38:23,597 - INFO - Fetching gen_solar for 2015-10
2026-08-24 20:38:24,264 - INFO - Fetching gen_solar for 2015-11
2026-08-24 20:38:24,637 - INFO - Fetching gen_solar for 2015-12
2026-08-24 20:38:25,065 - INFO - Fetching gen_solar for 2016-01
2026-08-24 20:38:25,422 - INFO - Fetching gen_solar for 2016-02
2026-08-24 20:38:25,778 - INFO - Fetching gen_solar for 2016-03
2026-08-24 20:38:26,276 - INFO - Fetching gen_solar for 2016-04
2026-08-24 20:38:26,728 - INFO - Fetching gen_solar for 2016-05
2026-08-24 20:38:27,042 - INFO - Fetching gen_solar for 2016-06
2026-08-24 20:38:27,464 - INFO - Fetching gen_solar for 2016-07
2026-08-24 20:38:27,792 - INFO - Fetching gen_solar for 2016-08
2026-08-24 20:38:28,156 - INFO - Fetching gen_solar for 2016-09
2026-08-24 20:38:28,679 - INFO - Fetching gen_solar for 2016-10
2026-08-24 20:38:29,144 - INFO - Fetching gen_solar for 2016-11
2026-08-24 20:38:29,878 - INFO - Fetching gen_solar for 2016-12
2026-08-24 20:38:30,436 - INFO - Fetching gen_solar for 2017-01
2026-08-24 20:38:30,758 - INFO - Fetching gen_solar for 2017-02
2026-08-24 20:38:31,097 - INFO - Fetching gen_solar for 2017-03
2026-08-24 20:38:31,474 - INFO - Fetching gen_solar for 2017-04
2026-08-24 20:38:32,108 - INFO - Fetching gen_solar for 2017-05
2026-08-24 20:38:32,486 - INFO - Fetching gen_solar for 2017-06
2026-08-24 20:38:32,914 - INFO - Fetching gen_solar for 2017-07
2026-08-24 20:38:33,291 - INFO - Fetching gen_solar for 2017-08
2026-08-24 20:38:33,644 - INFO - Fetching gen_solar for 2017-09
2026-08-24 20:38:34,021 - INFO - Fetching gen_solar for 2017-10
2026-08-24 20:38:34,392 - INFO - Fetching gen_solar for 2017-11
2026-08-24 20:38:34,771 - INFO - Fetching gen_solar for 2017-12
2026-08-24 20:38:35,129 - INFO - Fetching gen_solar for 2018-01
2026-08-24 20:38:35,463 - INFO - Fetching gen_solar for 2018-02
2026-08-24 20:38:35,802 - INFO - Fetching gen_solar for 2018-03
2026-08-24 20:38:36,170 - INFO - Fetching gen_solar for 2018-04
2026-08-24 20:38:36,566 - INFO - Fetching gen_solar for 2018-05
2026-08-24 20:38:37,367 - INFO - Fetching gen_solar for 2018-06
2026-08-24 20:38:37,691 - INFO - Fetching gen_solar for 2018-07
2026-08-24 20:38:38,208 - INFO - Fetching gen_solar for 2018-08
2026-08-24 20:38:38,761 - INFO - Fetching gen_solar for 2018-09
2026-08-24 20:38:39,330 - INFO - Fetching gen_solar for 2018-10
2026-08-24 20:38:39,651 - INFO - Fetching gen_solar for 2018-11
2026-08-24 20:38:39,972 - INFO - Fetching gen_solar for 2018-12
2026-08-24 20:38:40,366 - INFO - Fetching gen_solar for 2019-01
2026-08-24 20:38:40,742 - INFO - Fetching gen_solar for 2019-02
2026-08-24 20:38:41,384 - INFO - Fetching gen_solar for 2019-03
2026-08-24 20:38:41,908 - INFO - Fetching gen_solar for 2019-04
2026-08-24 20:38:42,224 - INFO - Fetching gen_solar for 2019-05
2026-08-24 20:38:42,665 - INFO - Fetching gen_solar for 2019-06
2026-08-24 20:38:43,011 - INFO - Fetching gen_solar for 2019-07
2026-08-24 20:38:43,356 - INFO - Fetching gen_solar for 2019-08
2026-08-24 20:38:43,782 - INFO - Fetching gen_solar for 2019-09
2026-08-24 20:38:44,265 - INFO - Fetching gen_solar for 2019-10
2026-08-24 20:38:44,582 - INFO - Fetching gen_solar for 2019-11
2026-08-24 20:38:45,224 - INFO - Fetching gen_solar for 2019-12
2026-08-24 20:38:45,703 - INFO - Fetching gen_solar for 2020-01
2026-08-24 20:38:46,138 - INFO - Fetching gen_solar for 2020-02
2026-08-24 20:38:46,531 - INFO - Fetching gen_solar for 2020-03
2026-08-24 20:38:46,833 - INFO - Fetching gen_solar for 2020-04
2026-08-24 20:38:47,277 - INFO - Fetching gen_solar for 2020-05
2026-08-24 20:38:47,783 - INFO - Fetching gen_solar for 2020-06
2026-08-24 20:38:48,423 - INFO - Fetching gen_solar for 2020-07
2026-08-24 20:38:49,227 - INFO - Fetching gen_solar for 2020-08
2026-08-24 20:38:49,624 - INFO - Fetching gen_solar for 2020-09
2026-08-24 20:38:50,177 - INFO - Fetching gen_solar for 2020-10
2026-08-24 20:38:50,665 - INFO - Fetching gen_solar for 2020-11
2026-08-24 20:38:51,145 - INFO - Fetching gen_solar for 2020-12
2026-08-24 20:38:51,472 - INFO - Fetching gen_solar for 2021-01
2026-08-24 20:38:51,953 - INFO - Fetching gen_solar for 2021-02
2026-08-24 20:38:52,359 - INFO - Fetching gen_solar for 2021-03
2026-08-24 20:38:52,730 - INFO - Fetching gen_solar for 2021-04
2026-08-24 20:38:53,256 - INFO - Fetching gen_solar for 2021-05
2026-08-24 20:38:53,862 - INFO - Fetching gen_solar for 2021-06
2026-08-24 20:38:54,353 - INFO - Fetching gen_solar for 2021-07
2026-08-24 20:38:54,692 - INFO - Fetching gen_solar for 2021-08
2026-08-24 20:38:55,043 - INFO - Fetching gen_solar for 2021-09
2026-08-24 20:38:55,474 - INFO - Fetching gen_solar for 2021-10
2026-08-24 20:38:56,011 - INFO - Fetching gen_solar for 2021-11
2026-08-24 20:38:56,427 - INFO - Fetching gen_solar for 2021-12
2026-08-24 20:38:56,752 - INFO - Fetching gen_solar for 2022-01
2026-08-24 20:38:57,235 - INFO - Fetching gen_solar for 2022-02
2026-08-24 20:38:57,616 - INFO - Fetching gen_solar for 2022-03
2026-08-24 20:38:58,283 - INFO - Fetching gen_solar for 2022-04
2026-08-24 20:38:58,985 - INFO - Fetching gen_solar for 2022-05
2026-08-24 20:38:59,463 - INFO - Fetching gen_solar for 2022-06
2026-08-24 20:38:59,943 - INFO - Fetching gen_solar for 2022-07
2026-08-24 20:39:01,634 - INFO - Fetching gen_solar for 2022-08
2026-08-24 20:39:02,113 - INFO - Fetching gen_solar for 2022-09
2026-08-24 20:39:03,835 - INFO - Fetching gen_solar for 2022-10
2026-08-24 20:39:05,840 - INFO - Fetching gen_solar for 2022-11
2026-08-24 20:39:07,361 - INFO - Fetching gen_solar for 2022-12
2026-08-24 20:39:08,893 - INFO - Fetching gen_solar for 2023-01
2026-08-24 20:39:09,546 - INFO - Fetching gen_solar for 2023-02
2026-08-24 20:39:10,033 - INFO - Fetching gen_solar for 2023-03
2026-08-24 20:39:10,426 - INFO - Fetching gen_solar for 2023-04
2026-08-24 20:39:10,752 - INFO - Fetching gen_solar for 2023-05
2026-08-24 20:39:11,155 - INFO - Fetching gen_solar for 2023-06
2026-08-24 20:39:11,527 - INFO - Fetching gen_solar for 2023-07
2026-08-24 20:39:11,966 - INFO - Fetching gen_solar for 2023-08
2026-08-24 20:39:12,353 - INFO - Fetching gen_solar for 2023-09
2026-08-24 20:39:12,908 - INFO - Fetching gen_solar for 2023-10
2026-08-24 20:39:13,457 - INFO - Fetching gen_solar for 2023-11
2026-08-24 20:39:13,891 - INFO - Fetching gen_solar for 2023-12
2026-08-24 20:39:14,512 - INFO - Fetching gen_solar for 2024-01
2026-08-24 20:39:14,930 - INFO - Fetching gen_solar for 2024-02
2026-08-24 20:39:15,333 - INFO - Fetching gen_solar for 2024-03
2026-08-24 20:39:15,701 - INFO - Fetching gen_solar for 2024-04
2026-08-24 20:39:16,426 - INFO - Fetching gen_solar for 2024-05
2026-08-24 20:39:16,766 - INFO - Fetching gen_solar for 2024-06
2026-08-24 20:39:18,271 - INFO - Fetching gen_solar for 2024-07
2026-08-24 20:39:18,721 - INFO - Fetching gen_solar for 2024-08
2026-08-24 20:39:20,383 - INFO - Fetching gen_solar for 2024-09
2026-08-24 20:39:20,771 - INFO - Fetching gen_solar for 2024-10
2026-08-24 20:39:21,236 - INFO - Fetching gen_solar for 2024-11
2026-08-24 20:39:21,867 - INFO - Fetching gen_solar for 2024-12
2026-08-24 20:39:23,521 - INFO - Fetching gen_solar for 2025-01
2026-08-24 20:39:25,244 - INFO - Fetching gen_solar for 2025-02
2026-08-24 20:39:25,714 - INFO - Fetching gen_solar for 2025-03
2026-08-24 20:39:27,837 - INFO - Fetching gen_solar for 2025-04
2026-08-24 20:39:30,125 - INFO - Fetching gen_solar for 2025-05
2026-08-24 20:39:30,524 - INFO - Fetching gen_solar for 2025-06
2026-08-24 20:39:30,984 - INFO - Fetching gen_solar for 2025-07
2026-08-24 20:39:32,437 - INFO - Fetching gen_solar for 2025-08
2026-08-24 20:39:33,939 - INFO - Fetching gen_solar for 2025-09
2026-08-24 20:39:34,666 - INFO - Fetching gen_solar for 2025-10
2026-08-24 20:39:35,175 - INFO - Fetching gen_solar for 2025-11
2026-08-24 20:39:35,641 - INFO - Fetching gen_solar for 2025-12
2026-08-24 20:39:36,047 - INFO - Saved 6644 records to data/processed/grid_telemetry\gen_solar.csv
2026-08-24 20:39:36,048 - INFO - --- Starting download for gen_solar_thermal (ID: 1294) ---
2026-08-24 20:39:36,058 - INFO - Fetching gen_solar_thermal for 2015-01
2026-08-24 20:39:36,749 - INFO - Fetching gen_solar_thermal for 2015-02
2026-08-24 20:39:37,124 - INFO - Fetching gen_solar_thermal for 2015-03
2026-08-24 20:39:37,473 - INFO - Fetching gen_solar_thermal for 2015-04
2026-08-24 20:39:37,901 - INFO - Fetching gen_solar_thermal for 2015-05
2026-08-24 20:39:38,516 - INFO - Fetching gen_solar_thermal for 2015-06
2026-08-24 20:39:41,255 - INFO - Fetching gen_solar_thermal for 2015-07
2026-08-24 20:39:44,588 - INFO - Fetching gen_solar_thermal for 2015-08
2026-08-24 20:39:47,485 - INFO - Fetching gen_solar_thermal for 2015-09
2026-08-24 20:39:50,756 - INFO - Fetching gen_solar_thermal for 2015-10
2026-08-24 20:39:55,905 - INFO - Fetching gen_solar_thermal for 2015-11
2026-08-24 20:40:00,432 - INFO - Fetching gen_solar_thermal for 2015-12
2026-08-24 20:40:04,351 - INFO - Fetching gen_solar_thermal for 2016-01
2026-08-24 20:40:07,328 - INFO - Fetching gen_solar_thermal for 2016-02
2026-08-24 20:40:10,056 - INFO - Fetching gen_solar_thermal for 2016-03
2026-08-24 20:40:13,143 - INFO - Fetching gen_solar_thermal for 2016-04
2026-08-24 20:40:15,815 - INFO - Fetching gen_solar_thermal for 2016-05
2026-08-24 20:40:19,679 - INFO - Fetching gen_solar_thermal for 2016-06
2026-08-24 20:40:22,773 - INFO - Fetching gen_solar_thermal for 2016-07
2026-08-24 20:40:26,595 - INFO - Fetching gen_solar_thermal for 2016-08
2026-08-24 20:40:29,690 - INFO - Fetching gen_solar_thermal for 2016-09
2026-08-24 20:40:32,735 - INFO - Fetching gen_solar_thermal for 2016-10
2026-08-24 20:40:35,971 - INFO - Fetching gen_solar_thermal for 2016-11
2026-08-24 20:40:38,655 - INFO - Fetching gen_solar_thermal for 2016-12
2026-08-24 20:40:41,682 - INFO - Fetching gen_solar_thermal for 2017-01
2026-08-24 20:40:44,919 - INFO - Fetching gen_solar_thermal for 2017-02
2026-08-24 20:40:48,289 - INFO - Fetching gen_solar_thermal for 2017-03
2026-08-24 20:40:51,423 - INFO - Fetching gen_solar_thermal for 2017-04
2026-08-24 20:40:54,382 - INFO - Fetching gen_solar_thermal for 2017-05
2026-08-24 20:40:57,358 - INFO - Fetching gen_solar_thermal for 2017-06
2026-08-24 20:41:00,241 - INFO - Fetching gen_solar_thermal for 2017-07
2026-08-24 20:41:03,499 - INFO - Fetching gen_solar_thermal for 2017-08
2026-08-24 20:41:07,231 - INFO - Fetching gen_solar_thermal for 2017-09
2026-08-24 20:41:10,131 - INFO - Fetching gen_solar_thermal for 2017-10
2026-08-24 20:41:13,829 - INFO - Fetching gen_solar_thermal for 2017-11
2026-08-24 20:41:17,513 - INFO - Fetching gen_solar_thermal for 2017-12
2026-08-24 20:41:20,865 - INFO - Fetching gen_solar_thermal for 2018-01
2026-08-24 20:41:23,704 - INFO - Fetching gen_solar_thermal for 2018-02
2026-08-24 20:41:26,571 - INFO - Fetching gen_solar_thermal for 2018-03
2026-08-24 20:41:29,608 - INFO - Fetching gen_solar_thermal for 2018-04
2026-08-24 20:41:32,602 - INFO - Fetching gen_solar_thermal for 2018-05
2026-08-24 20:41:35,500 - INFO - Fetching gen_solar_thermal for 2018-06
2026-08-24 20:41:38,511 - INFO - Fetching gen_solar_thermal for 2018-07
2026-08-24 20:41:41,542 - INFO - Fetching gen_solar_thermal for 2018-08
2026-08-24 20:41:44,721 - INFO - Fetching gen_solar_thermal for 2018-09
2026-08-24 20:41:47,824 - INFO - Fetching gen_solar_thermal for 2018-10
2026-08-24 20:41:51,205 - INFO - Fetching gen_solar_thermal for 2018-11
2026-08-24 20:41:54,092 - INFO - Fetching gen_solar_thermal for 2018-12
2026-08-24 20:41:57,256 - INFO - Fetching gen_solar_thermal for 2019-01
2026-08-24 20:42:00,093 - INFO - Fetching gen_solar_thermal for 2019-02
2026-08-24 20:42:03,024 - INFO - Fetching gen_solar_thermal for 2019-03
2026-08-24 20:42:06,480 - INFO - Fetching gen_solar_thermal for 2019-04
2026-08-24 20:42:09,233 - INFO - Fetching gen_solar_thermal for 2019-05
2026-08-24 20:42:12,461 - INFO - Fetching gen_solar_thermal for 2019-06
2026-08-24 20:42:15,408 - INFO - Fetching gen_solar_thermal for 2019-07
2026-08-24 20:42:18,267 - INFO - Fetching gen_solar_thermal for 2019-08
2026-08-24 20:42:21,226 - INFO - Fetching gen_solar_thermal for 2019-09
2026-08-24 20:42:24,350 - INFO - Fetching gen_solar_thermal for 2019-10
2026-08-24 20:42:27,498 - INFO - Fetching gen_solar_thermal for 2019-11
2026-08-24 20:42:30,345 - INFO - Fetching gen_solar_thermal for 2019-12
2026-08-24 20:42:33,343 - INFO - Fetching gen_solar_thermal for 2020-01
2026-08-24 20:42:36,578 - INFO - Fetching gen_solar_thermal for 2020-02
2026-08-24 20:42:40,007 - INFO - Fetching gen_solar_thermal for 2020-03
2026-08-24 20:42:42,841 - INFO - Fetching gen_solar_thermal for 2020-04
2026-08-24 20:42:45,826 - INFO - Fetching gen_solar_thermal for 2020-05
2026-08-24 20:42:48,777 - INFO - Fetching gen_solar_thermal for 2020-06
2026-08-24 20:42:51,881 - INFO - Fetching gen_solar_thermal for 2020-07
2026-08-24 20:42:55,895 - INFO - Fetching gen_solar_thermal for 2020-08
2026-08-24 20:43:04,709 - INFO - Fetching gen_solar_thermal for 2020-09
2026-08-24 20:43:09,576 - INFO - Fetching gen_solar_thermal for 2020-10
2026-08-24 20:43:13,007 - INFO - Fetching gen_solar_thermal for 2020-11
2026-08-24 20:43:16,983 - INFO - Fetching gen_solar_thermal for 2020-12
2026-08-24 20:43:19,842 - INFO - Fetching gen_solar_thermal for 2021-01
2026-08-24 20:43:23,176 - INFO - Fetching gen_solar_thermal for 2021-02
2026-08-24 20:43:25,945 - INFO - Fetching gen_solar_thermal for 2021-03
2026-08-24 20:43:29,604 - INFO - Fetching gen_solar_thermal for 2021-04
2026-08-24 20:43:32,767 - INFO - Fetching gen_solar_thermal for 2021-05
2026-08-24 20:43:35,536 - INFO - Fetching gen_solar_thermal for 2021-06
2026-08-24 20:43:38,488 - INFO - Fetching gen_solar_thermal for 2021-07
2026-08-24 20:43:41,456 - INFO - Fetching gen_solar_thermal for 2021-08
2026-08-24 20:43:45,458 - INFO - Fetching gen_solar_thermal for 2021-09
2026-08-24 20:43:48,616 - INFO - Fetching gen_solar_thermal for 2021-10
2026-08-24 20:43:52,250 - INFO - Fetching gen_solar_thermal for 2021-11
2026-08-24 20:43:55,942 - INFO - Fetching gen_solar_thermal for 2021-12
2026-08-24 20:43:58,797 - INFO - Fetching gen_solar_thermal for 2022-01
2026-08-24 20:44:01,480 - INFO - Fetching gen_solar_thermal for 2022-02
2026-08-24 20:44:04,433 - INFO - Fetching gen_solar_thermal for 2022-03
2026-08-24 20:44:07,478 - INFO - Fetching gen_solar_thermal for 2022-04
2026-08-24 20:44:10,491 - INFO - Fetching gen_solar_thermal for 2022-05
2026-08-24 20:44:14,971 - INFO - Fetching gen_solar_thermal for 2022-06
2026-08-24 20:44:19,575 - INFO - Fetching gen_solar_thermal for 2022-07
2026-08-24 20:44:25,170 - INFO - Fetching gen_solar_thermal for 2022-08
2026-08-24 20:44:29,899 - INFO - Fetching gen_solar_thermal for 2022-09
2026-08-24 20:44:34,072 - INFO - Fetching gen_solar_thermal for 2022-10
2026-08-24 20:44:40,037 - INFO - Fetching gen_solar_thermal for 2022-11
2026-08-24 20:45:04,232 - INFO - Fetching gen_solar_thermal for 2022-12
2026-08-24 20:45:09,749 - INFO - Fetching gen_solar_thermal for 2023-01
2026-08-24 20:45:14,670 - INFO - Fetching gen_solar_thermal for 2023-02
2026-08-24 20:45:20,128 - INFO - Fetching gen_solar_thermal for 2023-03
2026-08-24 20:45:25,519 - INFO - Fetching gen_solar_thermal for 2023-04
2026-08-24 20:45:30,449 - INFO - Fetching gen_solar_thermal for 2023-05
2026-08-24 20:45:35,352 - INFO - Fetching gen_solar_thermal for 2023-06
2026-08-24 20:45:40,300 - INFO - Fetching gen_solar_thermal for 2023-07
2026-08-24 20:45:44,970 - INFO - Fetching gen_solar_thermal for 2023-08
2026-08-24 20:45:49,756 - INFO - Fetching gen_solar_thermal for 2023-09
2026-08-24 20:45:54,159 - INFO - Fetching gen_solar_thermal for 2023-10
2026-08-24 20:45:59,344 - INFO - Fetching gen_solar_thermal for 2023-11
2026-08-24 20:46:03,255 - INFO - Fetching gen_solar_thermal for 2023-12
2026-08-24 20:46:08,243 - INFO - Fetching gen_solar_thermal for 2024-01
2026-08-24 20:46:12,936 - INFO - Fetching gen_solar_thermal for 2024-02
2026-08-24 20:46:17,436 - INFO - Fetching gen_solar_thermal for 2024-03
2026-08-24 20:46:22,390 - INFO - Fetching gen_solar_thermal for 2024-04
2026-08-24 20:46:26,457 - INFO - Fetching gen_solar_thermal for 2024-05
2026-08-24 20:46:32,875 - INFO - Fetching gen_solar_thermal for 2024-06
2026-08-24 20:46:37,646 - INFO - Fetching gen_solar_thermal for 2024-07
2026-08-24 20:46:42,256 - INFO - Fetching gen_solar_thermal for 2024-08
2026-08-24 20:46:46,322 - INFO - Fetching gen_solar_thermal for 2024-09
2026-08-24 20:46:51,010 - INFO - Fetching gen_solar_thermal for 2024-10
2026-08-24 20:46:56,975 - INFO - Fetching gen_solar_thermal for 2024-11
2026-08-24 20:47:02,866 - INFO - Fetching gen_solar_thermal for 2024-12
2026-08-24 20:47:07,620 - INFO - Fetching gen_solar_thermal for 2025-01
2026-08-24 20:47:13,412 - INFO - Fetching gen_solar_thermal for 2025-02
2026-08-24 20:47:17,769 - INFO - Fetching gen_solar_thermal for 2025-03
2026-08-24 20:47:22,004 - INFO - Fetching gen_solar_thermal for 2025-04
2026-08-24 20:47:26,849 - INFO - Fetching gen_solar_thermal for 2025-05
2026-08-24 20:47:31,666 - INFO - Fetching gen_solar_thermal for 2025-06
2026-08-24 20:47:36,357 - INFO - Fetching gen_solar_thermal for 2025-07
2026-08-24 20:47:41,303 - INFO - Fetching gen_solar_thermal for 2025-08
2026-08-24 20:47:46,531 - INFO - Fetching gen_solar_thermal for 2025-09
2026-08-24 20:47:51,293 - INFO - Fetching gen_solar_thermal for 2025-10
2026-08-24 20:48:07,472 - INFO - Fetching gen_solar_thermal for 2025-11
2026-08-24 20:48:12,213 - INFO - Fetching gen_solar_thermal for 2025-12
2026-08-24 20:48:19,380 - INFO - Saved 92764 records to data/processed/grid_telemetry\gen_solar_thermal.csv
2026-08-24 20:48:19,384 - INFO - --- Starting download for gen_solar_pv (ID: 1295) ---
2026-08-24 20:48:19,395 - INFO - Fetching gen_solar_pv for 2015-01
2026-08-24 20:48:20,027 - INFO - Fetching gen_solar_pv for 2015-02
2026-08-24 20:48:20,439 - INFO - Fetching gen_solar_pv for 2015-03
2026-08-24 20:48:20,872 - INFO - Fetching gen_solar_pv for 2015-04
2026-08-24 20:48:21,722 - INFO - Fetching gen_solar_pv for 2015-05
2026-08-24 20:48:22,284 - INFO - Fetching gen_solar_pv for 2015-06
2026-08-24 20:48:25,055 - INFO - Fetching gen_solar_pv for 2015-07
2026-08-24 20:48:27,940 - INFO - Fetching gen_solar_pv for 2015-08
2026-08-24 20:48:31,452 - INFO - Fetching gen_solar_pv for 2015-09
2026-08-24 20:48:34,246 - INFO - Fetching gen_solar_pv for 2015-10
2026-08-24 20:48:37,359 - INFO - Fetching gen_solar_pv for 2015-11
2026-08-24 20:48:40,330 - INFO - Fetching gen_solar_pv for 2015-12
2026-08-24 20:48:46,983 - INFO - Fetching gen_solar_pv for 2016-01
2026-08-24 20:48:50,234 - INFO - Fetching gen_solar_pv for 2016-02
2026-08-24 20:48:53,423 - INFO - Fetching gen_solar_pv for 2016-03
2026-08-24 20:48:56,741 - INFO - Fetching gen_solar_pv for 2016-04
2026-08-24 20:48:59,853 - INFO - Fetching gen_solar_pv for 2016-05
2026-08-24 20:49:06,385 - INFO - Fetching gen_solar_pv for 2016-06
2026-08-24 20:49:09,937 - INFO - Fetching gen_solar_pv for 2016-07
2026-08-24 20:49:13,661 - INFO - Fetching gen_solar_pv for 2016-08
2026-08-24 20:49:16,803 - INFO - Fetching gen_solar_pv for 2016-09
2026-08-24 20:49:20,775 - INFO - Fetching gen_solar_pv for 2016-10
2026-08-24 20:49:24,828 - INFO - Fetching gen_solar_pv for 2016-11
2026-08-24 20:49:27,588 - INFO - Fetching gen_solar_pv for 2016-12
2026-08-24 20:49:30,369 - INFO - Fetching gen_solar_pv for 2017-01
2026-08-24 20:49:33,261 - INFO - Fetching gen_solar_pv for 2017-02
2026-08-24 20:49:35,942 - INFO - Fetching gen_solar_pv for 2017-03
2026-08-24 20:49:38,772 - INFO - Fetching gen_solar_pv for 2017-04
2026-08-24 20:49:41,745 - INFO - Fetching gen_solar_pv for 2017-05
2026-08-24 20:49:44,588 - INFO - Fetching gen_solar_pv for 2017-06
2026-08-24 20:49:47,445 - INFO - Fetching gen_solar_pv for 2017-07
2026-08-24 20:49:50,476 - INFO - Fetching gen_solar_pv for 2017-08
2026-08-24 20:49:53,336 - INFO - Fetching gen_solar_pv for 2017-09
2026-08-24 20:49:56,239 - INFO - Fetching gen_solar_pv for 2017-10
2026-08-24 20:49:59,629 - INFO - Fetching gen_solar_pv for 2017-11
2026-08-24 20:50:02,503 - INFO - Fetching gen_solar_pv for 2017-12
2026-08-24 20:50:05,602 - INFO - Fetching gen_solar_pv for 2018-01
2026-08-24 20:50:08,324 - INFO - Fetching gen_solar_pv for 2018-02
2026-08-24 20:50:11,759 - INFO - Fetching gen_solar_pv for 2018-03
2026-08-24 20:50:15,320 - INFO - Fetching gen_solar_pv for 2018-04
2026-08-24 20:50:18,710 - INFO - Fetching gen_solar_pv for 2018-05
2026-08-24 20:50:21,545 - INFO - Fetching gen_solar_pv for 2018-06
2026-08-24 20:50:24,368 - INFO - Fetching gen_solar_pv for 2018-07
2026-08-24 20:50:28,347 - INFO - Fetching gen_solar_pv for 2018-08
2026-08-24 20:50:32,228 - INFO - Fetching gen_solar_pv for 2018-09
2026-08-24 20:50:35,265 - INFO - Fetching gen_solar_pv for 2018-10
2026-08-24 20:50:38,416 - INFO - Fetching gen_solar_pv for 2018-11
2026-08-24 20:50:42,130 - INFO - Fetching gen_solar_pv for 2018-12
2026-08-24 20:50:45,043 - INFO - Fetching gen_solar_pv for 2019-01
2026-08-24 20:50:48,219 - INFO - Fetching gen_solar_pv for 2019-02
2026-08-24 20:50:51,269 - INFO - Fetching gen_solar_pv for 2019-03
2026-08-24 20:50:54,114 - INFO - Fetching gen_solar_pv for 2019-04
2026-08-24 20:50:57,238 - INFO - Fetching gen_solar_pv for 2019-05
2026-08-24 20:51:00,014 - INFO - Fetching gen_solar_pv for 2019-06
2026-08-24 20:51:02,922 - INFO - Fetching gen_solar_pv for 2019-07
2026-08-24 20:51:51,150 - INFO - Fetching gen_solar_pv for 2019-08
2026-08-24 20:52:04,603 - INFO - Fetching gen_solar_pv for 2019-09
2026-08-24 20:52:14,054 - INFO - Fetching gen_solar_pv for 2019-10
2026-08-24 20:52:30,917 - INFO - Fetching gen_solar_pv for 2019-11
2026-08-24 20:52:37,312 - INFO - Fetching gen_solar_pv for 2019-12
2026-08-24 20:52:40,698 - INFO - Fetching gen_solar_pv for 2020-01
2026-08-24 20:52:44,258 - INFO - Fetching gen_solar_pv for 2020-02
2026-08-24 20:52:47,208 - INFO - Fetching gen_solar_pv for 2020-03
2026-08-24 20:52:50,248 - INFO - Fetching gen_solar_pv for 2020-04
2026-08-24 20:52:53,112 - INFO - Fetching gen_solar_pv for 2020-05
2026-08-24 20:52:56,033 - INFO - Fetching gen_solar_pv for 2020-06
2026-08-24 20:52:59,823 - INFO - Fetching gen_solar_pv for 2020-07
2026-08-24 20:53:04,075 - INFO - Fetching gen_solar_pv for 2020-08
2026-08-24 20:53:07,129 - INFO - Fetching gen_solar_pv for 2020-09
2026-08-24 20:53:10,388 - INFO - Fetching gen_solar_pv for 2020-10
2026-08-24 20:53:13,758 - INFO - Fetching gen_solar_pv for 2020-11
2026-08-24 20:53:16,821 - INFO - Fetching gen_solar_pv for 2020-12
2026-08-24 20:53:19,914 - INFO - Fetching gen_solar_pv for 2021-01
2026-08-24 20:53:23,128 - INFO - Fetching gen_solar_pv for 2021-02
2026-08-24 20:53:26,485 - INFO - Fetching gen_solar_pv for 2021-03
2026-08-24 20:53:29,265 - INFO - Fetching gen_solar_pv for 2021-04
2026-08-24 20:53:32,061 - INFO - Fetching gen_solar_pv for 2021-05
2026-08-24 20:53:34,916 - INFO - Fetching gen_solar_pv for 2021-06
2026-08-24 20:53:38,104 - INFO - Fetching gen_solar_pv for 2021-07
2026-08-24 20:53:40,871 - INFO - Fetching gen_solar_pv for 2021-08
2026-08-24 20:53:43,979 - INFO - Fetching gen_solar_pv for 2021-09
2026-08-24 20:53:47,182 - INFO - Fetching gen_solar_pv for 2021-10
2026-08-24 20:53:50,486 - INFO - Fetching gen_solar_pv for 2021-11
2026-08-24 20:53:53,832 - INFO - Fetching gen_solar_pv for 2021-12
2026-08-24 20:53:56,957 - INFO - Fetching gen_solar_pv for 2022-01
2026-08-24 20:53:59,996 - INFO - Fetching gen_solar_pv for 2022-02
2026-08-24 20:54:02,768 - INFO - Fetching gen_solar_pv for 2022-03
2026-08-24 20:54:05,493 - INFO - Fetching gen_solar_pv for 2022-04
2026-08-24 20:54:08,297 - INFO - Fetching gen_solar_pv for 2022-05
2026-08-24 20:54:11,408 - INFO - Fetching gen_solar_pv for 2022-06
2026-08-24 20:54:15,918 - INFO - Fetching gen_solar_pv for 2022-07
2026-08-24 20:54:21,348 - INFO - Fetching gen_solar_pv for 2022-08
2026-08-24 20:54:26,048 - INFO - Fetching gen_solar_pv for 2022-09
2026-08-24 20:54:30,905 - INFO - Fetching gen_solar_pv for 2022-10
2026-08-24 20:54:36,624 - INFO - Fetching gen_solar_pv for 2022-11
2026-08-24 20:54:41,635 - INFO - Fetching gen_solar_pv for 2022-12
2026-08-24 20:54:46,472 - INFO - Fetching gen_solar_pv for 2023-01
2026-08-24 20:54:50,972 - INFO - Fetching gen_solar_pv for 2023-02
2026-08-24 20:54:56,309 - INFO - Fetching gen_solar_pv for 2023-03
2026-08-24 20:55:01,143 - INFO - Fetching gen_solar_pv for 2023-04
2026-08-24 20:55:05,734 - INFO - Fetching gen_solar_pv for 2023-05
2026-08-24 20:55:10,941 - INFO - Fetching gen_solar_pv for 2023-06
2026-08-24 20:55:14,833 - INFO - Fetching gen_solar_pv for 2023-07
2026-08-24 20:55:19,059 - INFO - Fetching gen_solar_pv for 2023-08
2026-08-24 20:55:23,775 - INFO - Fetching gen_solar_pv for 2023-09
2026-08-24 20:55:29,080 - INFO - Fetching gen_solar_pv for 2023-10
2026-08-24 20:55:34,095 - INFO - Fetching gen_solar_pv for 2023-11
2026-08-24 20:55:39,424 - INFO - Fetching gen_solar_pv for 2023-12
2026-08-24 20:55:43,892 - INFO - Fetching gen_solar_pv for 2024-01
2026-08-24 20:55:50,095 - INFO - Fetching gen_solar_pv for 2024-02
2026-08-24 20:55:54,644 - INFO - Fetching gen_solar_pv for 2024-03
2026-08-24 20:56:07,526 - INFO - Fetching gen_solar_pv for 2024-04
2026-08-24 20:56:13,784 - INFO - Fetching gen_solar_pv for 2024-05
2026-08-24 20:56:18,596 - INFO - Fetching gen_solar_pv for 2024-06
2026-08-24 20:56:23,038 - INFO - Fetching gen_solar_pv for 2024-07
2026-08-24 20:56:28,288 - INFO - Fetching gen_solar_pv for 2024-08
2026-08-24 20:56:35,650 - INFO - Fetching gen_solar_pv for 2024-09
2026-08-24 20:56:40,513 - INFO - Fetching gen_solar_pv for 2024-10
2026-08-24 20:56:46,235 - INFO - Fetching gen_solar_pv for 2024-11
2026-08-24 20:56:56,737 - INFO - Fetching gen_solar_pv for 2024-12
2026-08-24 20:57:01,595 - INFO - Fetching gen_solar_pv for 2025-01
2026-08-24 20:57:09,189 - INFO - Fetching gen_solar_pv for 2025-02
2026-08-24 20:57:14,006 - INFO - Fetching gen_solar_pv for 2025-03
2026-08-24 20:57:18,933 - INFO - Fetching gen_solar_pv for 2025-04
2026-08-24 20:57:23,729 - INFO - Fetching gen_solar_pv for 2025-05
2026-08-24 20:57:28,789 - INFO - Fetching gen_solar_pv for 2025-06
2026-08-24 20:57:33,464 - INFO - Fetching gen_solar_pv for 2025-07
2026-08-24 20:57:39,133 - INFO - Fetching gen_solar_pv for 2025-08
2026-08-24 20:57:43,947 - INFO - Fetching gen_solar_pv for 2025-09
2026-08-24 20:57:48,774 - INFO - Fetching gen_solar_pv for 2025-10
2026-08-24 20:57:54,592 - INFO - Fetching gen_solar_pv for 2025-11
2026-08-24 20:57:58,882 - INFO - Fetching gen_solar_pv for 2025-12
2026-08-24 20:58:06,007 - INFO - Saved 92764 records to data/processed/grid_telemetry\gen_solar_pv.csv
2026-08-24 20:58:06,011 - INFO - --- Starting download for interchanges (ID: 553) ---
2026-08-24 20:58:06,022 - INFO - Fetching interchanges for 2015-01
2026-08-24 20:58:09,141 - INFO - Fetching interchanges for 2015-02
2026-08-24 20:58:12,090 - INFO - Fetching interchanges for 2015-03
2026-08-24 20:58:15,852 - INFO - Fetching interchanges for 2015-04
2026-08-24 20:58:19,125 - INFO - Fetching interchanges for 2015-05
2026-08-24 20:58:22,344 - INFO - Fetching interchanges for 2015-06
2026-08-24 20:58:25,251 - INFO - Fetching interchanges for 2015-07
2026-08-24 20:58:28,260 - INFO - Fetching interchanges for 2015-08
2026-08-24 20:58:31,677 - INFO - Fetching interchanges for 2015-09
2026-08-24 20:58:35,343 - INFO - Fetching interchanges for 2015-10
2026-08-24 20:58:38,405 - INFO - Fetching interchanges for 2015-11
2026-08-24 20:58:41,127 - INFO - Fetching interchanges for 2015-12
2026-08-24 20:58:44,322 - INFO - Fetching interchanges for 2016-01
2026-08-24 20:58:47,275 - INFO - Fetching interchanges for 2016-02
2026-08-24 20:58:50,858 - INFO - Fetching interchanges for 2016-03
2026-08-24 20:58:53,980 - INFO - Fetching interchanges for 2016-04
2026-08-24 20:58:56,737 - INFO - Fetching interchanges for 2016-05
2026-08-24 20:58:59,926 - INFO - Fetching interchanges for 2016-06
2026-08-24 20:59:02,909 - INFO - Fetching interchanges for 2016-07
2026-08-24 20:59:06,034 - INFO - Fetching interchanges for 2016-08
2026-08-24 20:59:09,001 - INFO - Fetching interchanges for 2016-09
2026-08-24 20:59:11,934 - INFO - Fetching interchanges for 2016-10
2026-08-24 20:59:15,339 - INFO - Fetching interchanges for 2016-11
2026-08-24 20:59:18,166 - INFO - Fetching interchanges for 2016-12
2026-08-24 20:59:21,518 - INFO - Fetching interchanges for 2017-01
2026-08-24 20:59:25,222 - INFO - Fetching interchanges for 2017-02
2026-08-24 20:59:28,234 - INFO - Fetching interchanges for 2017-03
2026-08-24 20:59:31,181 - INFO - Fetching interchanges for 2017-04
2026-08-24 20:59:34,152 - INFO - Fetching interchanges for 2017-05
2026-08-24 20:59:36,914 - INFO - Fetching interchanges for 2017-06
2026-08-24 20:59:39,758 - INFO - Fetching interchanges for 2017-07
2026-08-24 20:59:42,573 - INFO - Fetching interchanges for 2017-08
2026-08-24 20:59:45,786 - INFO - Fetching interchanges for 2017-09
2026-08-24 20:59:48,640 - INFO - Fetching interchanges for 2017-10
2026-08-24 21:00:09,607 - INFO - Fetching interchanges for 2017-11
2026-08-24 21:00:21,996 - INFO - Fetching interchanges for 2017-12
2026-08-24 21:00:24,852 - INFO - Fetching interchanges for 2018-01
2026-08-24 21:00:39,232 - INFO - Fetching interchanges for 2018-02
2026-08-24 21:00:51,650 - INFO - Fetching interchanges for 2018-03
2026-08-24 21:01:03,860 - INFO - Fetching interchanges for 2018-04
2026-08-24 21:01:13,001 - INFO - Fetching interchanges for 2018-05
2026-08-24 21:01:29,907 - INFO - Fetching interchanges for 2018-06
2026-08-24 21:01:33,206 - INFO - Fetching interchanges for 2018-07
2026-08-24 21:01:36,009 - INFO - Fetching interchanges for 2018-08
2026-08-24 21:01:39,454 - INFO - Fetching interchanges for 2018-09
2026-08-24 21:01:43,322 - INFO - Fetching interchanges for 2018-10
2026-08-24 21:01:46,672 - INFO - Fetching interchanges for 2018-11
2026-08-24 21:01:50,001 - INFO - Fetching interchanges for 2018-12
2026-08-24 21:01:53,818 - INFO - Fetching interchanges for 2019-01
2026-08-24 21:01:57,564 - INFO - Fetching interchanges for 2019-02
2026-08-24 21:02:01,178 - INFO - Fetching interchanges for 2019-03
2026-08-24 21:02:05,658 - INFO - Fetching interchanges for 2019-04
2026-08-24 21:02:09,005 - INFO - Fetching interchanges for 2019-05
2026-08-24 21:02:11,855 - INFO - Fetching interchanges for 2019-06
2026-08-24 21:02:17,859 - INFO - Fetching interchanges for 2019-07
2026-08-24 21:02:21,145 - INFO - Fetching interchanges for 2019-08
2026-08-24 21:02:24,376 - INFO - Fetching interchanges for 2019-09
2026-08-24 21:02:27,660 - INFO - Fetching interchanges for 2019-10
2026-08-24 21:02:31,410 - INFO - Fetching interchanges for 2019-11
2026-08-24 21:02:35,201 - INFO - Fetching interchanges for 2019-12
2026-08-24 21:02:38,251 - INFO - Fetching interchanges for 2020-01
2026-08-24 21:02:41,507 - INFO - Fetching interchanges for 2020-02
2026-08-24 21:02:44,540 - INFO - Fetching interchanges for 2020-03
2026-08-24 21:02:47,536 - INFO - Fetching interchanges for 2020-04
2026-08-24 21:02:50,301 - INFO - Fetching interchanges for 2020-05
2026-08-24 21:02:53,256 - INFO - Fetching interchanges for 2020-06
2026-08-24 21:02:56,359 - INFO - Fetching interchanges for 2020-07
2026-08-24 21:03:00,520 - INFO - Fetching interchanges for 2020-08
2026-08-24 21:03:04,253 - INFO - Fetching interchanges for 2020-09
2026-08-24 21:03:07,829 - INFO - Fetching interchanges for 2020-10
2026-08-24 21:03:12,087 - INFO - Fetching interchanges for 2020-11
2026-08-24 21:03:15,364 - INFO - Fetching interchanges for 2020-12
2026-08-24 21:03:19,173 - INFO - Fetching interchanges for 2021-01
2026-08-24 21:03:22,134 - INFO - Fetching interchanges for 2021-02
2026-08-24 21:03:24,966 - INFO - Fetching interchanges for 2021-03
2026-08-24 21:03:28,057 - INFO - Fetching interchanges for 2021-04
2026-08-24 21:03:31,366 - INFO - Fetching interchanges for 2021-05
2026-08-24 21:03:34,696 - INFO - Fetching interchanges for 2021-06
2026-08-24 21:03:37,631 - INFO - Fetching interchanges for 2021-07
2026-08-24 21:03:41,725 - INFO - Fetching interchanges for 2021-08
2026-08-24 21:03:44,702 - INFO - Fetching interchanges for 2021-09
2026-08-24 21:03:47,766 - INFO - Fetching interchanges for 2021-10
2026-08-24 21:03:51,563 - INFO - Fetching interchanges for 2021-11
2026-08-24 21:03:54,828 - INFO - Fetching interchanges for 2021-12
2026-08-24 21:03:57,961 - INFO - Fetching interchanges for 2022-01
2026-08-24 21:04:01,282 - INFO - Fetching interchanges for 2022-02
2026-08-24 21:04:04,107 - INFO - Fetching interchanges for 2022-03
2026-08-24 21:04:07,267 - INFO - Fetching interchanges for 2022-04
2026-08-24 21:04:10,260 - INFO - Fetching interchanges for 2022-05
2026-08-24 21:04:13,865 - INFO - Fetching interchanges for 2022-06
2026-08-24 21:04:20,589 - INFO - Fetching interchanges for 2022-07
2026-08-24 21:04:25,342 - INFO - Fetching interchanges for 2022-08
2026-08-24 21:04:30,427 - INFO - Fetching interchanges for 2022-09
2026-08-24 21:04:34,847 - INFO - Fetching interchanges for 2022-10
2026-08-24 21:04:40,903 - INFO - Fetching interchanges for 2022-11
2026-08-24 21:04:45,477 - INFO - Fetching interchanges for 2022-12
2026-08-24 21:04:50,771 - INFO - Fetching interchanges for 2023-01
2026-08-24 21:04:55,631 - INFO - Fetching interchanges for 2023-02
2026-08-24 21:05:00,153 - INFO - Fetching interchanges for 2023-03
2026-08-24 21:05:04,856 - INFO - Fetching interchanges for 2023-04
2026-08-24 21:05:09,043 - INFO - Fetching interchanges for 2023-05
2026-08-24 21:05:39,542 - INFO - Fetching interchanges for 2023-06
2026-08-24 21:06:06,727 - INFO - Fetching interchanges for 2023-07
2026-08-24 21:06:32,174 - INFO - Fetching interchanges for 2023-08
2026-08-24 21:06:48,922 - INFO - Fetching interchanges for 2023-09
2026-08-24 21:06:53,254 - INFO - Fetching interchanges for 2023-10
2026-08-24 21:06:59,008 - INFO - Fetching interchanges for 2023-11
2026-08-24 21:07:24,474 - INFO - Fetching interchanges for 2023-12
2026-08-24 21:07:47,133 - INFO - Fetching interchanges for 2024-01
2026-08-24 21:08:13,655 - INFO - Fetching interchanges for 2024-02
2026-08-24 21:08:36,820 - INFO - Fetching interchanges for 2024-03
2026-08-24 21:08:48,359 - INFO - Fetching interchanges for 2024-04
2026-08-24 21:08:52,652 - INFO - Fetching interchanges for 2024-05
2026-08-24 21:08:57,969 - INFO - Fetching interchanges for 2024-06
2026-08-24 21:09:02,610 - INFO - Fetching interchanges for 2024-07
2026-08-24 21:09:07,090 - INFO - Fetching interchanges for 2024-08
2026-08-24 21:09:11,516 - INFO - Fetching interchanges for 2024-09
2026-08-24 21:09:16,404 - INFO - Fetching interchanges for 2024-10
2026-08-24 21:09:22,137 - INFO - Fetching interchanges for 2024-11
2026-08-24 21:09:27,019 - INFO - Fetching interchanges for 2024-12
2026-08-24 21:09:31,660 - INFO - Fetching interchanges for 2025-01
2026-08-24 21:09:37,103 - INFO - Fetching interchanges for 2025-02
2026-08-24 21:09:41,685 - INFO - Fetching interchanges for 2025-03
2026-08-24 21:09:46,531 - INFO - Fetching interchanges for 2025-04
2026-08-24 21:09:53,239 - INFO - Fetching interchanges for 2025-05
2026-08-24 21:09:57,663 - INFO - Fetching interchanges for 2025-06
2026-08-24 21:10:02,410 - INFO - Fetching interchanges for 2025-07
2026-08-24 21:10:07,673 - INFO - Fetching interchanges for 2025-08
2026-08-24 21:10:12,853 - INFO - Fetching interchanges for 2025-09
2026-08-24 21:10:17,820 - INFO - Fetching interchanges for 2025-10
2026-08-24 21:10:23,685 - INFO - Fetching interchanges for 2025-11
2026-08-24 21:10:28,199 - INFO - Fetching interchanges for 2025-12
2026-08-24 21:10:32,821 - INFO - Saved 96432 records to data/processed/grid_telemetry\interchanges.csv
2026-08-24 21:10:32,826 - INFO - --- Starting download for demand_national (ID: 1293) ---
2026-08-24 21:10:32,841 - INFO - Fetching demand_national for 2015-01
2026-08-24 21:10:36,099 - INFO - Fetching demand_national for 2015-02
2026-08-24 21:10:38,755 - INFO - Fetching demand_national for 2015-03
2026-08-24 21:10:42,172 - INFO - Fetching demand_national for 2015-04
2026-08-24 21:10:45,176 - INFO - Fetching demand_national for 2015-05
2026-08-24 21:10:49,161 - INFO - Fetching demand_national for 2015-06
2026-08-24 21:10:51,858 - INFO - Fetching demand_national for 2015-07
2026-08-24 21:10:54,956 - INFO - Fetching demand_national for 2015-08
2026-08-24 21:10:57,649 - INFO - Fetching demand_national for 2015-09
2026-08-24 21:11:00,861 - INFO - Fetching demand_national for 2015-10
2026-08-24 21:11:03,941 - INFO - Fetching demand_national for 2015-11
2026-08-24 21:11:07,964 - INFO - Fetching demand_national for 2015-12
2026-08-24 21:11:11,488 - INFO - Fetching demand_national for 2016-01
2026-08-24 21:11:14,510 - INFO - Fetching demand_national for 2016-02
2026-08-24 21:11:17,392 - INFO - Fetching demand_national for 2016-03
2026-08-24 21:11:20,577 - INFO - Fetching demand_national for 2016-04
2026-08-24 21:11:23,909 - INFO - Fetching demand_national for 2016-05
2026-08-24 21:11:29,597 - INFO - Fetching demand_national for 2016-06
2026-08-24 21:11:33,488 - INFO - Fetching demand_national for 2016-07
2026-08-24 21:11:36,393 - INFO - Fetching demand_national for 2016-08
2026-08-24 21:11:56,203 - INFO - Fetching demand_national for 2016-09
2026-08-24 21:12:03,984 - INFO - Fetching demand_national for 2016-10
2026-08-24 21:12:07,260 - INFO - Fetching demand_national for 2016-11
2026-08-24 21:12:10,293 - INFO - Fetching demand_national for 2016-12
2026-08-24 21:12:13,263 - INFO - Fetching demand_national for 2017-01
2026-08-24 21:12:16,367 - INFO - Fetching demand_national for 2017-02
2026-08-24 21:12:19,594 - INFO - Fetching demand_national for 2017-03
2026-08-24 21:12:22,714 - INFO - Fetching demand_national for 2017-04
2026-08-24 21:12:25,619 - INFO - Fetching demand_national for 2017-05
2026-08-24 21:12:28,525 - INFO - Fetching demand_national for 2017-06
2026-08-24 21:12:31,561 - INFO - Fetching demand_national for 2017-07
2026-08-24 21:12:34,655 - INFO - Fetching demand_national for 2017-08
2026-08-24 21:12:37,710 - INFO - Fetching demand_national for 2017-09
2026-08-24 21:12:41,138 - INFO - Fetching demand_national for 2017-10
2026-08-24 21:12:44,532 - INFO - Fetching demand_national for 2017-11
2026-08-24 21:12:50,400 - INFO - Fetching demand_national for 2017-12
2026-08-24 21:12:53,435 - INFO - Fetching demand_national for 2018-01
2026-08-24 21:12:56,413 - INFO - Fetching demand_national for 2018-02
2026-08-24 21:13:00,338 - INFO - Fetching demand_national for 2018-03
2026-08-24 21:13:03,057 - INFO - Fetching demand_national for 2018-04
2026-08-24 21:13:05,980 - INFO - Fetching demand_national for 2018-05
2026-08-24 21:13:08,921 - INFO - Fetching demand_national for 2018-06
2026-08-24 21:13:11,843 - INFO - Fetching demand_national for 2018-07
2026-08-24 21:13:15,773 - INFO - Fetching demand_national for 2018-08
2026-08-24 21:13:18,718 - INFO - Fetching demand_national for 2018-09
2026-08-24 21:13:21,908 - INFO - Fetching demand_national for 2018-10
2026-08-24 21:13:24,965 - INFO - Fetching demand_national for 2018-11
2026-08-24 21:13:28,216 - INFO - Fetching demand_national for 2018-12
2026-08-24 21:13:32,255 - INFO - Fetching demand_national for 2019-01
2026-08-24 21:13:35,963 - INFO - Fetching demand_national for 2019-02
2026-08-24 21:13:46,058 - INFO - Fetching demand_national for 2019-03
2026-08-24 21:13:49,289 - INFO - Fetching demand_national for 2019-04
2026-08-24 21:13:52,352 - INFO - Fetching demand_national for 2019-05
2026-08-24 21:13:55,213 - INFO - Fetching demand_national for 2019-06
2026-08-24 21:13:58,129 - INFO - Fetching demand_national for 2019-07
2026-08-24 21:14:01,607 - INFO - Fetching demand_national for 2019-08
2026-08-24 21:14:04,513 - INFO - Fetching demand_national for 2019-09
2026-08-24 21:14:07,514 - INFO - Fetching demand_national for 2019-10
2026-08-24 21:14:10,955 - INFO - Fetching demand_national for 2019-11
2026-08-24 21:14:13,842 - INFO - Fetching demand_national for 2019-12
2026-08-24 21:14:16,990 - INFO - Fetching demand_national for 2020-01
2026-08-24 21:14:19,798 - INFO - Fetching demand_national for 2020-02
2026-08-24 21:14:22,851 - INFO - Fetching demand_national for 2020-03
2026-08-24 21:14:25,604 - INFO - Fetching demand_national for 2020-04
2026-08-24 21:14:28,454 - INFO - Fetching demand_national for 2020-05
2026-08-24 21:14:31,620 - INFO - Fetching demand_national for 2020-06
2026-08-24 21:14:34,528 - INFO - Fetching demand_national for 2020-07
2026-08-24 21:14:38,023 - INFO - Fetching demand_national for 2020-08
2026-08-24 21:14:40,980 - INFO - Fetching demand_national for 2020-09
2026-08-24 21:14:44,176 - INFO - Fetching demand_national for 2020-10
2026-08-24 21:14:48,115 - INFO - Fetching demand_national for 2020-11
2026-08-24 21:14:51,078 - INFO - Fetching demand_national for 2020-12
2026-08-24 21:14:54,297 - INFO - Fetching demand_national for 2021-01
2026-08-24 21:14:57,001 - INFO - Fetching demand_national for 2021-02
2026-08-24 21:14:59,618 - INFO - Fetching demand_national for 2021-03
2026-08-24 21:15:03,048 - INFO - Fetching demand_national for 2021-04
2026-08-24 21:15:06,194 - INFO - Fetching demand_national for 2021-05
2026-08-24 21:15:09,060 - INFO - Fetching demand_national for 2021-06
2026-08-24 21:15:11,783 - INFO - Fetching demand_national for 2021-07
2026-08-24 21:15:15,363 - INFO - Fetching demand_national for 2021-08
2026-08-24 21:15:18,641 - INFO - Fetching demand_national for 2021-09
2026-08-24 21:15:22,075 - INFO - Fetching demand_national for 2021-10
2026-08-24 21:15:25,371 - INFO - Fetching demand_national for 2021-11
2026-08-24 21:15:28,373 - INFO - Fetching demand_national for 2021-12
2026-08-24 21:15:31,332 - INFO - Fetching demand_national for 2022-01
2026-08-24 21:15:34,935 - INFO - Fetching demand_national for 2022-02
2026-08-24 21:15:37,935 - INFO - Fetching demand_national for 2022-03
2026-08-24 21:15:40,912 - INFO - Fetching demand_national for 2022-04
2026-08-24 21:15:43,639 - INFO - Fetching demand_national for 2022-05
2026-08-24 21:15:47,679 - INFO - Fetching demand_national for 2022-06
2026-08-24 21:15:52,514 - INFO - Fetching demand_national for 2022-07
2026-08-24 21:15:58,450 - INFO - Fetching demand_national for 2022-08
2026-08-24 21:16:03,255 - INFO - Fetching demand_national for 2022-09
2026-08-24 21:16:12,389 - INFO - Fetching demand_national for 2022-10
2026-08-24 21:16:18,370 - INFO - Fetching demand_national for 2022-11
2026-08-24 21:16:23,012 - INFO - Fetching demand_national for 2022-12
2026-08-24 21:16:28,253 - INFO - Fetching demand_national for 2023-01
2026-08-24 21:16:33,467 - INFO - Fetching demand_national for 2023-02
2026-08-24 21:16:38,899 - INFO - Fetching demand_national for 2023-03
2026-08-24 21:16:45,022 - INFO - Fetching demand_national for 2023-04
2026-08-24 21:16:49,544 - INFO - Fetching demand_national for 2023-05
2026-08-24 21:16:53,419 - INFO - Fetching demand_national for 2023-06
2026-08-24 21:16:58,061 - INFO - Fetching demand_national for 2023-07
2026-08-24 21:17:03,006 - INFO - Fetching demand_national for 2023-08
2026-08-24 21:17:07,425 - INFO - Fetching demand_national for 2023-09
2026-08-24 21:17:11,782 - INFO - Fetching demand_national for 2023-10
2026-08-24 21:17:17,465 - INFO - Fetching demand_national for 2023-11
2026-08-24 21:17:21,856 - INFO - Fetching demand_national for 2023-12
2026-08-24 21:17:26,995 - INFO - Fetching demand_national for 2024-01
2026-08-24 21:18:04,575 - INFO - Fetching demand_national for 2024-02
2026-08-24 21:18:08,617 - INFO - Fetching demand_national for 2024-03
2026-08-24 21:18:55,062 - INFO - Fetching demand_national for 2024-04
2026-08-24 21:18:59,711 - INFO - Fetching demand_national for 2024-05
2026-08-24 21:19:04,605 - INFO - Fetching demand_national for 2024-06
2026-08-24 21:19:09,339 - INFO - Fetching demand_national for 2024-07
2026-08-24 21:19:13,757 - INFO - Fetching demand_national for 2024-08
2026-08-24 21:19:18,052 - INFO - Fetching demand_national for 2024-09
2026-08-24 21:19:24,039 - INFO - Fetching demand_national for 2024-10
2026-08-24 21:19:30,575 - INFO - Fetching demand_national for 2024-11
2026-08-24 21:19:35,107 - INFO - Fetching demand_national for 2024-12
2026-08-24 21:19:40,433 - INFO - Fetching demand_national for 2025-01
2026-08-24 21:19:44,860 - INFO - Fetching demand_national for 2025-02
2026-08-24 21:19:48,918 - INFO - Fetching demand_national for 2025-03
2026-08-24 21:19:53,371 - INFO - Fetching demand_national for 2025-04
2026-08-24 21:19:58,860 - INFO - Fetching demand_national for 2025-05
2026-08-24 21:20:03,300 - INFO - Fetching demand_national for 2025-06
2026-08-24 21:20:08,113 - INFO - Fetching demand_national for 2025-07
2026-08-24 21:20:12,456 - INFO - Fetching demand_national for 2025-08
2026-08-24 21:20:17,319 - INFO - Fetching demand_national for 2025-09
2026-08-24 21:20:22,255 - INFO - Fetching demand_national for 2025-10
2026-08-24 21:20:27,593 - INFO - Fetching demand_national for 2025-11
2026-08-24 21:20:32,407 - INFO - Fetching demand_national for 2025-12
2026-08-24 21:20:37,358 - INFO - Saved 96432 records to data/processed/grid_telemetry\demand_national.csv
2026-08-24 21:20:37,364 - INFO - --- Starting download for demand_baleares (ID: 10244) ---
2026-08-24 21:20:37,384 - INFO - Fetching demand_baleares for 2015-01
2026-08-24 21:20:39,909 - INFO - Fetching demand_baleares for 2015-02
2026-08-24 21:20:42,569 - INFO - Fetching demand_baleares for 2015-03
2026-08-24 21:20:45,142 - INFO - Fetching demand_baleares for 2015-04
2026-08-24 21:20:47,706 - INFO - Fetching demand_baleares for 2015-05
2026-08-24 21:20:50,278 - INFO - Fetching demand_baleares for 2015-06
2026-08-24 21:20:52,765 - INFO - Fetching demand_baleares for 2015-07
2026-08-24 21:20:55,796 - INFO - Fetching demand_baleares for 2015-08
2026-08-24 21:20:58,289 - INFO - Fetching demand_baleares for 2015-09
2026-08-24 21:21:00,740 - INFO - Fetching demand_baleares for 2015-10
2026-08-24 21:21:03,812 - INFO - Fetching demand_baleares for 2015-11
2026-08-24 21:21:06,984 - INFO - Fetching demand_baleares for 2015-12
2026-08-24 21:21:09,827 - INFO - Fetching demand_baleares for 2016-01
2026-08-24 21:21:12,298 - INFO - Fetching demand_baleares for 2016-02
2026-08-24 21:21:15,297 - INFO - Fetching demand_baleares for 2016-03
2026-08-24 21:21:18,421 - INFO - Fetching demand_baleares for 2016-04
2026-08-24 21:21:20,805 - INFO - Fetching demand_baleares for 2016-05
2026-08-24 21:21:23,121 - INFO - Fetching demand_baleares for 2016-06
2026-08-24 21:21:26,209 - INFO - Fetching demand_baleares for 2016-07
2026-08-24 21:21:28,769 - INFO - Fetching demand_baleares for 2016-08
2026-08-24 21:21:31,655 - INFO - Fetching demand_baleares for 2016-09
2026-08-24 21:21:34,128 - INFO - Fetching demand_baleares for 2016-10
2026-08-24 21:21:36,808 - INFO - Fetching demand_baleares for 2016-11
2026-08-24 21:21:39,275 - INFO - Fetching demand_baleares for 2016-12
2026-08-24 21:21:40,614 - ERROR - Error for indicator 10244: [WinError 10054] An existing connection was forcibly closed by the remote host. Retrying in 2s...
2026-08-24 21:21:44,608 - INFO - Fetching demand_baleares for 2017-01
2026-08-24 21:21:47,156 - INFO - Fetching demand_baleares for 2017-02
2026-08-24 21:21:49,921 - INFO - Fetching demand_baleares for 2017-03
2026-08-24 21:21:52,285 - INFO - Fetching demand_baleares for 2017-04
2026-08-24 21:21:54,779 - INFO - Fetching demand_baleares for 2017-05
2026-08-24 21:22:00,410 - INFO - Fetching demand_baleares for 2017-06
2026-08-24 21:22:02,927 - INFO - Fetching demand_baleares for 2017-07
2026-08-24 21:22:05,428 - INFO - Fetching demand_baleares for 2017-08
2026-08-24 21:22:09,711 - INFO - Fetching demand_baleares for 2017-09
2026-08-24 21:22:12,048 - INFO - Fetching demand_baleares for 2017-10
2026-08-24 21:22:14,779 - INFO - Fetching demand_baleares for 2017-11
2026-08-24 21:22:17,923 - INFO - Fetching demand_baleares for 2017-12
2026-08-24 21:22:20,802 - INFO - Fetching demand_baleares for 2018-01
2026-08-24 21:22:23,161 - INFO - Fetching demand_baleares for 2018-02
2026-08-24 21:22:25,778 - INFO - Fetching demand_baleares for 2018-03
2026-08-24 21:22:28,577 - INFO - Fetching demand_baleares for 2018-04
2026-08-24 21:22:31,059 - INFO - Fetching demand_baleares for 2018-05
2026-08-24 21:22:34,003 - INFO - Fetching demand_baleares for 2018-06
2026-08-24 21:22:36,427 - INFO - Fetching demand_baleares for 2018-07
2026-08-24 21:22:38,962 - INFO - Fetching demand_baleares for 2018-08
2026-08-24 21:22:41,616 - INFO - Fetching demand_baleares for 2018-09
2026-08-24 21:22:44,324 - INFO - Fetching demand_baleares for 2018-10
2026-08-24 21:22:46,768 - INFO - Fetching demand_baleares for 2018-11
2026-08-24 21:22:49,191 - INFO - Fetching demand_baleares for 2018-12
2026-08-24 21:22:51,195 - INFO - Fetching demand_baleares for 2019-01
2026-08-24 21:22:53,749 - INFO - Fetching demand_baleares for 2019-02
2026-08-24 21:22:56,048 - INFO - Fetching demand_baleares for 2019-03
2026-08-24 21:22:58,286 - INFO - Fetching demand_baleares for 2019-04
2026-08-24 21:23:00,478 - INFO - Fetching demand_baleares for 2019-05
2026-08-24 21:23:02,666 - INFO - Fetching demand_baleares for 2019-06
2026-08-24 21:23:04,910 - INFO - Fetching demand_baleares for 2019-07
2026-08-24 21:23:07,267 - INFO - Fetching demand_baleares for 2019-08
2026-08-24 21:23:10,439 - INFO - Fetching demand_baleares for 2019-09
2026-08-24 21:23:12,799 - INFO - Fetching demand_baleares for 2019-10
2026-08-24 21:23:14,948 - INFO - Fetching demand_baleares for 2019-11
2026-08-24 21:23:16,993 - INFO - Fetching demand_baleares for 2019-12
2026-08-24 21:23:19,654 - INFO - Fetching demand_baleares for 2020-01
2026-08-24 21:23:21,696 - INFO - Fetching demand_baleares for 2020-02
2026-08-24 21:23:23,983 - INFO - Fetching demand_baleares for 2020-03
2026-08-24 21:23:26,413 - INFO - Fetching demand_baleares for 2020-04
2026-08-24 21:23:28,567 - INFO - Fetching demand_baleares for 2020-05
2026-08-24 21:23:30,954 - INFO - Fetching demand_baleares for 2020-06
2026-08-24 21:23:34,498 - INFO - Fetching demand_baleares for 2020-07
2026-08-24 21:23:36,819 - INFO - Fetching demand_baleares for 2020-08
2026-08-24 21:23:38,992 - INFO - Fetching demand_baleares for 2020-09
2026-08-24 21:23:41,466 - INFO - Fetching demand_baleares for 2020-10
2026-08-24 21:23:43,851 - INFO - Fetching demand_baleares for 2020-11
2026-08-24 21:23:45,990 - INFO - Fetching demand_baleares for 2020-12
2026-08-24 21:23:50,988 - INFO - Fetching demand_baleares for 2021-01
2026-08-24 21:23:53,550 - INFO - Fetching demand_baleares for 2021-02
2026-08-24 21:23:55,699 - INFO - Fetching demand_baleares for 2021-03
2026-08-24 21:23:57,849 - INFO - Fetching demand_baleares for 2021-04
2026-08-24 21:24:11,779 - INFO - Fetching demand_baleares for 2021-05
2026-08-24 21:24:14,131 - INFO - Fetching demand_baleares for 2021-06
2026-08-24 21:24:17,726 - INFO - Fetching demand_baleares for 2021-07
2026-08-24 21:24:20,275 - INFO - Fetching demand_baleares for 2021-08
2026-08-24 21:24:22,555 - INFO - Fetching demand_baleares for 2021-09
2026-08-24 21:24:26,112 - INFO - Fetching demand_baleares for 2021-10
2026-08-24 21:24:28,470 - INFO - Fetching demand_baleares for 2021-11
2026-08-24 21:24:30,516 - INFO - Fetching demand_baleares for 2021-12
2026-08-24 21:24:32,748 - INFO - Fetching demand_baleares for 2022-01
2026-08-24 21:24:34,921 - INFO - Fetching demand_baleares for 2022-02
2026-08-24 21:24:37,376 - INFO - Fetching demand_baleares for 2022-03
2026-08-24 21:24:39,668 - INFO - Fetching demand_baleares for 2022-04
2026-08-24 21:24:42,626 - INFO - Fetching demand_baleares for 2022-05
2026-08-24 21:24:45,058 - INFO - Fetching demand_baleares for 2022-06
2026-08-24 21:24:47,194 - INFO - Fetching demand_baleares for 2022-07
2026-08-24 21:24:49,564 - INFO - Fetching demand_baleares for 2022-08
2026-08-24 21:24:51,815 - INFO - Fetching demand_baleares for 2022-09
2026-08-24 21:24:53,952 - INFO - Fetching demand_baleares for 2022-10
2026-08-24 21:24:56,040 - INFO - Fetching demand_baleares for 2022-11
2026-08-24 21:24:58,399 - INFO - Fetching demand_baleares for 2022-12
2026-08-24 21:25:00,377 - INFO - Fetching demand_baleares for 2023-01
2026-08-24 21:25:02,360 - INFO - Fetching demand_baleares for 2023-02
2026-08-24 21:25:04,556 - INFO - Fetching demand_baleares for 2023-03
2026-08-24 21:25:06,752 - INFO - Fetching demand_baleares for 2023-04
2026-08-24 21:25:08,898 - INFO - Fetching demand_baleares for 2023-05
2026-08-24 21:25:11,174 - INFO - Fetching demand_baleares for 2023-06
2026-08-24 21:25:13,657 - INFO - Fetching demand_baleares for 2023-07
2026-08-24 21:25:16,050 - INFO - Fetching demand_baleares for 2023-08
2026-08-24 21:25:18,484 - INFO - Fetching demand_baleares for 2023-09
2026-08-24 21:25:20,687 - INFO - Fetching demand_baleares for 2023-10
2026-08-24 21:25:23,221 - INFO - Fetching demand_baleares for 2023-11
2026-08-24 21:25:25,457 - INFO - Fetching demand_baleares for 2023-12
2026-08-24 21:25:27,765 - INFO - Fetching demand_baleares for 2024-01
2026-08-24 21:25:30,046 - INFO - Fetching demand_baleares for 2024-02
2026-08-24 21:25:32,429 - INFO - Fetching demand_baleares for 2024-03
2026-08-24 21:25:34,554 - INFO - Fetching demand_baleares for 2024-04
2026-08-24 21:25:36,890 - INFO - Fetching demand_baleares for 2024-05
2026-08-24 21:25:39,345 - INFO - Fetching demand_baleares for 2024-06
2026-08-24 21:25:41,492 - INFO - Fetching demand_baleares for 2024-07
2026-08-24 21:25:43,632 - INFO - Fetching demand_baleares for 2024-08
2026-08-24 21:25:46,192 - INFO - Fetching demand_baleares for 2024-09
2026-08-24 21:25:49,264 - INFO - Fetching demand_baleares for 2024-10
2026-08-24 21:25:51,824 - INFO - Fetching demand_baleares for 2024-11
2026-08-24 21:25:54,815 - INFO - Fetching demand_baleares for 2024-12
2026-08-24 21:25:56,939 - INFO - Fetching demand_baleares for 2025-01
2026-08-24 21:25:59,225 - INFO - Fetching demand_baleares for 2025-02
2026-08-24 21:26:01,446 - INFO - Fetching demand_baleares for 2025-03
2026-08-24 21:26:03,906 - INFO - Fetching demand_baleares for 2025-04
2026-08-24 21:26:06,472 - INFO - Fetching demand_baleares for 2025-05
2026-08-24 21:26:08,516 - INFO - Fetching demand_baleares for 2025-06
2026-08-24 21:26:11,383 - INFO - Fetching demand_baleares for 2025-07
2026-08-24 21:26:14,045 - INFO - Fetching demand_baleares for 2025-08
2026-08-24 21:26:16,503 - INFO - Fetching demand_baleares for 2025-09
2026-08-24 21:26:18,857 - INFO - Fetching demand_baleares for 2025-10
2026-08-24 21:26:21,419 - INFO - Fetching demand_baleares for 2025-11
2026-08-24 21:26:23,569 - INFO - Fetching demand_baleares for 2025-12
2026-08-24 21:26:27,553 - INFO - Saved 130752 records to data/processed/grid_telemetry\demand_baleares.csv
2026-08-24 21:26:27,556 - INFO - --- Starting download for demand_canarias (ID: 10243) ---
2026-08-24 21:26:27,600 - INFO - Fetching demand_canarias for 2015-01
2026-08-24 21:26:32,088 - INFO - Fetching demand_canarias for 2015-02
2026-08-24 21:26:36,165 - INFO - Fetching demand_canarias for 2015-03
2026-08-24 21:26:40,570 - INFO - Fetching demand_canarias for 2015-04
2026-08-24 21:26:44,833 - INFO - Fetching demand_canarias for 2015-05
2026-08-24 21:26:49,957 - INFO - Fetching demand_canarias for 2015-06
2026-08-24 21:26:54,399 - INFO - Fetching demand_canarias for 2015-07
2026-08-24 21:26:58,483 - INFO - Fetching demand_canarias for 2015-08
2026-08-24 21:27:04,374 - INFO - Fetching demand_canarias for 2015-09
2026-08-24 21:27:09,698 - INFO - Fetching demand_canarias for 2015-10
2026-08-24 21:27:15,024 - INFO - Fetching demand_canarias for 2015-11
2026-08-24 21:27:24,239 - INFO - Fetching demand_canarias for 2015-12
2026-08-24 21:27:33,629 - INFO - Fetching demand_canarias for 2016-01
2026-08-24 21:27:38,119 - INFO - Fetching demand_canarias for 2016-02
2026-08-24 21:27:41,963 - INFO - Fetching demand_canarias for 2016-03
2026-08-24 21:27:51,987 - INFO - Fetching demand_canarias for 2016-04
2026-08-24 21:27:56,044 - INFO - Fetching demand_canarias for 2016-05
2026-08-24 21:28:04,615 - INFO - Fetching demand_canarias for 2016-06
2026-08-24 21:28:09,036 - INFO - Fetching demand_canarias for 2016-07
2026-08-24 21:28:13,923 - INFO - Fetching demand_canarias for 2016-08
2026-08-24 21:28:18,026 - INFO - Fetching demand_canarias for 2016-09
2026-08-24 21:28:22,699 - INFO - Fetching demand_canarias for 2016-10
2026-08-24 21:28:26,972 - INFO - Fetching demand_canarias for 2016-11
2026-08-24 21:28:31,706 - INFO - Fetching demand_canarias for 2016-12
2026-08-24 21:28:34,558 - ERROR - Error for indicator 10243: [WinError 10054] An existing connection was forcibly closed by the remote host. Retrying in 2s...
2026-08-24 21:28:39,777 - INFO - Fetching demand_canarias for 2017-01
2026-08-24 21:28:49,472 - INFO - Fetching demand_canarias for 2017-02
2026-08-24 21:28:56,785 - INFO - Fetching demand_canarias for 2017-03
2026-08-24 21:29:01,083 - INFO - Fetching demand_canarias for 2017-04
2026-08-24 21:29:05,169 - INFO - Fetching demand_canarias for 2017-05
2026-08-24 21:29:09,292 - INFO - Fetching demand_canarias for 2017-06
2026-08-24 21:29:15,442 - INFO - Fetching demand_canarias for 2017-07
2026-08-24 21:29:25,866 - INFO - Fetching demand_canarias for 2017-08
2026-08-24 21:29:31,234 - INFO - Fetching demand_canarias for 2017-09
2026-08-24 21:29:35,072 - INFO - Fetching demand_canarias for 2017-10
2026-08-24 21:29:40,480 - INFO - Fetching demand_canarias for 2017-11
2026-08-24 21:29:44,836 - INFO - Fetching demand_canarias for 2017-12
2026-08-24 21:29:49,703 - INFO - Fetching demand_canarias for 2018-01
2026-08-24 21:29:54,379 - INFO - Fetching demand_canarias for 2018-02
2026-08-24 21:29:59,213 - INFO - Fetching demand_canarias for 2018-03
2026-08-24 21:30:03,533 - INFO - Fetching demand_canarias for 2018-04
2026-08-24 21:30:07,652 - INFO - Fetching demand_canarias for 2018-05
2026-08-24 21:30:12,049 - INFO - Fetching demand_canarias for 2018-06
2026-08-24 21:30:16,555 - INFO - Fetching demand_canarias for 2018-07
2026-08-24 21:30:27,194 - INFO - Fetching demand_canarias for 2018-08
2026-08-24 21:30:31,254 - INFO - Fetching demand_canarias for 2018-09
2026-08-24 21:30:35,422 - INFO - Fetching demand_canarias for 2018-10
2026-08-24 21:30:42,238 - INFO - Fetching demand_canarias for 2018-11
2026-08-24 21:31:04,487 - INFO - Fetching demand_canarias for 2018-12
2026-08-24 21:31:08,652 - INFO - Fetching demand_canarias for 2019-01
2026-08-24 21:31:12,891 - INFO - Fetching demand_canarias for 2019-02
2026-08-24 21:31:16,764 - INFO - Fetching demand_canarias for 2019-03
2026-08-24 21:31:22,150 - INFO - Fetching demand_canarias for 2019-04
2026-08-24 21:31:26,403 - INFO - Fetching demand_canarias for 2019-05
2026-08-24 21:31:31,476 - INFO - Fetching demand_canarias for 2019-06
2026-08-24 21:31:37,302 - INFO - Fetching demand_canarias for 2019-07
2026-08-24 21:31:42,249 - INFO - Fetching demand_canarias for 2019-08
2026-08-24 21:31:47,485 - INFO - Fetching demand_canarias for 2019-09
2026-08-24 21:31:51,556 - INFO - Fetching demand_canarias for 2019-10
2026-08-24 21:31:55,854 - INFO - Fetching demand_canarias for 2019-11
2026-08-24 21:32:02,034 - INFO - Fetching demand_canarias for 2019-12
2026-08-24 21:32:06,265 - INFO - Fetching demand_canarias for 2020-01
2026-08-24 21:32:10,283 - INFO - Fetching demand_canarias for 2020-02
2026-08-24 21:32:14,401 - INFO - Fetching demand_canarias for 2020-03
2026-08-24 21:32:19,248 - INFO - Fetching demand_canarias for 2020-04
2026-08-24 21:32:24,743 - INFO - Fetching demand_canarias for 2020-05
2026-08-24 21:32:29,055 - INFO - Fetching demand_canarias for 2020-06
2026-08-24 21:32:33,994 - INFO - Fetching demand_canarias for 2020-07
2026-08-24 21:32:41,486 - INFO - Fetching demand_canarias for 2020-08
2026-08-24 21:32:45,969 - INFO - Fetching demand_canarias for 2020-09
2026-08-24 21:32:51,768 - INFO - Fetching demand_canarias for 2020-10
2026-08-24 21:32:57,217 - INFO - Fetching demand_canarias for 2020-11
2026-08-24 21:33:01,577 - INFO - Fetching demand_canarias for 2020-12
2026-08-24 21:33:05,806 - INFO - Fetching demand_canarias for 2021-01
2026-08-24 21:33:10,180 - INFO - Fetching demand_canarias for 2021-02
2026-08-24 21:33:13,995 - INFO - Fetching demand_canarias for 2021-03
2026-08-24 21:33:19,028 - INFO - Fetching demand_canarias for 2021-04
2026-08-24 21:33:23,648 - INFO - Fetching demand_canarias for 2021-05
2026-08-24 21:33:28,075 - INFO - Fetching demand_canarias for 2021-06
2026-08-24 21:33:32,158 - INFO - Fetching demand_canarias for 2021-07
2026-08-24 21:33:36,394 - INFO - Fetching demand_canarias for 2021-08
2026-08-24 21:33:40,805 - INFO - Fetching demand_canarias for 2021-09
2026-08-24 21:33:44,578 - INFO - Fetching demand_canarias for 2021-10
2026-08-24 21:33:49,404 - INFO - Fetching demand_canarias for 2021-11
2026-08-24 21:33:54,002 - INFO - Fetching demand_canarias for 2021-12
2026-08-24 21:34:13,614 - WARNING - HTTP 500 for indicator 10243. Retrying in 2s...
2026-08-24 21:34:16,170 - WARNING - HTTP 500 for indicator 10243. Retrying in 4s...
2026-08-24 21:34:20,679 - WARNING - HTTP 500 for indicator 10243. Retrying in 8s...
2026-08-24 21:34:33,818 - INFO - Fetching demand_canarias for 2022-01
2026-08-24 21:34:39,005 - INFO - Fetching demand_canarias for 2022-02
2026-08-24 21:34:43,139 - INFO - Fetching demand_canarias for 2022-03
2026-08-24 21:34:47,196 - INFO - Fetching demand_canarias for 2022-04
2026-08-24 21:34:51,505 - INFO - Fetching demand_canarias for 2022-05
2026-08-24 21:34:55,469 - INFO - Fetching demand_canarias for 2022-06
2026-08-24 21:35:00,055 - INFO - Fetching demand_canarias for 2022-07
2026-08-24 21:35:05,029 - INFO - Fetching demand_canarias for 2022-08
2026-08-24 21:35:09,242 - INFO - Fetching demand_canarias for 2022-09
2026-08-24 21:35:13,040 - INFO - Fetching demand_canarias for 2022-10
2026-08-24 21:35:17,171 - INFO - Fetching demand_canarias for 2022-11
2026-08-24 21:35:21,105 - INFO - Fetching demand_canarias for 2022-12
2026-08-24 21:35:25,032 - INFO - Fetching demand_canarias for 2023-01
2026-08-24 21:35:30,555 - INFO - Fetching demand_canarias for 2023-02
2026-08-24 21:35:34,763 - INFO - Fetching demand_canarias for 2023-03
2026-08-24 21:35:39,307 - INFO - Fetching demand_canarias for 2023-04
2026-08-24 21:35:44,124 - INFO - Fetching demand_canarias for 2023-05
2026-08-24 21:35:48,362 - INFO - Fetching demand_canarias for 2023-06
2026-08-24 21:35:52,844 - INFO - Fetching demand_canarias for 2023-07
2026-08-24 21:35:57,354 - INFO - Fetching demand_canarias for 2023-08
2026-08-24 21:36:01,219 - INFO - Fetching demand_canarias for 2023-09
2026-08-24 21:36:05,262 - INFO - Fetching demand_canarias for 2023-10
2026-08-24 21:36:11,982 - INFO - Fetching demand_canarias for 2023-11
2026-08-24 21:36:17,324 - INFO - Fetching demand_canarias for 2023-12
2026-08-24 21:36:22,106 - INFO - Fetching demand_canarias for 2024-01
2026-08-24 21:36:26,590 - INFO - Fetching demand_canarias for 2024-02
2026-08-24 21:36:32,445 - INFO - Fetching demand_canarias for 2024-03
2026-08-24 21:36:37,304 - INFO - Fetching demand_canarias for 2024-04
2026-08-24 21:36:42,967 - INFO - Fetching demand_canarias for 2024-05
2026-08-24 21:37:04,297 - INFO - Fetching demand_canarias for 2024-06
2026-08-24 21:37:09,400 - INFO - Fetching demand_canarias for 2024-07
2026-08-24 21:37:13,830 - INFO - Fetching demand_canarias for 2024-08
2026-08-24 21:37:19,817 - INFO - Fetching demand_canarias for 2024-09
2026-08-24 21:37:26,257 - INFO - Fetching demand_canarias for 2024-10
2026-08-24 21:37:31,964 - INFO - Fetching demand_canarias for 2024-11
2026-08-24 21:37:37,622 - INFO - Fetching demand_canarias for 2024-12
2026-08-24 21:37:42,354 - INFO - Fetching demand_canarias for 2025-01
2026-08-24 21:37:46,258 - INFO - Fetching demand_canarias for 2025-02
2026-08-24 21:37:50,274 - INFO - Fetching demand_canarias for 2025-03
2026-08-24 21:37:55,382 - INFO - Fetching demand_canarias for 2025-04
2026-08-24 21:38:00,744 - INFO - Fetching demand_canarias for 2025-05
2026-08-24 21:38:05,184 - INFO - Fetching demand_canarias for 2025-06
2026-08-24 21:38:10,682 - INFO - Fetching demand_canarias for 2025-07
2026-08-24 21:38:14,908 - INFO - Fetching demand_canarias for 2025-08
2026-08-24 21:38:20,142 - INFO - Fetching demand_canarias for 2025-09
2026-08-24 21:38:24,407 - INFO - Fetching demand_canarias for 2025-10
2026-08-24 21:38:29,713 - INFO - Fetching demand_canarias for 2025-11
2026-08-24 21:38:34,503 - INFO - Fetching demand_canarias for 2025-12
2026-08-24 21:38:40,516 - INFO - Saved 578590 records to data/processed/grid_telemetry\demand_canarias.csv
2026-08-24 21:38:40,524 - INFO - --- Starting download for demand_ccaa_monthly (ID: 10339) ---
2026-08-24 21:38:40,528 - INFO - Fetching demand_ccaa_monthly for 2015-01
2026-08-24 21:38:42,417 - INFO - Fetching demand_ccaa_monthly for 2015-02
2026-08-24 21:38:44,261 - INFO - Fetching demand_ccaa_monthly for 2015-03
2026-08-24 21:38:46,208 - INFO - Fetching demand_ccaa_monthly for 2015-04
2026-08-24 21:38:48,089 - INFO - Fetching demand_ccaa_monthly for 2015-05
2026-08-24 21:38:49,993 - INFO - Fetching demand_ccaa_monthly for 2015-06
2026-08-24 21:38:51,850 - INFO - Fetching demand_ccaa_monthly for 2015-07
2026-08-24 21:38:53,784 - INFO - Fetching demand_ccaa_monthly for 2015-08
2026-08-24 21:38:55,730 - INFO - Fetching demand_ccaa_monthly for 2015-09
2026-08-24 21:38:57,474 - INFO - Fetching demand_ccaa_monthly for 2015-10
2026-08-24 21:38:59,416 - INFO - Fetching demand_ccaa_monthly for 2015-11
2026-08-24 21:39:01,359 - INFO - Fetching demand_ccaa_monthly for 2015-12
2026-08-24 21:39:03,106 - INFO - Fetching demand_ccaa_monthly for 2016-01
2026-08-24 21:39:05,045 - INFO - Fetching demand_ccaa_monthly for 2016-02
2026-08-24 21:39:06,993 - INFO - Fetching demand_ccaa_monthly for 2016-03
2026-08-24 21:39:08,845 - INFO - Fetching demand_ccaa_monthly for 2016-04
2026-08-24 21:39:10,888 - INFO - Fetching demand_ccaa_monthly for 2016-05
2026-08-24 21:39:12,745 - INFO - Fetching demand_ccaa_monthly for 2016-06
2026-08-24 21:39:14,675 - INFO - Fetching demand_ccaa_monthly for 2016-07
2026-08-24 21:39:16,624 - INFO - Fetching demand_ccaa_monthly for 2016-08
2026-08-24 21:39:18,473 - INFO - Fetching demand_ccaa_monthly for 2016-09
2026-08-24 21:39:20,307 - INFO - Fetching demand_ccaa_monthly for 2016-10
2026-08-24 21:39:22,255 - INFO - Fetching demand_ccaa_monthly for 2016-11
2026-08-24 21:39:24,300 - INFO - Fetching demand_ccaa_monthly for 2016-12
2026-08-24 21:39:26,038 - INFO - Fetching demand_ccaa_monthly for 2017-01
2026-08-24 21:39:27,782 - INFO - Fetching demand_ccaa_monthly for 2017-02
2026-08-24 21:39:29,589 - INFO - Fetching demand_ccaa_monthly for 2017-03
2026-08-24 21:39:31,672 - INFO - Fetching demand_ccaa_monthly for 2017-04
2026-08-24 21:39:33,517 - INFO - Fetching demand_ccaa_monthly for 2017-05
2026-08-24 21:39:35,474 - INFO - Fetching demand_ccaa_monthly for 2017-06
2026-08-24 21:39:37,402 - INFO - Fetching demand_ccaa_monthly for 2017-07
2026-08-24 21:39:39,252 - INFO - Fetching demand_ccaa_monthly for 2017-08
2026-08-24 21:39:41,131 - INFO - Fetching demand_ccaa_monthly for 2017-09
2026-08-24 21:39:43,039 - INFO - Fetching demand_ccaa_monthly for 2017-10
2026-08-24 21:39:44,901 - INFO - Fetching demand_ccaa_monthly for 2017-11
2026-08-24 21:39:46,625 - INFO - Fetching demand_ccaa_monthly for 2017-12
2026-08-24 21:39:48,468 - INFO - Fetching demand_ccaa_monthly for 2018-01
2026-08-24 21:39:50,207 - INFO - Fetching demand_ccaa_monthly for 2018-02
2026-08-24 21:39:52,154 - INFO - Fetching demand_ccaa_monthly for 2018-03
2026-08-24 21:39:53,895 - INFO - Fetching demand_ccaa_monthly for 2018-04
2026-08-24 21:39:55,671 - INFO - Fetching demand_ccaa_monthly for 2018-05
2026-08-24 21:39:57,477 - INFO - Fetching demand_ccaa_monthly for 2018-06
2026-08-24 21:39:59,526 - INFO - Fetching demand_ccaa_monthly for 2018-07
2026-08-24 21:40:01,577 - INFO - Fetching demand_ccaa_monthly for 2018-08
2026-08-24 21:40:03,625 - INFO - Fetching demand_ccaa_monthly for 2018-09
2026-08-24 21:40:05,568 - INFO - Fetching demand_ccaa_monthly for 2018-10
2026-08-24 21:40:07,451 - INFO - Fetching demand_ccaa_monthly for 2018-11
2026-08-24 21:40:09,258 - INFO - Fetching demand_ccaa_monthly for 2018-12
2026-08-24 21:40:11,201 - INFO - Fetching demand_ccaa_monthly for 2019-01
2026-08-24 21:40:13,146 - INFO - Fetching demand_ccaa_monthly for 2019-02
2026-08-24 21:40:14,989 - INFO - Fetching demand_ccaa_monthly for 2019-03
2026-08-24 21:40:16,833 - INFO - Fetching demand_ccaa_monthly for 2019-04
2026-08-24 21:40:18,676 - INFO - Fetching demand_ccaa_monthly for 2019-05
2026-08-24 21:40:20,594 - INFO - Fetching demand_ccaa_monthly for 2019-06
2026-08-24 21:40:22,498 - INFO - Fetching demand_ccaa_monthly for 2019-07
2026-08-24 21:40:24,458 - INFO - Fetching demand_ccaa_monthly for 2019-08
2026-08-24 21:40:26,245 - INFO - Fetching demand_ccaa_monthly for 2019-09
2026-08-24 21:40:28,205 - INFO - Fetching demand_ccaa_monthly for 2019-10
2026-08-24 21:40:30,115 - INFO - Fetching demand_ccaa_monthly for 2019-11
2026-08-24 21:40:31,984 - INFO - Fetching demand_ccaa_monthly for 2019-12
2026-08-24 21:40:33,937 - INFO - Fetching demand_ccaa_monthly for 2020-01
2026-08-24 21:40:36,287 - INFO - Fetching demand_ccaa_monthly for 2020-02
2026-08-24 21:40:38,339 - INFO - Fetching demand_ccaa_monthly for 2020-03
2026-08-24 21:40:40,284 - INFO - Fetching demand_ccaa_monthly for 2020-04
2026-08-24 21:40:42,332 - INFO - Fetching demand_ccaa_monthly for 2020-05
2026-08-24 21:40:44,275 - INFO - Fetching demand_ccaa_monthly for 2020-06
2026-08-24 21:40:46,224 - INFO - Fetching demand_ccaa_monthly for 2020-07
2026-08-24 21:40:48,065 - INFO - Fetching demand_ccaa_monthly for 2020-08
2026-08-24 21:40:49,910 - INFO - Fetching demand_ccaa_monthly for 2020-09
2026-08-24 21:40:51,856 - INFO - Fetching demand_ccaa_monthly for 2020-10
2026-08-24 21:40:53,597 - INFO - Fetching demand_ccaa_monthly for 2020-11
2026-08-24 21:40:55,391 - INFO - Fetching demand_ccaa_monthly for 2020-12
2026-08-24 21:40:57,383 - INFO - Fetching demand_ccaa_monthly for 2021-01
2026-08-24 21:40:59,332 - INFO - Fetching demand_ccaa_monthly for 2021-02
2026-08-24 21:41:01,380 - INFO - Fetching demand_ccaa_monthly for 2021-03
2026-08-24 21:41:03,102 - INFO - Fetching demand_ccaa_monthly for 2021-04
2026-08-24 21:41:04,865 - INFO - Fetching demand_ccaa_monthly for 2021-05
2026-08-24 21:41:06,703 - INFO - Fetching demand_ccaa_monthly for 2021-06
2026-08-24 21:41:08,546 - INFO - Fetching demand_ccaa_monthly for 2021-07
2026-08-24 21:41:10,391 - INFO - Fetching demand_ccaa_monthly for 2021-08
2026-08-24 21:41:12,333 - INFO - Fetching demand_ccaa_monthly for 2021-09
2026-08-24 21:41:14,076 - INFO - Fetching demand_ccaa_monthly for 2021-10
2026-08-24 21:41:15,920 - INFO - Fetching demand_ccaa_monthly for 2021-11
2026-08-24 21:41:17,866 - INFO - Fetching demand_ccaa_monthly for 2021-12
2026-08-24 21:41:19,914 - INFO - Fetching demand_ccaa_monthly for 2022-01
2026-08-24 21:41:21,860 - INFO - Fetching demand_ccaa_monthly for 2022-02
2026-08-24 21:41:23,798 - INFO - Fetching demand_ccaa_monthly for 2022-03
2026-08-24 21:41:25,701 - INFO - Fetching demand_ccaa_monthly for 2022-04
2026-08-24 21:41:27,492 - INFO - Fetching demand_ccaa_monthly for 2022-05
2026-08-24 21:41:29,414 - INFO - Fetching demand_ccaa_monthly for 2022-06
2026-08-24 21:41:31,281 - INFO - Fetching demand_ccaa_monthly for 2022-07
2026-08-24 21:41:33,234 - INFO - Fetching demand_ccaa_monthly for 2022-08
2026-08-24 21:41:35,172 - INFO - Fetching demand_ccaa_monthly for 2022-09
2026-08-24 21:41:37,116 - INFO - Fetching demand_ccaa_monthly for 2022-10
2026-08-24 21:41:38,960 - INFO - Fetching demand_ccaa_monthly for 2022-11
2026-08-24 21:41:40,658 - INFO - Fetching demand_ccaa_monthly for 2022-12
2026-08-24 21:41:42,650 - INFO - Fetching demand_ccaa_monthly for 2023-01
2026-08-24 21:41:44,722 - INFO - Fetching demand_ccaa_monthly for 2023-02
2026-08-24 21:41:46,847 - INFO - Fetching demand_ccaa_monthly for 2023-03
2026-08-24 21:41:48,582 - INFO - Fetching demand_ccaa_monthly for 2023-04
2026-08-24 21:41:50,425 - INFO - Fetching demand_ccaa_monthly for 2023-05
2026-08-24 21:41:52,193 - INFO - Fetching demand_ccaa_monthly for 2023-06
2026-08-24 21:41:54,119 - INFO - Fetching demand_ccaa_monthly for 2023-07
2026-08-24 21:41:55,956 - INFO - Fetching demand_ccaa_monthly for 2023-08
2026-08-24 21:41:57,909 - INFO - Fetching demand_ccaa_monthly for 2023-09
2026-08-24 21:41:59,954 - INFO - Fetching demand_ccaa_monthly for 2023-10
2026-08-24 21:42:01,898 - INFO - Fetching demand_ccaa_monthly for 2023-11
2026-08-24 21:42:03,742 - INFO - Fetching demand_ccaa_monthly for 2023-12
2026-08-24 21:42:05,686 - INFO - Fetching demand_ccaa_monthly for 2024-01
2026-08-24 21:42:07,431 - INFO - Fetching demand_ccaa_monthly for 2024-02
2026-08-24 21:42:09,277 - INFO - Fetching demand_ccaa_monthly for 2024-03
2026-08-24 21:42:11,117 - INFO - Fetching demand_ccaa_monthly for 2024-04
2026-08-24 21:42:13,058 - INFO - Fetching demand_ccaa_monthly for 2024-05
2026-08-24 21:42:14,905 - INFO - Fetching demand_ccaa_monthly for 2024-06
2026-08-24 21:42:16,749 - INFO - Fetching demand_ccaa_monthly for 2024-07
2026-08-24 21:42:18,797 - INFO - Fetching demand_ccaa_monthly for 2024-08
2026-08-24 21:42:20,580 - INFO - Fetching demand_ccaa_monthly for 2024-09
2026-08-24 21:42:22,485 - INFO - Fetching demand_ccaa_monthly for 2024-10
2026-08-24 21:42:24,428 - INFO - Fetching demand_ccaa_monthly for 2024-11
2026-08-24 21:42:26,272 - INFO - Fetching demand_ccaa_monthly for 2024-12
2026-08-24 21:42:28,116 - INFO - Fetching demand_ccaa_monthly for 2025-01
2026-08-24 21:42:29,961 - INFO - Fetching demand_ccaa_monthly for 2025-02
2026-08-24 21:42:32,106 - INFO - Fetching demand_ccaa_monthly for 2025-03
2026-08-24 21:42:34,053 - INFO - Fetching demand_ccaa_monthly for 2025-04
2026-08-24 21:42:35,998 - INFO - Fetching demand_ccaa_monthly for 2025-05
2026-08-24 21:42:38,046 - INFO - Fetching demand_ccaa_monthly for 2025-06
2026-08-24 21:42:39,993 - INFO - Fetching demand_ccaa_monthly for 2025-07
2026-08-24 21:42:41,838 - INFO - Fetching demand_ccaa_monthly for 2025-08
2026-08-24 21:42:52,249 - INFO - Fetching demand_ccaa_monthly for 2025-09
2026-08-24 21:42:52,432 - ERROR - Error for indicator 10339: <urlopen error [Errno 11001] getaddrinfo failed>. Retrying in 2s...
2026-08-24 21:42:54,433 - ERROR - Error for indicator 10339: <urlopen error [Errno 11001] getaddrinfo failed>. Retrying in 4s...
2026-08-24 21:46:42,718 - ERROR - Error for indicator 10339: <urlopen error [Errno 11001] getaddrinfo failed>. Retrying in 8s...
2026-08-24 21:46:50,719 - ERROR - Error for indicator 10339: <urlopen error [Errno 11001] getaddrinfo failed>. Retrying in 16s...
2026-08-24 21:47:08,589 - INFO - Fetching demand_ccaa_monthly for 2025-10
2026-08-24 21:47:10,434 - INFO - Fetching demand_ccaa_monthly for 2025-11
2026-08-24 21:47:12,283 - INFO - Fetching demand_ccaa_monthly for 2025-12
2026-08-24 21:47:14,150 - INFO - Saved 2508 records to data/processed/grid_telemetry\demand_ccaa_monthly.csv
2026-08-24 21:47:14,153 - INFO - Pipeline complete.
